entry_id,source,formula,space_group_number,K_eff_MJ_per_m3,mu0_Ms_T,easy_axis_label,in_classification_set,in_regression_set,cif_file
mp-67,MP structure; K_eff from this work (DFT),Sc2,194,0.012958643,0.161,1,1,1,structures/mp-67.cif
mp-945,MP structure; K_eff from this work (DFT),Ni1Pt1,123,3.944055935,0.2868,1,1,1,structures/mp-945.cif
mp-1001836,MP structure; K_eff from this work (DFT),Mn1Ga1,123,2.319944773,1.2274,1,1,1,structures/mp-1001836.cif
mp-11516,MP structure; K_eff from this work (DFT),Nb1Ru1,221,0.0,0.0443,,0,1,structures/mp-11516.cif
mp-12110,MP structure; K_eff from this work (DFT),Ta1Ru1,221,0.0,0.1108,,0,1,structures/mp-12110.cif
mp-12675,MP structure; K_eff from this work (DFT),Mn1Au1,123,0.727389892,1.4306,1,1,1,structures/mp-12675.cif
mp-1526,MP structure; K_eff from this work (DFT),Ti1Hg1,123,0.572888515,0.1557,1,1,1,structures/mp-1526.cif
mp-1918,MP structure; K_eff from this work (DFT),Fe1Rh1,221,0.0,1.901,,0,1,structures/mp-1918.cif
mp-2831,MP structure; K_eff from this work (DFT),Fe1Pd1,123,1.516065263,0.7492,1,1,1,structures/mp-2831.cif
mp-13,MP structure; K_eff from this work (DFT),Fe2,229,0.0,1.3138,,0,1,structures/mp-13.cif
mp-417,MP structure; K_eff from this work (DFT),Mn1Rh1,221,0.0,1.7596,,0,1,structures/mp-417.cif
mp-2090,MP structure; K_eff from this work (DFT),Fe1Co1,221,0.0,2.464,,0,1,structures/mp-2090.cif
mp-585,MP structure; K_eff from this work (DFT),Mn1B2,191,-2.371395995,1.4259,0,1,0,structures/mp-585.cif
mp-374,MP structure; K_eff from this work (DFT),Cr1B2,191,0.897622693,0.5098,1,1,1,structures/mp-374.cif
mp-12798,MP structure; K_eff from this work (DFT),Ni3Pt1,221,0.0,0.7176,,0,1,structures/mp-12798.cif
mp-3702,MP structure; K_eff from this work (DFT),Fe1Cu1Pt2,123,5.218516958,0.8983,1,1,1,structures/mp-3702.cif
mp-1649,MP structure; K_eff from this work (DFT),Fe3Pt1,221,0.0,1.8525,,0,1,structures/mp-1649.cif
mp-20344,MP structure; K_eff from this work (DFT),Fe3Ge1,221,0.0,1.8583,,0,1,structures/mp-20344.cif
mp-23,MP structure; K_eff from this work (DFT),Ni4,225,0.0,0.7859,,0,1,structures/mp-23.cif
mp-2515,MP structure; K_eff from this work (DFT),Cr1Pt3,221,0.0,0.5771,,0,1,structures/mp-2515.cif
mp-372,MP structure; K_eff from this work (DFT),V1Pt3,221,0.0,0.2522,,0,1,structures/mp-372.cif
mp-10596,MP structure; K_eff from this work (DFT),Fe1Ir3,221,0.0,0.7957,,0,1,structures/mp-10596.cif
mp-2,MP structure; K_eff from this work (DFT),Pd4,225,0.0,0.2988,,0,1,structures/mp-2.cif
mp-20551,MP structure; K_eff from this work (DFT),Ga1Co2Ni1,123,0.169156792,0.7612,1,1,1,structures/mp-20551.cif
mp-554201,MP structure; K_eff from this work (DFT),Mo1F3,221,0.0,0.5059,,0,1,structures/mp-554201.cif
mp-570428,MP structure; K_eff from this work (DFT),Sc3In1,221,0.0,0.2431,,0,1,structures/mp-570428.cif
mp-22461,MP structure; K_eff from this work (DFT),Fe3Sn1,221,0.0,1.4079,,0,1,structures/mp-22461.cif
mp-10700,MP structure; K_eff from this work (DFT),Mg1Ni3C1,221,0.0,0.1221,,0,1,structures/mp-10700.cif
mp-20424,MP structure; K_eff from this work (DFT),Mg1Co3C1,221,0.0,0.4911,,0,1,structures/mp-20424.cif
mp-505622,MP structure; K_eff from this work (DFT),Mn4N1,221,0.0,2.5761,,0,1,structures/mp-505622.cif
mp-567703,MP structure; K_eff from this work (DFT),Fe3Ni1N1,221,0.0,1.7377,,0,1,structures/mp-567703.cif
mp-16334,MP structure; K_eff from this work (DFT),Fe3Pd1N1,221,0.0,1.8007,,0,1,structures/mp-16334.cif
mp-1077378,MP structure; K_eff from this work (DFT),Cs2Mn2P2,129,0.237902864,0.1078,1,1,1,structures/mp-1077378.cif
mp-12105,MP structure; K_eff from this work (DFT),Rb2O4,139,0.584152153,0.2019,1,1,1,structures/mp-12105.cif
mp-12743,MP structure; K_eff from this work (DFT),Cr1Te4Au1,10,0.563736471,0.2036,,0,1,structures/mp-12743.cif
mp-557523,MP structure; K_eff from this work (DFT),V2S4,194,0.000795868,0.0567,1,1,1,structures/mp-557523.cif
mp-774,MP structure; K_eff from this work (DFT),Ca1Ni5,191,0.984363661,0.3494,1,1,1,structures/mp-774.cif
mp-1866,MP structure; K_eff from this work (DFT),K2O4,139,0.516894586,0.2369,1,1,1,structures/mp-1866.cif
mp-20426,MP structure; K_eff from this work (DFT),Fe4As2,129,0.235977566,0.489,1,1,1,structures/mp-20426.cif
mp-20664,MP structure; K_eff from this work (DFT),Mn4Sb2,129,-0.254935902,0.7979,0,1,0,structures/mp-20664.cif
mp-22498,MP structure; K_eff from this work (DFT),Cr2Sb4,58,1.793913082,0.2487,,0,1,structures/mp-22498.cif
mp-1901,MP structure; K_eff from this work (DFT),Na2O4,58,0.023026304,0.1485,,0,1,structures/mp-1901.cif
mp-20714,MP structure; K_eff from this work (DFT),Fe2Sb4,58,0.29295053,0.1161,,0,1,structures/mp-20714.cif
mp-21471,MP structure; K_eff from this work (DFT),Li2Fe2As2,129,-0.020055344,0.3452,0,1,0,structures/mp-21471.cif
mp-510536,MP structure; K_eff from this work (DFT),Mo2O4,136,1.3546906,0.1701,1,1,1,structures/mp-510536.cif
mp-505803,MP structure; K_eff from this work (DFT),Mn2Fe2As2,129,-0.626557783,0.5771,0,1,0,structures/mp-505803.cif
mp-1005,MP structure; K_eff from this work (DFT),Fe4P4,62,0.328827596,0.0617,,0,1,structures/mp-1005.cif
mp-8365,MP structure; K_eff from this work (DFT),Mn4B4,62,0.569098299,0.3652,,0,1,structures/mp-8365.cif
mp-1205355,MP structure; K_eff from this work (DFT),Mo2Br6,193,-3.055818651,0.0786,0,1,0,structures/mp-1205355.cif
mp-19284,MP structure; K_eff from this work (DFT),Ni2Ag2O4,194,-0.813898309,0.1214,0,1,0,structures/mp-19284.cif
mp-2567,MP structure; K_eff from this work (DFT),V6Si2,223,0.0,0.0896,,0,1,structures/mp-2567.cif
mp-873,MP structure; K_eff from this work (DFT),V2Pd6,139,0.085255515,0.2509,1,1,1,structures/mp-873.cif
mp-1078584,MP structure; K_eff from this work (DFT),Mn6Ga2,194,-2.175046487,0.4721,0,1,0,structures/mp-1078584.cif
mp-13154,MP structure; K_eff from this work (DFT),Fe6C2,182,0.041324153,1.0007,1,1,1,structures/mp-13154.cif
mp-15650,MP structure; K_eff from this work (DFT),As4Ru4,62,0.0,0.0281,,0,1,structures/mp-15650.cif
mp-8994,MP structure; K_eff from this work (DFT),Rb2Nb1F6,164,-2.155760953,0.0773,0,1,0,structures/mp-8994.cif
mp-1079966,MP structure; K_eff from this work (DFT),Cr3Ni3P3,189,0.492977542,0.3311,1,1,1,structures/mp-1079966.cif
mp-248,MP structure; K_eff from this work (DFT),Fe6N3,162,-1.427642763,0.4135,0,1,0,structures/mp-248.cif
mp-10049,MP structure; K_eff from this work (DFT),Mn3As3Ru3,189,-0.712256722,0.349,0,1,0,structures/mp-10049.cif
mp-10445,MP structure; K_eff from this work (DFT),Sc6Fe1Te2,189,0.287486976,0.1204,1,1,1,structures/mp-10445.cif
mp-10446,MP structure; K_eff from this work (DFT),Sc6Ni1Te2,189,0.0,0.0553,1,1,1,structures/mp-10446.cif
mp-1079542,MP structure; K_eff from this work (DFT),Co3Ni3As3,189,-0.073015251,0.0094,0,1,0,structures/mp-1079542.cif
mp-778,MP structure; K_eff from this work (DFT),Fe6P3,189,3.814617531,0.3684,1,1,1,structures/mp-778.cif
mp-1078253,MP structure; K_eff from this work (DFT),Mn2B8,58,0.116156938,0.1106,,0,1,structures/mp-1078253.cif
mp-1010,MP structure; K_eff from this work (DFT),Mn2B8,71,0.006526176,0.2049,,0,1,structures/mp-1010.cif
mp-7892,MP structure; K_eff from this work (DFT),Mn4Al2B4,65,0.098505553,0.2474,,0,1,structures/mp-7892.cif
mp-11181,MP structure; K_eff from this work (DFT),Cs2Mn4P4,139,0.784431105,0.6746,1,1,1,structures/mp-11181.cif
mp-20683,MP structure; K_eff from this work (DFT),Cu6Se4,113,0.00269867,0.0397,1,1,1,structures/mp-20683.cif
mp-22962,MP structure; K_eff from this work (DFT),Cs2Ti2Br6,194,-0.317740238,0.0708,0,1,0,structures/mp-22962.cif
mp-28282,MP structure; K_eff from this work (DFT),Rb2Ti2Cl6,194,0.219343686,0.0527,1,1,1,structures/mp-28282.cif
mp-1103264,MP structure; K_eff from this work (DFT),Zr4V8,194,0.0,0.0093,1,1,1,structures/mp-1103264.cif
mp-20334,MP structure; K_eff from this work (DFT),Co2Cu4O6,59,1.445800371,0.2609,,0,1,structures/mp-20334.cif
mp-2666,MP structure; K_eff from this work (DFT),Cr4Sb8,140,-0.140547501,0.1922,0,1,0,structures/mp-2666.cif
mp-21325,MP structure; K_eff from this work (DFT),K4O8,15,0.059211266,0.102,,0,1,structures/mp-21325.cif
mp-30423,MP structure; K_eff from this work (DFT),V4Au8,63,0.503407612,0.2129,,0,1,structures/mp-30423.cif
mp-614,MP structure; K_eff from this work (DFT),Na4O8,205,0.001899567,0.0692,,0,1,structures/mp-614.cif
mp-1095679,MP structure; K_eff from this work (DFT),Cu4Br2O6,11,3.759351903,0.0645,,0,1,structures/mp-1095679.cif
mp-1102616,MP structure; K_eff from this work (DFT),Co8Ge4,62,0.247491373,0.1419,,0,1,structures/mp-1102616.cif
mp-19069,MP structure; K_eff from this work (DFT),Ni3Ag3O6,166,-0.690870205,0.2423,0,1,0,structures/mp-19069.cif
mp-11270,MP structure; K_eff from this work (DFT),Mn4Be8,194,-0.421683266,0.1559,0,1,0,structures/mp-11270.cif
mp-21893,MP structure; K_eff from this work (DFT),Mn4Te8,205,0.0,0.1692,,0,1,structures/mp-21893.cif
mp-2851,MP structure; K_eff from this work (DFT),V4Sb8,140,0.0,0.0613,1,1,1,structures/mp-2851.cif
mp-9630,MP structure; K_eff from this work (DFT),Tl3Cr3S6,160,-0.062331331,0.4217,0,1,0,structures/mp-9630.cif
mp-1025195,MP structure; K_eff from this work (DFT),Nb4V2Se8,12,0.010893241,0.1999,,0,1,structures/mp-1025195.cif
mp-568349,MP structure; K_eff from this work (DFT),Cr2Fe4Se8,12,0.878353192,0.6836,,0,1,structures/mp-568349.cif
mp-964,MP structure; K_eff from this work (DFT),Cr6S8,12,0.104564611,0.4816,,0,1,structures/mp-964.cif
mp-1025291,MP structure; K_eff from this work (DFT),Ti2Nb4Se8,12,0.0,0.0879,,0,1,structures/mp-1025291.cif
mp-30410,MP structure; K_eff from this work (DFT),Mn4Au10,12,0.305857986,0.8696,,0,1,structures/mp-30410.cif
mp-28375,MP structure; K_eff from this work (DFT),Ta2Ag1F12,2,0.036110714,0.0538,,0,1,structures/mp-28375.cif
mp-14653,MP structure; K_eff from this work (DFT),Ag1Sb2F12,2,0.125223163,0.0553,,0,1,structures/mp-14653.cif
mp-1025510,MP structure; K_eff from this work (DFT),Fe2Cu4Si2Se8,121,-0.951846774,0.2706,0,1,0,structures/mp-1025510.cif
mp-23294,MP structure; K_eff from this work (DFT),Ru4Br12,59,3.268618369,0.0113,,0,1,structures/mp-23294.cif
mp-10894,MP structure; K_eff from this work (DFT),Mn4Al4Rh8,225,0.0,0.9348,,0,1,structures/mp-10894.cif
mp-1188188,MP structure; K_eff from this work (DFT),Mn12C4,62,0.087121334,0.0411,,0,1,structures/mp-1188188.cif
mp-1806,MP structure; K_eff from this work (DFT),Rb4O12,14,0.00155958,0.0379,,0,1,structures/mp-1806.cif
mp-21469,MP structure; K_eff from this work (DFT),V4Co8Sn4,225,0.0,0.6408,,0,1,structures/mp-21469.cif
mp-1189507,MP structure; K_eff from this work (DFT),Cs4O12,14,0.009967085,0.033,,0,1,structures/mp-1189507.cif
mp-29973,MP structure; K_eff from this work (DFT),Sr8N8,12,0.001827272,0.0325,,0,1,structures/mp-29973.cif
mp-31328,MP structure; K_eff from this work (DFT),Mn4In4Pd8,225,0.0,0.8054,,0,1,structures/mp-31328.cif
mp-571471,MP structure; K_eff from this work (DFT),Nb4Co4Te8,14,0.02550207,0.0373,,0,1,structures/mp-571471.cif
mp-22731,MP structure; K_eff from this work (DFT),Mn4In4Ni8,225,0.0,0.8687,,0,1,structures/mp-22731.cif
mp-1188223,MP structure; K_eff from this work (DFT),Cu4N2O12,11,0.008779385,0.0492,,0,1,structures/mp-1188223.cif
mp-607953,MP structure; K_eff from this work (DFT),Fe2Se2Br14,7,0.087312084,0.0912,,0,1,structures/mp-607953.cif
mp-1189328,MP structure; K_eff from this work (DFT),Ti9Ni9,143,0.006516808,0.0133,1,1,1,structures/mp-1189328.cif
mp-28235,MP structure; K_eff from this work (DFT),Tl4Cu8O8,74,0.347762683,0.0777,,0,1,structures/mp-28235.cif
mp-28573,MP structure; K_eff from this work (DFT),W4I12O4,136,0.0,0.0154,1,1,1,structures/mp-28573.cif
mp-1079754,MP structure; K_eff from this work (DFT),Ni4P4Se12,12,0.36068422,0.0618,,0,1,structures/mp-1079754.cif
mp-1106367,MP structure; K_eff from this work (DFT),Hg4S16,57,0.0,0.0,,0,1,structures/mp-1106367.cif
mp-29804,MP structure; K_eff from this work (DFT),Cr12Ge4C4,63,0.163016527,0.1446,,0,1,structures/mp-29804.cif
mp-772040,MP structure; K_eff from this work (DFT),Sb2H2O4F12,2,0.002625999,0.0765,,0,1,structures/mp-772040.cif
mp-1105852,MP structure; K_eff from this work (DFT),Sc12As8,83,-0.007724322,0.0285,0,1,0,structures/mp-1105852.cif
mp-1106094,MP structure; K_eff from this work (DFT),K4C4O12,14,0.0,0.0333,,0,1,structures/mp-1106094.cif
mp-12464,MP structure; K_eff from this work (DFT),Co4Pd8Se8,72,0.073973669,0.0649,,0,1,structures/mp-12464.cif
mp-18257,MP structure; K_eff from this work (DFT),Fe14C6,186,0.17644216,0.7425,1,1,1,structures/mp-18257.cif
mp-556208,MP structure; K_eff from this work (DFT),W4Cl12O4,136,-0.883183243,0.0203,0,1,0,structures/mp-556208.cif
mp-10922,MP structure; K_eff from this work (DFT),Mg2Co12P7,174,0.039745331,0.0463,1,1,1,structures/mp-10922.cif
mp-1078086,MP structure; K_eff from this work (DFT),In6Ni9Se6,166,0.0,0.0251,1,1,1,structures/mp-1078086.cif
mp-10923,MP structure; K_eff from this work (DFT),Ca2Co12P7,174,0.095388376,0.1384,1,1,1,structures/mp-10923.cif
mp-1077840,MP structure; K_eff from this work (DFT),Mn3Bi6Te12,166,0.329196548,0.2594,1,1,1,structures/mp-1077840.cif
mp-1191025,MP structure; K_eff from this work (DFT),Zr6Mn4Ga12,59,0.42508631,0.1211,,0,1,structures/mp-1191025.cif
mp-18246,MP structure; K_eff from this work (DFT),K12Mn2Te8,186,0.020419317,0.0663,1,1,1,structures/mp-18246.cif
mp-1182576,MP structure; K_eff from this work (DFT),Ba2O20,124,-0.238430804,0.1338,0,1,0,structures/mp-1182576.cif
mp-553980,MP structure; K_eff from this work (DFT),Cs4Ni2P4S12,14,0.002646962,0.0386,,0,1,structures/mp-553980.cif
mp-614724,MP structure; K_eff from this work (DFT),Cs6Cr2F14,127,0.881958307,0.0504,1,1,1,structures/mp-614724.cif
mp-1191175,MP structure; K_eff from this work (DFT),K4Fe2P4Se12,14,0.061754495,0.0738,,0,1,structures/mp-1191175.cif
mp-562412,MP structure; K_eff from this work (DFT),Ag6F16,14,0.17346974,0.0396,,0,1,structures/mp-562412.cif
mp-20382,MP structure; K_eff from this work (DFT),Ti12Sn10,194,-0.018634623,0.0433,0,1,0,structures/mp-20382.cif
mp-29715,MP structure; K_eff from this work (DFT),Te2W2Br18,11,2.62064364,0.0134,,0,1,structures/mp-29715.cif
mp-863265,MP structure; K_eff from this work (DFT),K4Mn2P4Se12,14,0.005522047,0.0914,,0,1,structures/mp-863265.cif
mp-567148,MP structure; K_eff from this work (DFT),Cr1B6H16,2,0.01532225,0.2233,,0,1,structures/mp-567148.cif
mp-1072398,MP structure; K_eff from this work (DFT),Mn4Cu16Sn4,216,0.0,0.6475,,0,1,structures/mp-1072398.cif
mp-16916,MP structure; K_eff from this work (DFT),Ca12Fe2N10,193,0.378190833,0.0854,1,1,1,structures/mp-16916.cif
mp-18817,MP structure; K_eff from this work (DFT),Ni4Se4O16,63,0.08859368,0.168,,0,1,structures/mp-18817.cif
mp-556360,MP structure; K_eff from this work (DFT),Zr3Co3F18,148,0.004075351,0.278,1,1,1,structures/mp-556360.cif
mp-557055,MP structure; K_eff from this work (DFT),Cu2Cl2F20,14,0.455283531,0.0383,,0,1,structures/mp-557055.cif
mp-727926,MP structure; K_eff from this work (DFT),Hg4Br4O16,57,0.840222272,0.0282,,0,1,structures/mp-727926.cif
mp-7660,MP structure; K_eff from this work (DFT),Ba3Rh3F18,166,32.47365459,0.1005,1,1,1,structures/mp-7660.cif
mp-1025010,MP structure; K_eff from this work (DFT),Be20Fe4,216,0.0,0.4177,,0,1,structures/mp-1025010.cif
mp-27734,MP structure; K_eff from this work (DFT),Cr6Br18,148,0.236584158,0.0524,1,1,1,structures/mp-27734.cif
mp-28825,MP structure; K_eff from this work (DFT),K12Co4O8,62,0.800422489,0.0455,,0,1,structures/mp-28825.cif
mp-30807,MP structure; K_eff from this work (DFT),Zr4Ni16Sn4,216,0.0,0.033,,0,1,structures/mp-30807.cif
mp-562468,MP structure; K_eff from this work (DFT),Ti6F18,167,-0.065504138,0.0968,0,1,0,structures/mp-562468.cif
mp-1191858,MP structure; K_eff from this work (DFT),Tl8Cu2Te2O12,2,0.01067089,0.0266,,0,1,structures/mp-1191858.cif
mp-568430,MP structure; K_eff from this work (DFT),Ba8Rh16,227,0.0,0.0615,,0,1,structures/mp-568430.cif
mp-1192084,MP structure; K_eff from this work (DFT),Hf8Zn16,194,0.165017445,0.0312,1,1,1,structures/mp-1192084.cif
mp-20854,MP structure; K_eff from this work (DFT),Ni3Pb3F18,148,-0.112114908,0.2207,0,1,0,structures/mp-20854.cif
mp-554332,MP structure; K_eff from this work (DFT),Sr3Cr3F18,166,2.64526228,0.2345,1,1,1,structures/mp-554332.cif
mp-1194415,MP structure; K_eff from this work (DFT),K6Mn4O16,11,0.014784643,0.0269,,0,1,structures/mp-1194415.cif
mp-557946,MP structure; K_eff from this work (DFT),Cu6Se4Cl4O12,2,0.126657251,0.0244,,0,1,structures/mp-557946.cif
mp-648179,MP structure; K_eff from this work (DFT),Cs3Mn3V4O16,2,0.119727648,0.3078,,0,1,structures/mp-648179.cif
mp-1104174,MP structure; K_eff from this work (DFT),K8Ni6O12,12,0.448375763,0.1104,,0,1,structures/mp-1104174.cif
mp-1179128,MP structure; K_eff from this work (DFT),Sr4O24,15,0.003880761,0.2262,,0,1,structures/mp-1179128.cif
mp-28186,MP structure; K_eff from this work (DFT),Na8Mn4O16,186,0.051217435,0.0574,1,1,1,structures/mp-28186.cif
mp-505300,MP structure; K_eff from this work (DFT),Cs8Mn4O16,62,0.043610433,0.0197,,0,1,structures/mp-505300.cif
mp-568614,MP structure; K_eff from this work (DFT),Cs6W4Cl18,194,-16.76046688,0.0518,0,1,0,structures/mp-568614.cif
mp-1722,MP structure; K_eff from this work (DFT),Zn26Fe2,12,0.071602376,0.0809,,0,1,structures/mp-1722.cif
mp-3407,MP structure; K_eff from this work (DFT),Tl2Cr10Se16,12,0.075606378,0.5752,,0,1,structures/mp-3407.cif
mp-571457,MP structure; K_eff from this work (DFT),Ti16Ni4Bi8,140,0.0,0.0657,1,1,1,structures/mp-571457.cif
mp-653120,MP structure; K_eff from this work (DFT),Mn4Ga8Te16,62,0.315134496,0.0688,,0,1,structures/mp-653120.cif
mp-972048,MP structure; K_eff from this work (DFT),Zn24Mo4,225,0.0,0.0221,,0,1,structures/mp-972048.cif
mp-1104676,MP structure; K_eff from this work (DFT),Os2Se4Br24,12,11.74285356,0.0467,,0,1,structures/mp-1104676.cif
mp-19097,MP structure; K_eff from this work (DFT),Fe6B6O18,167,0.258978884,0.6463,1,1,1,structures/mp-19097.cif
mp-672346,MP structure; K_eff from this work (DFT),Rb6V6I18,185,0.289722745,0.0292,1,1,1,structures/mp-672346.cif
mp-683684,MP structure; K_eff from this work (DFT),Cl64Mo16O16Se32,14,0.289722745,0.0033,,0,1,structures/mp-683684.cif
mp-696673,MP structure; K_eff from this work (DFT),Cr14Se16,12,0.070605356,1.0114,,0,1,structures/mp-696673.cif
mp-8695,MP structure; K_eff from this work (DFT),Mn6P6Se18,148,-1.77573651,0.238,0,1,0,structures/mp-8695.cif
mp-505660,MP structure; K_eff from this work (DFT),Cs4K2Fe2C12N12,14,0.180518178,0.0162,,0,1,structures/mp-505660.cif
mp-569547,MP structure; K_eff from this work (DFT),Sr12Fe2C4N14,18,0.631829279,0.0611,,0,1,structures/mp-569547.cif
mp-22640,MP structure; K_eff from this work (DFT),Ca4Fe16As12,62,0.22779537,0.1358,,0,1,structures/mp-22640.cif
mp-557938,MP structure; K_eff from this work (DFT),Hf4V4F24,225,0.0,0.263,,0,1,structures/mp-557938.cif
mp-28138,MP structure; K_eff from this work (DFT),Ni3Cl6O24,148,-0.069737933,0.0415,0,1,0,structures/mp-28138.cif
mp-561139,MP structure; K_eff from this work (DFT),Rb16Fe4O14,14,0.08773168,0.1588,,0,1,structures/mp-561139.cif
mp-15868,MP structure; K_eff from this work (DFT),Co8Sn2Sb24,204,0.0,0.0057,,0,1,structures/mp-15868.cif
mp-1194721,MP structure; K_eff from this work (DFT),Sc6Mn6Al14Si10,194,-0.104747625,0.0111,0,1,0,structures/mp-1194721.cif
mp-1198610,MP structure; K_eff from this work (DFT),Nb16Fe4Te16,55,0.187925784,0.0031,,0,1,structures/mp-1198610.cif
mp-21524,MP structure; K_eff from this work (DFT),Sr12Ni12N12,62,0.060599413,0.0053,,0,1,structures/mp-21524.cif
mp-27565,MP structure; K_eff from this work (DFT),K12Ni8O16,63,2.448077185,0.0389,,0,1,structures/mp-27565.cif
mp-504722,MP structure; K_eff from this work (DFT),Ni4N8O24,205,0.0,0.0579,,0,1,structures/mp-504722.cif
mp-649334,MP structure; K_eff from this work (DFT),Fe4S4Cl28,14,0.001461988,0.0544,,0,1,structures/mp-649334.cif
mp-510306,MP structure; K_eff from this work (DFT),Sc8Cr4B24,55,0.014318112,0.0507,,0,1,structures/mp-510306.cif
mp-557552,MP structure; K_eff from this work (DFT),Sr8Cu4F24,64,0.00286183,0.0435,,0,1,structures/mp-557552.cif
mp-558345,MP structure; K_eff from this work (DFT),Zn2Fe4Se8O24,7,0.037144674,0.2086,,0,1,structures/mp-558345.cif
mp-1202947,MP structure; K_eff from this work (DFT),Fe4Re10As24,58,0.088187796,0.0256,,0,1,structures/mp-1202947.cif
mp-7250,MP structure; K_eff from this work (DFT),Nb18Co21,166,1.326980398,0.0722,1,1,1,structures/mp-7250.cif
mp-560959,MP structure; K_eff from this work (DFT),K4Tl8Mo4F24,225,0.0,0.1758,,0,1,structures/mp-560959.cif
mp-2571,MP structure; K_eff from this work (DFT),Rb16O24,220,0.0,0.0282,,0,1,structures/mp-2571.cif
mp-542135,MP structure; K_eff from this work (DFT),Mo8N4Cl28,2,0.498085349,0.0107,,0,1,structures/mp-542135.cif
mp-15635,MP structure; K_eff from this work (DFT),Ti4Tl12F24,225,0.0,0.0461,,0,1,structures/mp-15635.cif
mp-21717,MP structure; K_eff from this work (DFT),Fe28C12,62,0.004391475,0.3837,,0,1,structures/mp-21717.cif
mp-555619,MP structure; K_eff from this work (DFT),W12O32,55,0.0,0.0396,,0,1,structures/mp-555619.cif
mp-680308,MP structure; K_eff from this work (DFT),Re4Se16Cl24,56,1.153148268,0.0284,,0,1,structures/mp-680308.cif
mp-540672,MP structure; K_eff from this work (DFT),Ti14Br32,58,0.057256926,0.0392,,0,1,structures/mp-540672.cif
mp-1198917,MP structure; K_eff from this work (DFT),Zr12Mn12Ge24,55,0.241541715,0.0242,,0,1,structures/mp-1198917.cif
mp-1202614,MP structure; K_eff from this work (DFT),Cu12S4O32,62,0.125691635,0.0195,,0,1,structures/mp-1202614.cif
mp-1198455,MP structure; K_eff from this work (DFT),Mn8P8H8O24,14,0.00805442,0.0978,,0,1,structures/mp-1198455.cif
mp-1198953,MP structure; K_eff from this work (DFT),As48Cs72Nb16,61,0.010739226,0.002,,0,1,structures/mp-1198953.cif
mp-25275,MP structure; K_eff from this work (DFT),Mn16O32,227,0.0,0.2692,,0,1,structures/mp-25275.cif
mp-818574,MP structure; K_eff from this work (DFT),Fe4Se12O36,14,0.03045071,0.0693,,0,1,structures/mp-818574.cif
mp-3930,MP structure; K_eff from this work (DFT),Sc16Mn8S32,227,0.0,0.195,,0,1,structures/mp-3930.cif
mp-10754,MP structure; K_eff from this work (DFT),Fe8Rh16S32,227,0.0,0.1871,,0,1,structures/mp-10754.cif
mp-733866,MP structure; K_eff from this work (DFT),Cu4P4H24N4O20,14,0.113945499,0.0237,,0,1,structures/mp-733866.cif
mp-1193816,MP structure; K_eff from this work (DFT),Hg12Cl8O40,15,0.351839837,0.0421,,0,1,structures/mp-1193816.cif
mp-29250,MP structure; K_eff from this work (DFT),Li24V4Cl32,225,0.0,0.1311,,0,1,structures/mp-29250.cif
mp-571284,MP structure; K_eff from this work (DFT),Cs8Fe4Ni4C24N24,225,0.00147941,0.087,,0,1,structures/mp-571284.cif
mp-1202524,MP structure; K_eff from this work (DFT),K4Cu2H28C8N12O16,14,0.014837432,0.0151,,0,1,structures/mp-1202524.cif
mp-29360,MP structure; K_eff from this work (DFT),Cr8P16O52,14,0.039451725,0.0738,,0,1,structures/mp-29360.cif
mp-19470,MP structure; K_eff from this work (DFT),Na8Ni14P12O48,8,0.006727662,0.3431,,0,1,structures/mp-19470.cif
mp-744682,MP structure; K_eff from this work (DFT),Cr16Bi8O58,2,0.012678369,0.0185,,0,1,structures/mp-744682.cif
mp-732195,MP structure; K_eff from this work (DFT),Ca8Al12Si12O52,62,0.001646332,0.012,,0,1,structures/mp-732195.cif
mp-1200525,MP structure; K_eff from this work (DFT),Cs8Fe8P12O32F28,41,0.032960358,0.1601,,0,1,structures/mp-1200525.cif
mp-1204423,MP structure; K_eff from this work (DFT),Fe4H36C16N12O24,52,0.306686981,0.0,,0,1,structures/mp-1204423.cif
mp-1191089,MP structure; K_eff from this work (DFT),Mg48Mn16Ni32,227,0.0,0.1017,,0,1,structures/mp-1191089.cif
mp-583800,MP structure; K_eff from this work (DFT),Zr64Cu32,227,0.0,0.0176,,0,1,structures/mp-583800.cif
mp-644281,MP structure; K_eff from this work (DFT),Mg28Ti4H64,225,0.0,0.1018,,0,1,structures/mp-644281.cif
mp-1199595,MP structure; K_eff from this work (DFT),Mn2Sn8H48C16Se20N4,82,-0.050737725,0.066,0,1,0,structures/mp-1199595.cif
mp-698410,MP structure; K_eff from this work (DFT),Mn2Ge8H48C16S20N4,82,-0.023383121,0.0852,0,1,0,structures/mp-698410.cif
mp-1195522,MP structure; K_eff from this work (DFT),Co6H42C18N6O36,173,-0.095849647,0.0299,0,1,0,structures/mp-1195522.cif
mp-1193087,MP structure; K_eff from this work (DFT),Zr88Os32,225,0.0,0.0049,,0,1,structures/mp-1193087.cif
mp-1204035,MP structure; K_eff from this work (DFT),W30I94,5,0.00121322,0.0042,,0,1,structures/mp-1204035.cif
mp-781901,MP structure; K_eff from this work (DFT),Ni4H72I24N24,15,0.000749732,0.0211,,0,1,structures/mp-781901.cif
mp-707926,MP structure; K_eff from this work (DFT),Re4H88C16S16N32Cl32O12,63,0.105500267,0.0255,,0,1,structures/mp-707926.cif
mp-10118,MP structure; K_eff from this work (DFT),Mn6B8,71,0.712391473,1.4416,,0,1,structures/mp-10118.cif
mp-1017553,MP structure; K_eff from this work (DFT),Cd1Co3N1,221,0.0,0.6747,,0,1,structures/mp-1017553.cif
mp-1018084,MP structure; K_eff from this work (DFT),Cr3Ag3Te6,160,-0.960812545,0.329,0,1,0,structures/mp-1018084.cif
mp-102,MP structure; K_eff from this work (DFT),Co4,225,0.0,1.9763,,0,1,structures/mp-102.cif
mp-10257,MP structure; K_eff from this work (DFT),Ni2,194,-0.407794412,0.4172,0,1,0,structures/mp-10257.cif
mp-1063661,MP structure; K_eff from this work (DFT),Mg1Ni3,221,0.0,0.298,,0,1,structures/mp-1063661.cif
mp-1068786,MP structure; K_eff from this work (DFT),In1Co3N1,221,0.0,0.6981,,0,1,structures/mp-1068786.cif
mp-1069288,MP structure; K_eff from this work (DFT),Mn2Ga8,229,0.0,0.1096,,0,1,structures/mp-1069288.cif
mp-1070789,MP structure; K_eff from this work (DFT),Cr2Au8,87,-0.774272719,0.5495,0,1,0,structures/mp-1070789.cif
mp-1077988,MP structure; K_eff from this work (DFT),Mn4B8W2,71,1.062738391,0.6771,,0,1,structures/mp-1077988.cif
mp-1078053,MP structure; K_eff from this work (DFT),Ga2Fe1Se4,111,0.477725363,0.2667,1,1,1,structures/mp-1078053.cif
mp-1078249,MP structure; K_eff from this work (DFT),Co2Rh4Se8,12,0.072981388,0.1367,,0,1,structures/mp-1078249.cif
mp-1078464,MP structure; K_eff from this work (DFT),Mn4Ge4,198,0.0,0.2216,,0,1,structures/mp-1078464.cif
mp-1079035,MP structure; K_eff from this work (DFT),Mn3As3Pd3,189,-0.288547226,0.3108,0,1,0,structures/mp-1079035.cif
mp-1079560,MP structure; K_eff from this work (DFT),Nb4Cr2B4,127,0.0,0.0263,1,1,1,structures/mp-1079560.cif
mp-1079717,MP structure; K_eff from this work (DFT),Sr4Ti4Sb4O2F4,139,0.0,0.087,1,1,1,structures/mp-1079717.cif
mp-1079747,MP structure; K_eff from this work (DFT),Sr4Ti4As4O2F4,139,-0.014764366,0.0987,0,1,0,structures/mp-1079747.cif
mp-1079855,MP structure; K_eff from this work (DFT),Li4Pd28,225,0.0,0.2585,,0,1,structures/mp-1079855.cif
mp-1080817,MP structure; K_eff from this work (DFT),Nb3Fe3B3,189,-0.419859748,0.0828,0,1,0,structures/mp-1080817.cif
mp-1095353,MP structure; K_eff from this work (DFT),Ir4O8,205,0.0,0.0642,,0,1,structures/mp-1095353.cif
mp-1095521,MP structure; K_eff from this work (DFT),K4F20,88,0.480613722,0.2263,1,1,1,structures/mp-1095521.cif
mp-1102167,MP structure; K_eff from this work (DFT),Ca9Ni27,166,0.192739017,0.0583,1,1,1,structures/mp-1102167.cif
mp-1102559,MP structure; K_eff from this work (DFT),Nb4Se8,194,0.013558818,0.0245,1,1,1,structures/mp-1102559.cif
mp-1102664,MP structure; K_eff from this work (DFT),Hf8Fe2P2,124,0.007383028,0.0181,1,1,1,structures/mp-1102664.cif
mp-1103148,MP structure; K_eff from this work (DFT),Zr4Co4Ge4,62,0.001703337,0.0623,,0,1,structures/mp-1103148.cif
mp-1103473,MP structure; K_eff from this work (DFT),Cs2Cr2P4S14,5,0.008060305,0.1175,,0,1,structures/mp-1103473.cif
mp-1104097,MP structure; K_eff from this work (DFT),Ti1Co6Ge6,191,-0.141294606,0.0337,0,1,0,structures/mp-1104097.cif
mp-1104157,MP structure; K_eff from this work (DFT),Cu4Ag2Se4O20,12,0.003944677,0.0576,,0,1,structures/mp-1104157.cif
mp-1105840,MP structure; K_eff from this work (DFT),Nb6V2Se12,182,-0.062902027,0.0575,0,1,0,structures/mp-1105840.cif
mp-1105860,MP structure; K_eff from this work (DFT),Fe8Ni4B4,62,0.298528953,0.322,,0,1,structures/mp-1105860.cif
mp-11300,MP structure; K_eff from this work (DFT),Ti1Cd1Hg2,123,0.925150545,0.1271,1,1,1,structures/mp-11300.cif
mp-11501,MP structure; K_eff from this work (DFT),Mn1Ni3,221,0.0,1.4275,,0,1,structures/mp-11501.cif
mp-11503,MP structure; K_eff from this work (DFT),Mn1Zn1,221,0.0,1.2328,,0,1,structures/mp-11503.cif
mp-11800,MP structure; K_eff from this work (DFT),Co6Se8,12,0.130577675,0.2359,,0,1,structures/mp-11800.cif
mp-1180346,MP structure; K_eff from this work (DFT),Na8O16,61,0.010197869,0.0396,,0,1,structures/mp-1180346.cif
mp-1180742,MP structure; K_eff from this work (DFT),K4O8,14,0.075326763,0.0566,,0,1,structures/mp-1180742.cif
mp-1182169,MP structure; K_eff from this work (DFT),Ba4O24,15,0.046551121,0.1937,,0,1,structures/mp-1182169.cif
mp-1182382,MP structure; K_eff from this work (DFT),Ca2O20,124,-0.024204347,0.0,0,1,0,structures/mp-1182382.cif
mp-1188065,MP structure; K_eff from this work (DFT),Zr4Co4H12,63,0.040318205,0.1987,,0,1,structures/mp-1188065.cif
mp-1190013,MP structure; K_eff from this work (DFT),Ti16Ni16,139,1.455820671,0.0192,1,1,1,structures/mp-1190013.cif
mp-1190159,MP structure; K_eff from this work (DFT),Sc21Ni3Br36,148,-0.029030304,0.0218,0,1,0,structures/mp-1190159.cif
mp-1190456,MP structure; K_eff from this work (DFT),Mn2B4H16,118,-0.033427301,0.3123,0,1,0,structures/mp-1190456.cif
mp-1192675,MP structure; K_eff from this work (DFT),Hg2Br12N8,128,20.28532121,0.0554,1,1,1,structures/mp-1192675.cif
mp-1193661,MP structure; K_eff from this work (DFT),Nb36Ni16Ge4,140,0.001800033,0.0115,1,1,1,structures/mp-1193661.cif
mp-1193905,MP structure; K_eff from this work (DFT),Nb64Co32N16,227,0.0,0.0296,,0,1,structures/mp-1193905.cif
mp-1194910,MP structure; K_eff from this work (DFT),Mn8B16H64,142,0.093666333,0.1625,1,1,1,structures/mp-1194910.cif
mp-1195097,MP structure; K_eff from this work (DFT),Mn2H60N32,14,0.031202814,0.0651,,0,1,structures/mp-1195097.cif
mp-1195393,MP structure; K_eff from this work (DFT),Ti2H84N28Cl6,13,0.0,0.0092,,0,1,structures/mp-1195393.cif
mp-1195464,MP structure; K_eff from this work (DFT),Ag48Ru16O64,15,0.176387942,0.0328,,0,1,structures/mp-1195464.cif
mp-1195553,MP structure; K_eff from this work (DFT),Zr8Zn160Fe16,227,0.0,0.0127,,0,1,structures/mp-1195553.cif
mp-1196651,MP structure; K_eff from this work (DFT),Mn40O80Rb64,14,0.0,0.0703,,0,1,structures/mp-1196651.cif
mp-1196957,MP structure; K_eff from this work (DFT),Mo2P8H72C24Cl4,121,-0.586896004,0.0372,0,1,0,structures/mp-1196957.cif
mp-1197201,MP structure; K_eff from this work (DFT),Sn4Mo30S38,176,0.284441462,0.0105,1,1,1,structures/mp-1197201.cif
mp-1199430,MP structure; K_eff from this work (DFT),Ti12Fe12Ge24,55,0.051427238,0.0389,,0,1,structures/mp-1199430.cif
mp-1203045,MP structure; K_eff from this work (DFT),Co18Te10Pb12O60,182,-1.117282566,0.2363,0,1,0,structures/mp-1203045.cif
mp-1203944,MP structure; K_eff from this work (DFT),Hg16Cl8O48,14,0.254423325,0.0097,,0,1,structures/mp-1203944.cif
mp-1203999,MP structure; K_eff from this work (DFT),Sb4Xe2F26,2,27.73626071,0.0201,,0,1,structures/mp-1203999.cif
mp-1204829,MP structure; K_eff from this work (DFT),Cr16F160Xe16,61,19.60614348,0.0074,,0,1,structures/mp-1204829.cif
mp-1205299,MP structure; K_eff from this work (DFT),Tc2Br6,193,-0.805623656,0.0964,0,1,0,structures/mp-1205299.cif
mp-12466,MP structure; K_eff from this work (DFT),Fe4Pd8Se8,72,0.713965599,0.0603,,0,1,structures/mp-12466.cif
mp-12559,MP structure; K_eff from this work (DFT),Mn4As4Pd8,225,0.0,0.7795,,0,1,structures/mp-12559.cif
mp-12565,MP structure; K_eff from this work (DFT),Mn2Au8,87,0.674211056,0.5955,1,1,1,structures/mp-12565.cif
mp-12857,MP structure; K_eff from this work (DFT),Mn6N4,139,-3.773597488,1.9682,0,1,0,structures/mp-12857.cif
mp-13463,MP structure; K_eff from this work (DFT),Fe1Ni1Pt2,123,1.303355617,1.1171,1,1,1,structures/mp-13463.cif
mp-1406,MP structure; K_eff from this work (DFT),Mn4Te4,225,0.0,1.1443,,0,1,structures/mp-1406.cif
mp-1431,MP structure; K_eff from this work (DFT),Mn4Si4,198,0.0,0.129,,0,1,structures/mp-1431.cif
mp-1441,MP structure; K_eff from this work (DFT),Cs2O4,139,0.628054158,0.1687,1,1,1,structures/mp-1441.cif
mp-1478,MP structure; K_eff from this work (DFT),Cu16O12,141,-0.041917366,0.139,0,1,0,structures/mp-1478.cif
mp-14928,MP structure; K_eff from this work (DFT),Sc16Mn8Se32,227,0.0,0.1692,,0,1,structures/mp-14928.cif
mp-1636,MP structure; K_eff from this work (DFT),Mn3Sb1,221,0.0,1.2646,,0,1,structures/mp-1636.cif
mp-16548,MP structure; K_eff from this work (DFT),Zr4Ti4F24,225,0.0,0.1682,,0,1,structures/mp-16548.cif
mp-1726,MP structure; K_eff from this work (DFT),K8O24,140,-0.008502187,0.0413,0,1,0,structures/mp-1726.cif
mp-17467,MP structure; K_eff from this work (DFT),Li3Ti3Mn3F18,,0.078732726,0.2151,1,1,1,
mp-17682,MP structure; K_eff from this work (DFT),Zr64Fe32,227,0.0,0.0103,,0,1,structures/mp-17682.cif
mp-1783,MP structure; K_eff from this work (DFT),Mn4S4,216,0.0,0.1111,,0,1,structures/mp-1783.cif
mp-1808,MP structure; K_eff from this work (DFT),Ti64Ni32,227,0.0,0.0135,,0,1,structures/mp-1808.cif
mp-1871,MP structure; K_eff from this work (DFT),Fe4C2,58,0.786206536,0.6658,,0,1,structures/mp-1871.cif
mp-19009,MP structure; K_eff from this work (DFT),Ni4O4,225,0.0,1.2711,,0,1,structures/mp-19009.cif
mp-19026,MP structure; K_eff from this work (DFT),Na16Fe4O12,9,0.254936358,0.2005,,0,1,structures/mp-19026.cif
mp-19147,MP structure; K_eff from this work (DFT),Ni6C6O18,167,0.509787589,0.2621,1,1,1,structures/mp-19147.cif
mp-19167,MP structure; K_eff from this work (DFT),Rb4Ni2O4,139,-2.925014759,0.2062,0,1,0,structures/mp-19167.cif
mp-19184,MP structure; K_eff from this work (DFT),V2O2,225,0.0,0.8273,,0,1,structures/mp-19184.cif
mp-19252,MP structure; K_eff from this work (DFT),K4Ni2O4,139,-3.298388406,0.2377,0,1,0,structures/mp-19252.cif
mp-19372,MP structure; K_eff from this work (DFT),W2O4,136,0.319326263,0.3123,1,1,1,structures/mp-19372.cif
mp-19376,MP structure; K_eff from this work (DFT),Ti6Mn6O18,161,-0.019431274,0.5467,0,1,0,structures/mp-19376.cif
mp-19405,MP structure; K_eff from this work (DFT),Ni3Ag6O6,166,0.199914033,0.2964,1,1,1,structures/mp-19405.cif
mp-19850,MP structure; K_eff from this work (DFT),Mn4Co8Ge4,225,0.0,1.2739,,0,1,structures/mp-19850.cif
mp-20373,MP structure; K_eff from this work (DFT),Co12B4,62,0.702673376,0.2766,,0,1,structures/mp-20373.cif
mp-20679,MP structure; K_eff from this work (DFT),Co3Sn1C1,221,0.0,0.3487,,0,1,structures/mp-20679.cif
mp-20862,MP structure; K_eff from this work (DFT),Co2Se4,58,0.121744038,0.1117,,0,1,structures/mp-20862.cif
mp-20915,MP structure; K_eff from this work (DFT),Cs4Na2Mn2C12N12,14,0.057521673,0.0349,,0,1,structures/mp-20915.cif
mp-21013,MP structure; K_eff from this work (DFT),Cs8Li4Fe4C24N24,225,0.0,0.0393,,0,1,structures/mp-21013.cif
mp-21139,MP structure; K_eff from this work (DFT),Mn4Sn2S8,65,0.212380593,0.7903,,0,1,structures/mp-21139.cif
mp-21244,MP structure; K_eff from this work (DFT),Cr3Rh1N1,221,0.0,0.157,,0,1,structures/mp-21244.cif
mp-21476,MP structure; K_eff from this work (DFT),Fe8N4,60,0.680627318,0.3099,,0,1,structures/mp-21476.cif
mp-21845,MP structure; K_eff from this work (DFT),Fe1Pd3,221,0.0,0.8979,,0,1,structures/mp-21845.cif
mp-22432,MP structure; K_eff from this work (DFT),Ti64Cu32O16,227,0.0,0.0719,,0,1,structures/mp-22432.cif
mp-22464,MP structure; K_eff from this work (DFT),Na2O6,44,0.004310941,0.2094,,0,1,structures/mp-22464.cif
mp-22752,MP structure; K_eff from this work (DFT),Fe4Sn8,140,-2.385993366,0.1546,0,1,0,structures/mp-22752.cif
mp-22784,MP structure; K_eff from this work (DFT),In1Ni3,221,0.0,0.2057,,0,1,structures/mp-22784.cif
mp-22892,MP structure; K_eff from this work (DFT),Ru2Br6,193,2.37474047,0.0224,1,1,1,structures/mp-22892.cif
mp-2293,MP structure; K_eff from this work (DFT),Mn4Se4,216,0.0,1.1231,,0,1,structures/mp-2293.cif
mp-23038,MP structure; K_eff from this work (DFT),Cs2V2Br6,194,0.053120602,0.1072,1,1,1,structures/mp-23038.cif
mp-23069,MP structure; K_eff from this work (DFT),Fe2I6O18,173,-0.062375798,0.1513,0,1,0,structures/mp-23069.cif
mp-23204,MP structure; K_eff from this work (DFT),Fe6Cl18,148,3.957605274,0.0596,1,1,1,structures/mp-23204.cif
mp-23443,MP structure; K_eff from this work (DFT),Mn4Tl4I12,62,0.15090376,0.0801,,0,1,structures/mp-23443.cif
mp-24208,MP structure; K_eff from this work (DFT),Cr4H8,225,0.0,1.8124,,0,1,structures/mp-24208.cif
mp-246,MP structure; K_eff from this work (DFT),Ti1F3,221,0.0,0.0968,,0,1,structures/mp-246.cif
mp-24722,MP structure; K_eff from this work (DFT),H4Rh4,225,0.0,0.5301,,0,1,structures/mp-24722.cif
mp-2649,MP structure; K_eff from this work (DFT),Zr10Sb6,193,0.623318228,0.033,1,1,1,structures/mp-2649.cif
mp-27234,MP structure; K_eff from this work (DFT),Cu2I4O12,4,0.237818014,0.0449,,0,1,structures/mp-27234.cif
mp-2749,MP structure; K_eff from this work (DFT),Ti8Be16,227,0.0,0.2159,,0,1,structures/mp-2749.cif
mp-2773,MP structure; K_eff from this work (DFT),Be1Co1,221,0.0,0.2612,,0,1,structures/mp-2773.cif
mp-2780,MP structure; K_eff from this work (DFT),Fe6Se8,12,0.145868501,0.4317,,0,1,structures/mp-2780.cif
mp-28208,MP structure; K_eff from this work (DFT),Zr2Fe2Cl12,163,-1.380799478,0.0997,0,1,0,structures/mp-28208.cif
mp-28250,MP structure; K_eff from this work (DFT),Li4Mn2Br8,65,0.043476461,0.3527,,0,1,structures/mp-28250.cif
mp-28283,MP structure; K_eff from this work (DFT),Cs2Ti2Cl6,194,0.381724738,0.083,1,1,1,structures/mp-28283.cif
mp-28628,MP structure; K_eff from this work (DFT),Li12Fe4N8,72,0.960855292,0.3188,,0,1,structures/mp-28628.cif
mp-28770,MP structure; K_eff from this work (DFT),Ca8Fe4N8,12,0.082730939,0.1507,,0,1,structures/mp-28770.cif
mp-28916,MP structure; K_eff from this work (DFT),Mn12As8,12,0.093466255,0.623,,0,1,structures/mp-28916.cif
mp-29076,MP structure; K_eff from this work (DFT),Fe2W2N4,194,2.742341919,0.5308,1,1,1,structures/mp-29076.cif
mp-2930,MP structure; K_eff from this work (DFT),Mn3Zn1C1,221,0.0,1.3989,,0,1,structures/mp-2930.cif
mp-29423,MP structure; K_eff from this work (DFT),Tl4Fe4Br16,52,0.097571916,0.0703,,0,1,structures/mp-29423.cif
mp-29770,MP structure; K_eff from this work (DFT),Na6Mn8Te12,12,1.46636133,0.5391,,0,1,structures/mp-29770.cif
mp-3021,MP structure; K_eff from this work (DFT),Tl2Fe4Se4,139,0.769001935,0.6358,1,1,1,structures/mp-3021.cif
mp-30551,MP structure; K_eff from this work (DFT),Ga4Fe4Co8,225,0.0,1.3057,,0,1,structures/mp-30551.cif
mp-30675,MP structure; K_eff from this work (DFT),Ti10Ga8,193,0.0,0.1019,1,1,1,structures/mp-30675.cif
mp-3332,MP structure; K_eff from this work (DFT),Na3Cr3Se6,166,0.040311746,0.4227,1,1,1,structures/mp-3332.cif
mp-3530,MP structure; K_eff from this work (DFT),Au1O2F6,2,6.911302694,0.0706,,0,1,structures/mp-3530.cif
mp-404,MP structure; K_eff from this work (DFT),Mn2Te2,194,-4.761333036,0.2847,0,1,0,structures/mp-404.cif
mp-4238,MP structure; K_eff from this work (DFT),Mn3Fe3As3,189,-0.197952496,0.4761,0,1,0,structures/mp-4238.cif
mp-493,MP structure; K_eff from this work (DFT),Co8B4,140,1.461706797,0.4503,1,1,1,structures/mp-493.cif
mp-505149,MP structure; K_eff from this work (DFT),Cs2Cr10Se16,12,0.060590209,0.5568,,0,1,structures/mp-505149.cif
mp-505319,MP structure; K_eff from this work (DFT),Pt4F24,62,18.21699674,0.063,,0,1,structures/mp-505319.cif
mp-535,MP structure; K_eff from this work (DFT),Fe4N1,221,0.0,1.7078,,0,1,structures/mp-535.cif
mp-540997,MP structure; K_eff from this work (DFT),Fe2Te2Cl14,1,0.055576496,0.1076,,0,1,structures/mp-540997.cif
mp-542449,MP structure; K_eff from this work (DFT),Sc10Cl16,12,0.002393384,0.0355,,0,1,structures/mp-542449.cif
mp-542488,MP structure; K_eff from this work (DFT),Mg48Co48,227,0.0,0.0112,,0,1,structures/mp-542488.cif
mp-550468,MP structure; K_eff from this work (DFT),Co4P4O14,14,1.884413276,0.2989,,0,1,structures/mp-550468.cif
mp-553971,MP structure; K_eff from this work (DFT),Rb12Mn4O12,14,0.288888066,0.0818,,0,1,structures/mp-553971.cif
mp-554040,MP structure; K_eff from this work (DFT),Cu4Se4O16,62,0.428219931,0.0395,,0,1,structures/mp-554040.cif
mp-555,MP structure; K_eff from this work (DFT),Fe16N2,139,0.830920847,2.434,1,1,1,structures/mp-555.cif
mp-559246,MP structure; K_eff from this work (DFT),Ba3Cr3F18,166,2.671956263,0.2102,1,1,1,structures/mp-559246.cif
mp-559505,MP structure; K_eff from this work (DFT),V4Te4O16,14,0.092677496,0.0334,,0,1,structures/mp-559505.cif
mp-560562,MP structure; K_eff from this work (DFT),Rb8Cr4F24,225,0.0,0.1402,,0,1,structures/mp-560562.cif
mp-567276,MP structure; K_eff from this work (DFT),Ta8V16,227,0.0,0.0516,,0,1,structures/mp-567276.cif
mp-568270,MP structure; K_eff from this work (DFT),K6Ti6Cl18,173,0.028776904,0.0163,1,1,1,structures/mp-568270.cif
mp-568711,MP structure; K_eff from this work (DFT),V1Pd3,221,0.0,0.3175,,0,1,structures/mp-568711.cif
mp-569001,MP structure; K_eff from this work (DFT),Sr4Li2Co2N4,136,0.749912206,0.1071,1,1,1,structures/mp-569001.cif
mp-569610,MP structure; K_eff from this work (DFT),Co1I2,164,5.248465387,0.1349,1,1,1,structures/mp-569610.cif
mp-569753,MP structure; K_eff from this work (DFT),Tl2Co2Cl6,194,3.298194047,0.1435,1,1,1,structures/mp-569753.cif
mp-569890,MP structure; K_eff from this work (DFT),Cr6Cl18,153,0.04585368,0.0578,1,1,1,structures/mp-569890.cif
mp-570271,MP structure; K_eff from this work (DFT),Ti16Fe4Bi8,140,-0.285695686,0.0376,0,1,0,structures/mp-570271.cif
mp-570722,MP structure; K_eff from this work (DFT),Nb2I6,193,2.379993406,0.0513,1,1,1,structures/mp-570722.cif
mp-574498,MP structure; K_eff from this work (DFT),Cs12Bi8,15,0.0,0.0219,,0,1,structures/mp-574498.cif
mp-578610,MP structure; K_eff from this work (DFT),Na3Mo3O6,,6.271152885,0.74,1,1,1,
mp-579963,MP structure; K_eff from this work (DFT),Cr44Ge76,118,-0.271266611,0.0734,0,1,0,structures/mp-579963.cif
mp-600561,MP structure; K_eff from this work (DFT),Li1Rh1,187,0.001180205,0.2272,1,1,1,structures/mp-600561.cif
mp-607464,MP structure; K_eff from this work (DFT),Re4Cl10O8,2,0.644542891,0.023,,0,1,structures/mp-607464.cif
mp-613327,MP structure; K_eff from this work (DFT),Fe2B4W4,127,1.45142117,0.1839,1,1,1,structures/mp-613327.cif
mp-628216,MP structure; K_eff from this work (DFT),Cs4K2Mn2C12N12,14,0.044977879,0.0328,,0,1,structures/mp-628216.cif
mp-632724,MP structure; K_eff from this work (DFT),Re4H32N8Cl24,225,0.0,0.1392,,0,1,structures/mp-632724.cif
mp-636599,MP structure; K_eff from this work (DFT),Fe4Sn4Ru8,225,0.0,0.8112,,0,1,structures/mp-636599.cif
mp-638590,MP structure; K_eff from this work (DFT),Mn2Tl4Ge2Te8,121,0.777634638,0.2248,1,1,1,structures/mp-638590.cif
mp-639789,MP structure; K_eff from this work (DFT),Fe8Re12,213,0.0,0.1685,,0,1,structures/mp-639789.cif
mp-643697,MP structure; K_eff from this work (DFT),Rb12Mn4H20,140,0.022703568,0.1535,1,1,1,structures/mp-643697.cif
mp-644483,MP structure; K_eff from this work (DFT),Ti3Sn1H1,221,0.0,0.1884,,0,1,structures/mp-644483.cif
mp-649,MP structure; K_eff from this work (DFT),Fe1Pt3,221,0.0,0.9615,,0,1,structures/mp-649.cif
mp-651582,MP structure; K_eff from this work (DFT),Mn4In8Te16,62,0.112196342,0.0629,,0,1,structures/mp-651582.cif
mp-6543,MP structure; K_eff from this work (DFT),V2Ag2P4Se12,5,0.042381081,0.0883,,0,1,structures/mp-6543.cif
mp-676040,MP structure; K_eff from this work (DFT),Ni4P4S12,12,0.00041176,0.12,,0,1,structures/mp-676040.cif
mp-690725,MP structure; K_eff from this work (DFT),Tl2Cu2H2S2O10,11,0.801363601,0.048,,0,1,structures/mp-690725.cif
mp-694,MP structure; K_eff from this work (DFT),V1Se2,164,-0.767249687,0.1943,0,1,0,structures/mp-694.cif
mp-726718,MP structure; K_eff from this work (DFT),Na4Cr6O18,11,0.017466073,0.0624,,0,1,structures/mp-726718.cif
mp-733794,MP structure; K_eff from this work (DFT),Hg4Cl4O16,57,0.214762398,0.0262,,0,1,structures/mp-733794.cif
mp-7443,MP structure; K_eff from this work (DFT),Nb4Cr2Se8,12,0.013183412,0.2638,,0,1,structures/mp-7443.cif
mp-755100,MP structure; K_eff from this work (DFT),Cs4Ni2O4,139,-2.222582915,0.177,0,1,0,structures/mp-755100.cif
mp-768613,MP structure; K_eff from this work (DFT),Zr1Mn6Sn6,191,-0.414695354,0.9865,0,1,0,structures/mp-768613.cif
mp-8306,MP structure; K_eff from this work (DFT),Ba6Fe2N6,176,-1.168114595,0.073,0,1,0,structures/mp-8306.cif
mp-839,MP structure; K_eff from this work (DFT),V6Au2,223,0.0,0.2074,,0,1,structures/mp-839.cif
mp-922,MP structure; K_eff from this work (DFT),Co1Pt3,221,0.0,0.5723,,0,1,structures/mp-922.cif
mp-9549,MP structure; K_eff from this work (DFT),Sc3Fe3Ge3,189,-0.145892014,0.2137,0,1,0,structures/mp-9549.cif
mp-9945,MP structure; K_eff from this work (DFT),Co2Te4,58,0.006079824,0.0871,,0,1,structures/mp-9945.cif
mp-999540,MP structure; K_eff from this work (DFT),Mn2Se2,186,0.036673049,0.5612,1,1,1,structures/mp-999540.cif
mp-1194614,MP structure; K_eff from this work (DFT),Fe4H80C32N4Cl16,29,0.002748765,0.0395,,0,1,structures/mp-1194614.cif
mp-1198787,MP structure; K_eff from this work (DFT),Ba8O48,61,0.023484178,0.049,,0,1,structures/mp-1198787.cif
mp-505732,MP structure; K_eff from this work (DFT),Fe3Co3H54C18N36,148,2.979126901,0.0314,1,1,1,structures/mp-505732.cif
mp-8923,MP structure; K_eff from this work (DFT),Sr8Li4Fe8N12,15,0.033203793,0.1452,,0,1,structures/mp-8923.cif
mp-1102046,MP structure; K_eff from this work (DFT),Mn4In4Cu16,186,0.014189676,0.2875,1,1,1,structures/mp-1102046.cif
mp-1104786,MP structure; K_eff from this work (DFT),Ca18Cr6H3N18,148,-0.002478225,0.0542,0,1,0,structures/mp-1104786.cif
mp-1188153,MP structure; K_eff from this work (DFT),Ti20Ga12,140,0.009138556,0.1204,1,1,1,structures/mp-1188153.cif
mp-1188205,MP structure; K_eff from this work (DFT),Rb16O24,122,0.45390248,0.028,1,1,1,structures/mp-1188205.cif
mp-1190798,MP structure; K_eff from this work (DFT),Cr12C18N36,167,-0.148050477,0.2815,0,1,0,structures/mp-1190798.cif
mp-1194302,MP structure; K_eff from this work (DFT),Cs24Fe8Se24,64,0.392078592,0.0535,,0,1,structures/mp-1194302.cif
mp-1195732,MP structure; K_eff from this work (DFT),Sb8Xe4F60,15,0.005148528,0.0188,,0,1,structures/mp-1195732.cif
mp-1204380,MP structure; K_eff from this work (DFT),K4Na8Ni8O16,14,0.380677772,0.0217,,0,1,structures/mp-1204380.cif
mp-18645,MP structure; K_eff from this work (DFT),Sc10In8Rh4,55,10.14523572,0.0093,,0,1,structures/mp-18645.cif
mp-20641,MP structure; K_eff from this work (DFT),Mn6Co6O18,148,0.010479288,0.727,1,1,1,structures/mp-20641.cif
mp-21653,MP structure; K_eff from this work (DFT),Ba12Ni12N12,62,0.061270055,0.0042,,0,1,structures/mp-21653.cif
mp-27273,MP structure; K_eff from this work (DFT),Ti18O34,2,0.002846612,0.0442,,0,1,structures/mp-27273.cif
mp-2794,MP structure; K_eff from this work (DFT),Fe20C8,15,0.451552043,0.7619,,0,1,structures/mp-2794.cif
mp-28137,MP structure; K_eff from this work (DFT),Co4Cl8O32,148,0.103222088,0.0611,1,1,1,structures/mp-28137.cif
mp-28301,MP structure; K_eff from this work (DFT),Os8Br32,61,18.67180856,0.0195,,0,1,structures/mp-28301.cif
mp-28865,MP structure; K_eff from this work (DFT),Os3S6Cl36,166,-15.11846766,0.0441,0,1,0,structures/mp-28865.cif
mp-30411,MP structure; K_eff from this work (DFT),Mn9Au31,83,1.304824463,0.6641,1,1,1,structures/mp-30411.cif
mp-540894,MP structure; K_eff from this work (DFT),Fe8S12O48,14,0.158499026,0.1343,,0,1,structures/mp-540894.cif
mp-541510,MP structure; K_eff from this work (DFT),W4Se34Cl24,2,3.531094674,0.0055,,0,1,structures/mp-541510.cif
mp-541814,MP structure; K_eff from this work (DFT),Rb6Co6F18,194,4.362688399,0.0759,1,1,1,structures/mp-541814.cif
mp-554079,MP structure; K_eff from this work (DFT),Fe4S12N8Cl20,14,0.017015397,0.0477,,0,1,structures/mp-554079.cif
mp-555493,MP structure; K_eff from this work (DFT),Re8S8N4Cl44,15,0.114339839,0.049,,0,1,structures/mp-555493.cif
mp-558889,MP structure; K_eff from this work (DFT),Fe5Cu2P6O24,2,0.121006001,0.7163,,0,1,structures/mp-558889.cif
mp-559964,MP structure; K_eff from this work (DFT),Ti24O44,12,0.03814033,0.021,,0,1,structures/mp-559964.cif
mp-5603,MP structure; K_eff from this work (DFT),Nb8Co8Te16,64,0.014684673,0.0019,,0,1,structures/mp-5603.cif
mp-569961,MP structure; K_eff from this work (DFT),Sr16Mn4Fe2N16,12,0.087461067,0.1912,,0,1,structures/mp-569961.cif
mp-570455,MP structure; K_eff from this work (DFT),Cs2Nb12I22,182,-20.46052732,0.0178,0,1,0,structures/mp-570455.cif
mp-600233,MP structure; K_eff from this work (DFT),Co4H56C12N4Cl12O8,62,0.423834997,0.0345,,0,1,structures/mp-600233.cif
mp-600428,MP structure; K_eff from this work (DFT),Mn12Sn8,62,0.608156641,0.2691,,0,1,structures/mp-600428.cif
mp-617352,MP structure; K_eff from this work (DFT),Te12W4I4Cl24,14,0.493273637,0.0084,,0,1,structures/mp-617352.cif
mp-683891,MP structure; K_eff from this work (DFT),Mn2Sb12Pb8S28,14,0.114015147,0.0467,,0,1,structures/mp-683891.cif
mp-698413,MP structure; K_eff from this work (DFT),Cu8H64C16N8Cl24,15,0.075054753,0.015,,0,1,structures/mp-698413.cif
mp-727952,MP structure; K_eff from this work (DFT),I12O32,14,0.011447698,0.0167,,0,1,structures/mp-727952.cif
mp-758104,MP structure; K_eff from this work (DFT),Mn11Pd21,123,0.397072637,1.2393,1,1,1,structures/mp-758104.cif
mp-759189,MP structure; K_eff from this work (DFT),Mn2Al4P4H36O36,2,0.014081703,0.0854,,0,1,structures/mp-759189.cif
mp-759393,MP structure; K_eff from this work (DFT),Cu4H64C16N40O8,61,0.001371687,0.01,,0,1,structures/mp-759393.cif
Fe1Ni1_#123_0.json,Novamag database (Nieves et al. 2019),Fe1Ni1(123),123,0.73,,1,1,1,structures/Fe1Ni1_#123_0.cif
Al1Mn1_#123_0.json,Novamag database (Nieves et al. 2019),Al1Mn1(123),123,1.51,,1,1,1,structures/Al1Mn1_#123_0.cif
Al1Co3_#123_1A.json,Novamag database (Nieves et al. 2019),Al1Co3(123),123,-1.124,,0,1,0,structures/Al1Co3_#123_1A.cif
Al1Co3_#187_1A.json,Novamag database (Nieves et al. 2019),Al1Co3(187),187,0.035,,1,1,1,structures/Al1Co3_#187_1A.cif
Al1Co5_#123_1A.json,Novamag database (Nieves et al. 2019),Al1Co5(123),123,-0.773,,0,1,0,structures/Al1Co5_#123_1A.cif
Al1Co5_#189_1A.json,Novamag database (Nieves et al. 2019),Al1Co5(189),189,0.04,,1,1,1,structures/Al1Co5_#189_1A.cif
Al2Co16_#139_1A.json,Novamag database (Nieves et al. 2019),Al2Co16(139),139,-0.564,,0,1,0,structures/Al2Co16_#139_1A.cif
Al2Co4_#139_1A.json,Novamag database (Nieves et al. 2019),Al2Co4(139),139,2.647,,1,1,1,structures/Al2Co4_#139_1A.cif
Al2Co6_#194_1A.json,Novamag database (Nieves et al. 2019),Al2Co6(194),194,-0.633,,0,1,0,structures/Al2Co6_#194_1A.cif
Al2Co8_#87_1A.json,Novamag database (Nieves et al. 2019),Al2Co8(87),87,1.829,,1,1,1,structures/Al2Co8_#87_1A.cif
Al3Co9_#166_1A.json,Novamag database (Nieves et al. 2019),Al3Co9(166),166,-0.742,,0,1,0,structures/Al3Co9_#166_1A.cif
Al4Co12_#194_1A.json,Novamag database (Nieves et al. 2019),Al4Co12(194),194,0.545,,1,1,1,structures/Al4Co12_#194_1A.cif
Al6Co18_#194_1A.json,Novamag database (Nieves et al. 2019),Al6Co18(194),194,0.498,,1,1,1,structures/Al6Co18_#194_1A.cif
B1Co3_#123_1A.json,Novamag database (Nieves et al. 2019),B1Co3(123),123,0.186,,1,1,1,structures/B1Co3_#123_1A.cif
B1Co5_#189_1A.json,Novamag database (Nieves et al. 2019),B1Co5(189),189,-0.125,,0,1,0,structures/B1Co5_#189_1A.cif
B2Co16_#139_1A.json,Novamag database (Nieves et al. 2019),B2Co16(139),139,-0.272,,0,1,0,structures/B2Co16_#139_1A.cif
B3Co9_#166_1A.json,Novamag database (Nieves et al. 2019),B3Co9(166),166,0.373,,1,1,1,structures/B3Co9_#166_1A.cif
B8Co16_#194_1A.json,Novamag database (Nieves et al. 2019),B8Co16(194),194,1.342,,1,1,1,structures/B8Co16_#194_1A.cif
Be1Co3_#123_1A.json,Novamag database (Nieves et al. 2019),Be1Co3(123),123,-0.78,,0,1,0,structures/Be1Co3_#123_1A.cif
Be1Co3_#187_1A.json,Novamag database (Nieves et al. 2019),Be1Co3(187),187,-0.325,,0,1,0,structures/Be1Co3_#187_1A.cif
Be1Co5_#123_1A.json,Novamag database (Nieves et al. 2019),Be1Co5(123),123,-0.059,,0,1,0,structures/Be1Co5_#123_1A.cif
Be1Co5_#189_1A.json,Novamag database (Nieves et al. 2019),Be1Co5(189),189,-0.231,,0,1,0,structures/Be1Co5_#189_1A.cif
Be2Co6_#194_1A.json,Novamag database (Nieves et al. 2019),Be2Co6(194),194,4.421,,1,1,1,structures/Be2Co6_#194_1A.cif
Be2Co8_#87_1A.json,Novamag database (Nieves et al. 2019),Be2Co8(87),87,0.078,,1,1,1,structures/Be2Co8_#87_1A.cif
Be4Co12_#194_1A.json,Novamag database (Nieves et al. 2019),Be4Co12(194),194,0.847,,1,1,1,structures/Be4Co12_#194_1A.cif
Be6Co18_#194_1A.json,Novamag database (Nieves et al. 2019),Be6Co18(194),194,1.122,,1,1,1,structures/Be6Co18_#194_1A.cif
Co12Ga4_#194_1A.json,Novamag database (Nieves et al. 2019),Co12Ga4(194),194,0.779,,1,1,1,structures/Co12Ga4_#194_1A.cif
Co16Ga2_#139_1A.json,Novamag database (Nieves et al. 2019),Co16Ga2(139),139,-0.538,,0,1,0,structures/Co16Ga2_#139_1A.cif
Co2Ga1_#164_1A.json,Novamag database (Nieves et al. 2019),Co2Ga1(164),164,3.236,,1,1,1,structures/Co2Ga1_#164_1A.cif
Co3Ga1_#123_1A.json,Novamag database (Nieves et al. 2019),Co3Ga1(123),123,-1.169,,0,1,0,structures/Co3Ga1_#123_1A.cif
Co4Ga2_#129_1A.json,Novamag database (Nieves et al. 2019),Co4Ga2(129),129,0.207,,1,1,1,structures/Co4Ga2_#129_1A.cif
Co4Ga2_#139_1A.json,Novamag database (Nieves et al. 2019),Co4Ga2(139),139,-2.127,,0,1,0,structures/Co4Ga2_#139_1A.cif
Co5Ga1_#123_1A.json,Novamag database (Nieves et al. 2019),Co5Ga1(123),123,-0.232,,0,1,0,structures/Co5Ga1_#123_1A.cif
Co5Ga1_#189_1A.json,Novamag database (Nieves et al. 2019),Co5Ga1(189),189,0.061,,1,1,1,structures/Co5Ga1_#189_1A.cif
Co6Ga2_#139_1A.json,Novamag database (Nieves et al. 2019),Co6Ga2(139),139,-2.628,,0,1,0,structures/Co6Ga2_#139_1A.cif
Co8Ga2_#87_1A.json,Novamag database (Nieves et al. 2019),Co8Ga2(87),87,1.759,,1,1,1,structures/Co8Ga2_#87_1A.cif
Co9Ga6_#166_1A.json,Novamag database (Nieves et al. 2019),Co9Ga6(166),166,-0.441,,0,1,0,structures/Co9Ga6_#166_1A.cif
Co2Ge1_#164_1A.json,Novamag database (Nieves et al. 2019),Co2Ge1(164),164,-1.192,,0,1,0,structures/Co2Ge1_#164_1A.cif
Co3Ge1_#123_1A.json,Novamag database (Nieves et al. 2019),Co3Ge1(123),123,0.754,,1,1,1,structures/Co3Ge1_#123_1A.cif
Co5Ge1_#189_1A.json,Novamag database (Nieves et al. 2019),Co5Ge1(189),189,-0.872,,0,1,0,structures/Co5Ge1_#189_1A.cif
Co6Ge2_#139_1A.json,Novamag database (Nieves et al. 2019),Co6Ge2(139),139,-2.082,,0,1,0,structures/Co6Ge2_#139_1A.cif
Co8Ge2_#87_1A.json,Novamag database (Nieves et al. 2019),Co8Ge2(87),87,1.762,,1,1,1,structures/Co8Ge2_#87_1A.cif
Co16Hf2_#139_1A.json,Novamag database (Nieves et al. 2019),Co16Hf2(139),139,0.172,,1,1,1,structures/Co16Hf2_#139_1A.cif
Co3Hf1_#123_1A.json,Novamag database (Nieves et al. 2019),Co3Hf1(123),123,1.681,,1,1,1,structures/Co3Hf1_#123_1A.cif
Co4Hf2_#139_1A.json,Novamag database (Nieves et al. 2019),Co4Hf2(139),139,-9.636,,0,1,0,structures/Co4Hf2_#139_1A.cif
Co5Hf1_#191_1A.json,Novamag database (Nieves et al. 2019),Co5Hf1(191),191,0.899,,1,1,1,structures/Co5Hf1_#191_1A.cif
Co6Hf2_#194_1A.json,Novamag database (Nieves et al. 2019),Co6Hf2(194),194,-3.458,,0,1,0,structures/Co6Hf2_#194_1A.cif
Co8Hf2_#139_1A.json,Novamag database (Nieves et al. 2019),Co8Hf2(139),139,0.241,,1,1,1,structures/Co8Hf2_#139_1A.cif
Co8Hf2_#87_1A.json,Novamag database (Nieves et al. 2019),Co8Hf2(87),87,1.045,,1,1,1,structures/Co8Hf2_#87_1A.cif
Co8Mg4_#194_1A.json,Novamag database (Nieves et al. 2019),Co8Mg4(194),194,-0.578,,0,1,0,structures/Co8Mg4_#194_1A.cif
Co16Nb2_#139_1A.json,Novamag database (Nieves et al. 2019),Co16Nb2(139),139,-0.104,,0,1,0,structures/Co16Nb2_#139_1A.cif
Co5Nb1_#189_1A.json,Novamag database (Nieves et al. 2019),Co5Nb1(189),189,0.67,,1,1,1,structures/Co5Nb1_#189_1A.cif
Co8Nb2_#87_1A.json,Novamag database (Nieves et al. 2019),Co8Nb2(87),87,-0.265,,0,1,0,structures/Co8Nb2_#87_1A.cif
Co10Ni8_#139_1A.json,Novamag database (Nieves et al. 2019),Co10Ni8(139),139,0.123,,1,1,1,structures/Co10Ni8_#139_1A.cif
Co16Ni8_#141_1A.json,Novamag database (Nieves et al. 2019),Co16Ni8(141),141,-0.667,,0,1,0,structures/Co16Ni8_#141_1A.cif
Co18Ni6_#194_1A.json,Novamag database (Nieves et al. 2019),Co18Ni6(194),194,0.28,,1,1,1,structures/Co18Ni6_#194_1A.cif
Co1Ni2_#164_1A.json,Novamag database (Nieves et al. 2019),Co1Ni2(164),164,1.653,,1,1,1,structures/Co1Ni2_#164_1A.cif
Co1Ni5_#123_1A.json,Novamag database (Nieves et al. 2019),Co1Ni5(123),123,0.214,,1,1,1,structures/Co1Ni5_#123_1A.cif
Co2Ni2_#129_1A.json,Novamag database (Nieves et al. 2019),Co2Ni2(129),129,-0.859,,0,1,0,structures/Co2Ni2_#129_1A.cif
Co2Ni2_#164_1A.json,Novamag database (Nieves et al. 2019),Co2Ni2(164),164,0.202,,1,1,1,structures/Co2Ni2_#164_1A.cif
Co2Ni4_#139_1A.json,Novamag database (Nieves et al. 2019),Co2Ni4(139),139,0.663,,1,1,1,structures/Co2Ni4_#139_1A.cif
Co2Ni6_#123_1A.json,Novamag database (Nieves et al. 2019),Co2Ni6(123),123,0.117,,1,1,1,structures/Co2Ni6_#123_1A.cif
Co2Ni6_#139_1A.json,Novamag database (Nieves et al. 2019),Co2Ni6(139),139,0.439,,1,1,1,structures/Co2Ni6_#139_1A.cif
Co2Ni8_#87_1A.json,Novamag database (Nieves et al. 2019),Co2Ni8(87),87,-0.205,,0,1,0,structures/Co2Ni8_#87_1A.cif
Co3Ni9_#166_1A.json,Novamag database (Nieves et al. 2019),Co3Ni9(166),166,1.44,,1,1,1,structures/Co3Ni9_#166_1A.cif
Co5Ni1_#189_1A.json,Novamag database (Nieves et al. 2019),Co5Ni1(189),189,-0.443,,0,1,0,structures/Co5Ni1_#189_1A.cif
Co6Ni2_#194_1A.json,Novamag database (Nieves et al. 2019),Co6Ni2(194),194,0.181,,1,1,1,structures/Co6Ni2_#194_1A.cif
Co6Ni6_#166_1A.json,Novamag database (Nieves et al. 2019),Co6Ni6(166),166,0.373,,1,1,1,structures/Co6Ni6_#166_1A.cif
Co8Ni10_#139_1A.json,Novamag database (Nieves et al. 2019),Co8Ni10(139),139,0.277,,1,1,1,structures/Co8Ni10_#139_1A.cif
Co16P2_#139_1A.json,Novamag database (Nieves et al. 2019),Co16P2(139),139,0.188,,1,1,1,structures/Co16P2_#139_1A.cif
Co3P1_#123_1A.json,Novamag database (Nieves et al. 2019),Co3P1(123),123,-4.605,,0,1,0,structures/Co3P1_#123_1A.cif
Co3P1_#187_1A.json,Novamag database (Nieves et al. 2019),Co3P1(187),187,2.076,,1,1,1,structures/Co3P1_#187_1A.cif
Co5P1_#123_1A.json,Novamag database (Nieves et al. 2019),Co5P1(123),123,-3.009,,0,1,0,structures/Co5P1_#123_1A.cif
Co5P1_#189_1A.json,Novamag database (Nieves et al. 2019),Co5P1(189),189,0.832,,1,1,1,structures/Co5P1_#189_1A.cif
Co6P2_#139_1A.json,Novamag database (Nieves et al. 2019),Co6P2(139),139,1.306,,1,1,1,structures/Co6P2_#139_1A.cif
Co8P2_#87_1A.json,Novamag database (Nieves et al. 2019),Co8P2(87),87,0.768,,1,1,1,structures/Co8P2_#87_1A.cif
Co9P3_#166_1A.json,Novamag database (Nieves et al. 2019),Co9P3(166),166,-0.933,,0,1,0,structures/Co9P3_#166_1A.cif
Co10Pt8_#139_1A.json,Novamag database (Nieves et al. 2019),Co10Pt8(139),139,7.554,,1,1,1,structures/Co10Pt8_#139_1A.cif
Co12Pt4_#139_1A.json,Novamag database (Nieves et al. 2019),Co12Pt4(139),139,-2.476,,0,1,0,structures/Co12Pt4_#139_1A.cif
Co16Pt2_#139_1A.json,Novamag database (Nieves et al. 2019),Co16Pt2(139),139,1.053,,1,1,1,structures/Co16Pt2_#139_1A.cif
Co16Pt8_#141_1A.json,Novamag database (Nieves et al. 2019),Co16Pt8(141),141,-4.685,,0,1,0,structures/Co16Pt8_#141_1A.cif
Co16Pt8_#194_1A.json,Novamag database (Nieves et al. 2019),Co16Pt8(194),194,-1.884,,0,1,0,structures/Co16Pt8_#194_1A.cif
Co1Pt1_#123_1A.json,Novamag database (Nieves et al. 2019),Co1Pt1(123),123,5.381,,1,1,1,structures/Co1Pt1_#123_1A.cif
Co1Pt1_#187_1A.json,Novamag database (Nieves et al. 2019),Co1Pt1(187),187,11.743,,1,1,1,structures/Co1Pt1_#187_1A.cif
Co1Pt2_#164_1A.json,Novamag database (Nieves et al. 2019),Co1Pt2(164),164,3.457,,1,1,1,structures/Co1Pt2_#164_1A.cif
Co1Pt3_#187_1A.json,Novamag database (Nieves et al. 2019),Co1Pt3(187),187,2.514,,1,1,1,structures/Co1Pt3_#187_1A.cif
Co2Pt1_#164_1A.json,Novamag database (Nieves et al. 2019),Co2Pt1(164),164,1.974,,1,1,1,structures/Co2Pt1_#164_1A.cif
Co2Pt1_#191_1A.json,Novamag database (Nieves et al. 2019),Co2Pt1(191),191,-33.295,,0,1,0,structures/Co2Pt1_#191_1A.cif
Co2Pt2_#129_1A.json,Novamag database (Nieves et al. 2019),Co2Pt2(129),129,4.471,,1,1,1,structures/Co2Pt2_#129_1A.cif
Co2Pt2_#164_1A.json,Novamag database (Nieves et al. 2019),Co2Pt2(164),164,1.508,,1,1,1,structures/Co2Pt2_#164_1A.cif
Co2Pt4_#139_1A.json,Novamag database (Nieves et al. 2019),Co2Pt4(139),139,-7.577,,0,1,0,structures/Co2Pt4_#139_1A.cif
Co3Pt3_#166_1A.json,Novamag database (Nieves et al. 2019),Co3Pt3(166),166,10.944,,1,1,1,structures/Co3Pt3_#166_1A.cif
Co3Pt6_#189_1A.json,Novamag database (Nieves et al. 2019),Co3Pt6(189),189,-22.742,,0,1,0,structures/Co3Pt6_#189_1A.cif
Co4Pt2_#139_1A.json,Novamag database (Nieves et al. 2019),Co4Pt2(139),139,-5.046,,0,1,0,structures/Co4Pt2_#139_1A.cif
Co4Pt4_#141_1A.json,Novamag database (Nieves et al. 2019),Co4Pt4(141),141,3.208,,1,1,1,structures/Co4Pt4_#141_1A.cif
Co4Pt8_#141_1A.json,Novamag database (Nieves et al. 2019),Co4Pt8(141),141,-8.172,,0,1,0,structures/Co4Pt8_#141_1A.cif
Co5Pt1_#189_1A.json,Novamag database (Nieves et al. 2019),Co5Pt1(189),189,-0.408,,0,1,0,structures/Co5Pt1_#189_1A.cif
Co6Pt2_#139_1A.json,Novamag database (Nieves et al. 2019),Co6Pt2(139),139,-3.667,,0,1,0,structures/Co6Pt2_#139_1A.cif
Co6Pt2_#194_1A.json,Novamag database (Nieves et al. 2019),Co6Pt2(194),194,-2.572,,0,1,0,structures/Co6Pt2_#194_1A.cif
Co6Pt6_#166_1A.json,Novamag database (Nieves et al. 2019),Co6Pt6(166),166,1.853,,1,1,1,structures/Co6Pt6_#166_1A.cif
Co8Pt2_#87_1A.json,Novamag database (Nieves et al. 2019),Co8Pt2(87),87,1.363,,1,1,1,structures/Co8Pt2_#87_1A.cif
Co12Sc4_#194_1A.json,Novamag database (Nieves et al. 2019),Co12Sc4(194),194,-1.509,,0,1,0,structures/Co12Sc4_#194_1A.cif
Co16Sc2_#139_1A.json,Novamag database (Nieves et al. 2019),Co16Sc2(139),139,0.093,,1,1,1,structures/Co16Sc2_#139_1A.cif
Co3Sc1_#123_1A.json,Novamag database (Nieves et al. 2019),Co3Sc1(123),123,0.696,,1,1,1,structures/Co3Sc1_#123_1A.cif
Co4Sc2_#139_1A.json,Novamag database (Nieves et al. 2019),Co4Sc2(139),139,-1.991,,0,1,0,structures/Co4Sc2_#139_1A.cif
Co5Sc1_#191_1A.json,Novamag database (Nieves et al. 2019),Co5Sc1(191),191,1.888,,1,1,1,structures/Co5Sc1_#191_1A.cif
Co6Sc2_#123_1A.json,Novamag database (Nieves et al. 2019),Co6Sc2(123),123,1.63,,1,1,1,structures/Co6Sc2_#123_1A.cif
Co6Sc2_#139_1A.json,Novamag database (Nieves et al. 2019),Co6Sc2(139),139,-2.276,,0,1,0,structures/Co6Sc2_#139_1A.cif
Co8Sc2_#139_1A.json,Novamag database (Nieves et al. 2019),Co8Sc2(139),139,0.663,,1,1,1,structures/Co8Sc2_#139_1A.cif
Co8Sc2_#87_1A.json,Novamag database (Nieves et al. 2019),Co8Sc2(87),87,2.088,,1,1,1,structures/Co8Sc2_#87_1A.cif
Co3Si1_#123_1A.json,Novamag database (Nieves et al. 2019),Co3Si1(123),123,2.059,,1,1,1,structures/Co3Si1_#123_1A.cif
Co3Si1_#187_1A.json,Novamag database (Nieves et al. 2019),Co3Si1(187),187,1.924,,1,1,1,structures/Co3Si1_#187_1A.cif
Co5Si1_#123_1A.json,Novamag database (Nieves et al. 2019),Co5Si1(123),123,-1.706,,0,1,0,structures/Co5Si1_#123_1A.cif
Co6Si2_#123_1A.json,Novamag database (Nieves et al. 2019),Co6Si2(123),123,-1.896,,0,1,0,structures/Co6Si2_#123_1A.cif
Co6Si2_#139_1A.json,Novamag database (Nieves et al. 2019),Co6Si2(139),139,-2.302,,0,1,0,structures/Co6Si2_#139_1A.cif
Co8Si2_#87_1A.json,Novamag database (Nieves et al. 2019),Co8Si2(87),87,1.62,,1,1,1,structures/Co8Si2_#87_1A.cif
Co9Si3_#166_1A.json,Novamag database (Nieves et al. 2019),Co9Si3(166),166,0.762,,1,1,1,structures/Co9Si3_#166_1A.cif
Co16Ta2_#139_1A.json,Novamag database (Nieves et al. 2019),Co16Ta2(139),139,-0.569,,0,1,0,structures/Co16Ta2_#139_1A.cif
Co3Ta1_#123_1A.json,Novamag database (Nieves et al. 2019),Co3Ta1(123),123,2.882,,1,1,1,structures/Co3Ta1_#123_1A.cif
Co5Ta1_#189_1A.json,Novamag database (Nieves et al. 2019),Co5Ta1(189),189,0.299,,1,1,1,structures/Co5Ta1_#189_1A.cif
Co6Ta2_#139_1A.json,Novamag database (Nieves et al. 2019),Co6Ta2(139),139,-0.253,,0,1,0,structures/Co6Ta2_#139_1A.cif
Co8Ta2_#87_1A.json,Novamag database (Nieves et al. 2019),Co8Ta2(87),87,-0.209,,0,1,0,structures/Co8Ta2_#87_1A.cif
Co3Ti1_#123_1A.json,Novamag database (Nieves et al. 2019),Co3Ti1(123),123,2.572,,1,1,1,structures/Co3Ti1_#123_1A.cif
Co4Ti2_#139_1A.json,Novamag database (Nieves et al. 2019),Co4Ti2(139),139,-5.104,,0,1,0,structures/Co4Ti2_#139_1A.cif
Co5Ti1_#189_1A.json,Novamag database (Nieves et al. 2019),Co5Ti1(189),189,0.669,,1,1,1,structures/Co5Ti1_#189_1A.cif
Co5Ti1_#191_1A.json,Novamag database (Nieves et al. 2019),Co5Ti1(191),191,0.858,,1,1,1,structures/Co5Ti1_#191_1A.cif
Co9Ti3_#166_1A.json,Novamag database (Nieves et al. 2019),Co9Ti3(166),166,-0.298,,0,1,0,structures/Co9Ti3_#166_1A.cif
Co16V2_#139_1A.json,Novamag database (Nieves et al. 2019),Co16V2(139),139,-0.173,,0,1,0,structures/Co16V2_#139_1A.cif
Co3V1_#123_1A.json,Novamag database (Nieves et al. 2019),Co3V1(123),123,0.427,,1,1,1,structures/Co3V1_#123_1A.cif
Co4V2_#139_1A.json,Novamag database (Nieves et al. 2019),Co4V2(139),139,0.597,,1,1,1,structures/Co4V2_#139_1A.cif
Co6V2_#123_1A.json,Novamag database (Nieves et al. 2019),Co6V2(123),123,0.518,,1,1,1,structures/Co6V2_#123_1A.cif
Co8V2_#87_1A.json,Novamag database (Nieves et al. 2019),Co8V2(87),87,-0.378,,0,1,0,structures/Co8V2_#87_1A.cif
Co2Zn2_#129_1A.json,Novamag database (Nieves et al. 2019),Co2Zn2(129),129,-0.16,,0,1,0,structures/Co2Zn2_#129_1A.cif
Co4Zn2_#139_1A.json,Novamag database (Nieves et al. 2019),Co4Zn2(139),139,-0.878,,0,1,0,structures/Co4Zn2_#139_1A.cif
Co12Zr4_#194_1A.json,Novamag database (Nieves et al. 2019),Co12Zr4(194),194,0.411,,1,1,1,structures/Co12Zr4_#194_1A.cif
Co16Zr2_#139_1A.json,Novamag database (Nieves et al. 2019),Co16Zr2(139),139,0.441,,1,1,1,structures/Co16Zr2_#139_1A.cif
Co3Zr1_#123_1A.json,Novamag database (Nieves et al. 2019),Co3Zr1(123),123,2.182,,1,1,1,structures/Co3Zr1_#123_1A.cif
Co4Zr2_#139_1A.json,Novamag database (Nieves et al. 2019),Co4Zr2(139),139,-3.624,,0,1,0,structures/Co4Zr2_#139_1A.cif
Co8Zr2_#139_1A.json,Novamag database (Nieves et al. 2019),Co8Zr2(139),139,0.381,,1,1,1,structures/Co8Zr2_#139_1A.cif
Co8Zr2_#87_1A.json,Novamag database (Nieves et al. 2019),Co8Zr2(87),87,0.39,,1,1,1,structures/Co8Zr2_#87_1A.cif
As2Fe2_#129_1A.json,Novamag database (Nieves et al. 2019),As2Fe2(129),129,-2.64,,0,1,0,structures/As2Fe2_#129_1A.cif
As3Fe6_#189_1A.json,Novamag database (Nieves et al. 2019),As3Fe6(189),189,2.194,,1,1,1,structures/As3Fe6_#189_1A.cif
As4Fe12_#139_1A.json,Novamag database (Nieves et al. 2019),As4Fe12(139),139,-0.196,,0,1,0,structures/As4Fe12_#139_1A.cif
As4Fe12_#194_1A.json,Novamag database (Nieves et al. 2019),As4Fe12(194),194,-0.801,,0,1,0,structures/As4Fe12_#194_1A.cif
Fe12P4_#194_1A.json,Novamag database (Nieves et al. 2019),Fe12P4(194),194,0.078,,1,1,1,structures/Fe12P4_#194_1A.cif
Fe16P2_#139_1A.json,Novamag database (Nieves et al. 2019),Fe16P2(139),139,1.345,,1,1,1,structures/Fe16P2_#139_1A.cif
Fe16P8_#141_1A.json,Novamag database (Nieves et al. 2019),Fe16P8(141),141,-1.114,,0,1,0,structures/Fe16P8_#141_1A.cif
Fe18P6_#194_1A.json,Novamag database (Nieves et al. 2019),Fe18P6(194),194,0.077,,1,1,1,structures/Fe18P6_#194_1A.cif
Fe24P8_#82_1A.json,Novamag database (Nieves et al. 2019),Fe24P8(82),82,0.135,,1,1,1,structures/Fe24P8_#82_1A.cif
Fe2P1_#123_1A.json,Novamag database (Nieves et al. 2019),Fe2P1(123),123,-0.401,,0,1,0,structures/Fe2P1_#123_1A.cif
Fe2P1_#164_1A.json,Novamag database (Nieves et al. 2019),Fe2P1(164),164,0.282,,1,1,1,structures/Fe2P1_#164_1A.cif
Fe3P1_#123_1A.json,Novamag database (Nieves et al. 2019),Fe3P1(123),123,0.432,,1,1,1,structures/Fe3P1_#123_1A.cif
Fe3P1_#187_1A.json,Novamag database (Nieves et al. 2019),Fe3P1(187),187,-3.579,,0,1,0,structures/Fe3P1_#187_1A.cif
Fe4P2_#139_1A.json,Novamag database (Nieves et al. 2019),Fe4P2(139),139,-0.55,,0,1,0,structures/Fe4P2_#139_1A.cif
Fe4P2_#194_1A.json,Novamag database (Nieves et al. 2019),Fe4P2(194),194,-2.327,,0,1,0,structures/Fe4P2_#194_1A.cif
Fe5P1_#123_1A.json,Novamag database (Nieves et al. 2019),Fe5P1(123),123,0.877,,1,1,1,structures/Fe5P1_#123_1A.cif
Fe5P1_#189_1A.json,Novamag database (Nieves et al. 2019),Fe5P1(189),189,0.363,,1,1,1,structures/Fe5P1_#189_1A.cif
Fe6P2_#194_1A.json,Novamag database (Nieves et al. 2019),Fe6P2(194),194,-0.024,,0,1,0,structures/Fe6P2_#194_1A.cif
Fe6P3_#189_1A.json,Novamag database (Nieves et al. 2019),Fe6P3(189),189,3.281,,1,1,1,structures/Fe6P3_#189_1A.cif
Fe8P2_#87_1A.json,Novamag database (Nieves et al. 2019),Fe8P2(87),87,1.179,,1,1,1,structures/Fe8P2_#87_1A.cif
Fe8P4_#140_1A.json,Novamag database (Nieves et al. 2019),Fe8P4(140),140,-0.381,,0,1,0,structures/Fe8P4_#140_1A.cif
Fe9P3_#166_1A.json,Novamag database (Nieves et al. 2019),Fe9P3(166),166,2.064,,1,1,1,structures/Fe9P3_#166_1A.cif
Fe10Pd8_#139_1A.json,Novamag database (Nieves et al. 2019),Fe10Pd8(139),139,1.261,,1,1,1,structures/Fe10Pd8_#139_1A.cif
Fe1Pd1_#123_1A.json,Novamag database (Nieves et al. 2019),Fe1Pd1(123),123,1.219,,1,1,1,structures/Fe1Pd1_#123_1A.cif
Fe1Pd2_#164_1A.json,Novamag database (Nieves et al. 2019),Fe1Pd2(164),164,-0.315,,0,1,0,structures/Fe1Pd2_#164_1A.cif
Fe2Pd2_#129_1A.json,Novamag database (Nieves et al. 2019),Fe2Pd2(129),129,1.6,,1,1,1,structures/Fe2Pd2_#129_1A.cif
Fe2Pd4_#139_1A.json,Novamag database (Nieves et al. 2019),Fe2Pd4(139),139,0.823,,1,1,1,structures/Fe2Pd4_#139_1A.cif
Fe2Pd4_#194_1A.json,Novamag database (Nieves et al. 2019),Fe2Pd4(194),194,-2.157,,0,1,0,structures/Fe2Pd4_#194_1A.cif
Fe3Pd4_#191_1A.json,Novamag database (Nieves et al. 2019),Fe3Pd4(191),191,2.145,,1,1,1,structures/Fe3Pd4_#191_1A.cif
Fe3Pd6_#189_1A.json,Novamag database (Nieves et al. 2019),Fe3Pd6(189),189,-1.719,,0,1,0,structures/Fe3Pd6_#189_1A.cif
Fe4Pd4_#141_1A.json,Novamag database (Nieves et al. 2019),Fe4Pd4(141),141,-3.149,,0,1,0,structures/Fe4Pd4_#141_1A.cif
Fe4Pd8_#140_1A.json,Novamag database (Nieves et al. 2019),Fe4Pd8(140),140,-1.785,,0,1,0,structures/Fe4Pd8_#140_1A.cif
Fe6Pd9_#166_1A.json,Novamag database (Nieves et al. 2019),Fe6Pd9(166),166,1.266,,1,1,1,structures/Fe6Pd9_#166_1A.cif
Fe8Pd10_#139_1A.json,Novamag database (Nieves et al. 2019),Fe8Pd10(139),139,-0.044,,0,1,0,structures/Fe8Pd10_#139_1A.cif
Fe8Pd10_#193_1A.json,Novamag database (Nieves et al. 2019),Fe8Pd10(193),193,-1.583,,0,1,0,structures/Fe8Pd10_#193_1A.cif
Fe8Pd16_#141_1A.json,Novamag database (Nieves et al. 2019),Fe8Pd16(141),141,-0.308,,0,1,0,structures/Fe8Pd16_#141_1A.cif
Fe8Pd6_#139_1A.json,Novamag database (Nieves et al. 2019),Fe8Pd6(139),139,1.219,,1,1,1,structures/Fe8Pd6_#139_1A.cif
Fe12Pt20_#140_1A.json,Novamag database (Nieves et al. 2019),Fe12Pt20(140),140,-11.708,,0,1,0,structures/Fe12Pt20_#140_1A.cif
Fe16Pt2_#139_1A.json,Novamag database (Nieves et al. 2019),Fe16Pt2(139),139,-2.083,,0,1,0,structures/Fe16Pt2_#139_1A.cif
Fe18Pt6_#194_1A.json,Novamag database (Nieves et al. 2019),Fe18Pt6(194),194,2.338,,1,1,1,structures/Fe18Pt6_#194_1A.cif
Fe1Pt2_#164_1A.json,Novamag database (Nieves et al. 2019),Fe1Pt2(164),164,12.245,,1,1,1,structures/Fe1Pt2_#164_1A.cif
Fe2Pt1_#164_1A.json,Novamag database (Nieves et al. 2019),Fe2Pt1(164),164,-21.785,,0,1,0,structures/Fe2Pt1_#164_1A.cif
Fe2Pt1_#191_1A.json,Novamag database (Nieves et al. 2019),Fe2Pt1(191),191,-7.536,,0,1,0,structures/Fe2Pt1_#191_1A.cif
Fe2Pt2_#123_1A.json,Novamag database (Nieves et al. 2019),Fe2Pt2(123),123,15.285,,1,1,1,structures/Fe2Pt2_#123_1A.cif
Fe2Pt2_#129_1A.json,Novamag database (Nieves et al. 2019),Fe2Pt2(129),129,0.843,,1,1,1,structures/Fe2Pt2_#129_1A.cif
Fe3Pt1_#123_1A.json,Novamag database (Nieves et al. 2019),Fe3Pt1(123),123,2.798,,1,1,1,structures/Fe3Pt1_#123_1A.cif
Fe3Pt4_#191_1A.json,Novamag database (Nieves et al. 2019),Fe3Pt4(191),191,4.005,,1,1,1,structures/Fe3Pt4_#191_1A.cif
Fe4Pt2_#139_1A.json,Novamag database (Nieves et al. 2019),Fe4Pt2(139),139,-1.739,,0,1,0,structures/Fe4Pt2_#139_1A.cif
Fe4Pt2_#194_1A.json,Novamag database (Nieves et al. 2019),Fe4Pt2(194),194,-13.132,,0,1,0,structures/Fe4Pt2_#194_1A.cif
Fe4Pt4_#141_1A.json,Novamag database (Nieves et al. 2019),Fe4Pt4(141),141,-4.36,,0,1,0,structures/Fe4Pt4_#141_1A.cif
Fe5Pt1_#123_1A.json,Novamag database (Nieves et al. 2019),Fe5Pt1(123),123,4.16,,1,1,1,structures/Fe5Pt1_#123_1A.cif
Fe6Pt2_#194_1A.json,Novamag database (Nieves et al. 2019),Fe6Pt2(194),194,-1.132,,0,1,0,structures/Fe6Pt2_#194_1A.cif
Fe6Pt8_#139_1A.json,Novamag database (Nieves et al. 2019),Fe6Pt8(139),139,-0.615,,0,1,0,structures/Fe6Pt8_#139_1A.cif
Fe8Pt10_#193_1A.json,Novamag database (Nieves et al. 2019),Fe8Pt10(193),193,0.018,,1,1,1,structures/Fe8Pt10_#193_1A.cif
Fe8Pt16_#141_1A.json,Novamag database (Nieves et al. 2019),Fe8Pt16(141),141,-0.199,,0,1,0,structures/Fe8Pt16_#141_1A.cif
Fe8Pt6_#139_1A.json,Novamag database (Nieves et al. 2019),Fe8Pt6(139),139,1.589,,1,1,1,structures/Fe8Pt6_#139_1A.cif
Fe9Pt3_#166_1A.json,Novamag database (Nieves et al. 2019),Fe9Pt3(166),166,0.147,,1,1,1,structures/Fe9Pt3_#166_1A.cif
Fe16Re8_#194_1A.json,Novamag database (Nieves et al. 2019),Fe16Re8(194),194,-1.594,,0,1,0,structures/Fe16Re8_#194_1A.cif
Fe12Rh3_#166_1A.json,Novamag database (Nieves et al. 2019),Fe12Rh3(166),166,-0.363,,0,1,0,structures/Fe12Rh3_#166_1A.cif
Fe1Rh1_#123_1A.json,Novamag database (Nieves et al. 2019),Fe1Rh1(123),123,-2.074,,0,1,0,structures/Fe1Rh1_#123_1A.cif
Fe3Rh3_#99_1A.json,Novamag database (Nieves et al. 2019),Fe3Rh3(99),99,-1.006,,0,1,0,structures/Fe3Rh3_#99_1A.cif
Fe4Rh2_#123_1A.json,Novamag database (Nieves et al. 2019),Fe4Rh2(123),123,0.114,,1,1,1,structures/Fe4Rh2_#123_1A.cif
Fe4Rh2_#129_1A.json,Novamag database (Nieves et al. 2019),Fe4Rh2(129),129,-0.931,,0,1,0,structures/Fe4Rh2_#129_1A.cif
Fe4Rh2_#139_1A.json,Novamag database (Nieves et al. 2019),Fe4Rh2(139),139,0.443,,1,1,1,structures/Fe4Rh2_#139_1A.cif
Fe4Rh2_#164_1A.json,Novamag database (Nieves et al. 2019),Fe4Rh2(164),164,-0.693,,0,1,0,structures/Fe4Rh2_#164_1A.cif
Fe4Rh4_#141_1A.json,Novamag database (Nieves et al. 2019),Fe4Rh4(141),141,0.419,,1,1,1,structures/Fe4Rh4_#141_1A.cif
Fe4Rh6_#139_1A.json,Novamag database (Nieves et al. 2019),Fe4Rh6(139),139,-1.231,,0,1,0,structures/Fe4Rh6_#139_1A.cif
Fe5Rh1_#123_1A.json,Novamag database (Nieves et al. 2019),Fe5Rh1(123),123,0.073,,1,1,1,structures/Fe5Rh1_#123_1A.cif
Fe5Rh1_#164_1A.json,Novamag database (Nieves et al. 2019),Fe5Rh1(164),164,-0.537,,0,1,0,structures/Fe5Rh1_#164_1A.cif
Fe6Rh2_#123_1A.json,Novamag database (Nieves et al. 2019),Fe6Rh2(123),123,0.664,,1,1,1,structures/Fe6Rh2_#123_1A.cif
Fe6Rh4_#139_1A.json,Novamag database (Nieves et al. 2019),Fe6Rh4(139),139,0.538,,1,1,1,structures/Fe6Rh4_#139_1A.cif
Fe6Rh9_#166_1A.json,Novamag database (Nieves et al. 2019),Fe6Rh9(166),166,0.023,,1,1,1,structures/Fe6Rh9_#166_1A.cif
Fe8Rh16_#141_1A.json,Novamag database (Nieves et al. 2019),Fe8Rh16(141),141,-0.567,,0,1,0,structures/Fe8Rh16_#141_1A.cif
Fe8Rh2_#139_1A.json,Novamag database (Nieves et al. 2019),Fe8Rh2(139),139,-0.439,,0,1,0,structures/Fe8Rh2_#139_1A.cif
Fe8Rh2_#87_1A.json,Novamag database (Nieves et al. 2019),Fe8Rh2(87),87,0.108,,1,1,1,structures/Fe8Rh2_#87_1A.cif
Fe8Rh6_#139_1A.json,Novamag database (Nieves et al. 2019),Fe8Rh6(139),139,0.175,,1,1,1,structures/Fe8Rh6_#139_1A.cif
Fe9Rh6_#166_1A.json,Novamag database (Nieves et al. 2019),Fe9Rh6(166),166,-0.743,,0,1,0,structures/Fe9Rh6_#166_1A.cif
Fe2Sc2_#129_1A.json,Novamag database (Nieves et al. 2019),Fe2Sc2(129),129,0.62,,1,1,1,structures/Fe2Sc2_#129_1A.cif
Fe4Sc2_#139_1A.json,Novamag database (Nieves et al. 2019),Fe4Sc2(139),139,2.287,,1,1,1,structures/Fe4Sc2_#139_1A.cif
Fe5Sc1_#191_1A.json,Novamag database (Nieves et al. 2019),Fe5Sc1(191),191,-2.447,,0,1,0,structures/Fe5Sc1_#191_1A.cif
Fe8Sc4_#194_1A.json,Novamag database (Nieves et al. 2019),Fe8Sc4(194),194,0.765,,1,1,1,structures/Fe8Sc4_#194_1A.cif
Fe8Sc4_#63_1A.json,Novamag database (Nieves et al. 2019),Fe8Sc4(63),63,-2.263,,0,1,0,structures/Fe8Sc4_#63_1A.cif
Fe8Sc6_#139_1A.json,Novamag database (Nieves et al. 2019),Fe8Sc6(139),139,1.466,,1,1,1,structures/Fe8Sc6_#139_1A.cif
Fe2Se2_#194_1A.json,Novamag database (Nieves et al. 2019),Fe2Se2(194),194,-4.114,,0,1,0,structures/Fe2Se2_#194_1A.cif
Fe6Se6_#166_1A.json,Novamag database (Nieves et al. 2019),Fe6Se6(166),166,-0.37,,0,1,0,structures/Fe6Se6_#166_1A.cif
Fe10Si6_#193_1A.json,Novamag database (Nieves et al. 2019),Fe10Si6(193),193,-2.143,,0,1,0,structures/Fe10Si6_#193_1A.cif
Fe12Si4_#139_1A.json,Novamag database (Nieves et al. 2019),Fe12Si4(139),139,2.222,,1,1,1,structures/Fe12Si4_#139_1A.cif
Fe12Si4_#194_1A.json,Novamag database (Nieves et al. 2019),Fe12Si4(194),194,0.575,,1,1,1,structures/Fe12Si4_#194_1A.cif
Fe16Si2_#139_1A.json,Novamag database (Nieves et al. 2019),Fe16Si2(139),139,0.234,,1,1,1,structures/Fe16Si2_#139_1A.cif
Fe18Si6_#194_1A.json,Novamag database (Nieves et al. 2019),Fe18Si6(194),194,0.716,,1,1,1,structures/Fe18Si6_#194_1A.cif
Fe2Si1_#164_1A.json,Novamag database (Nieves et al. 2019),Fe2Si1(164),164,1.334,,1,1,1,structures/Fe2Si1_#164_1A.cif
Fe3Si1_#123_1A.json,Novamag database (Nieves et al. 2019),Fe3Si1(123),123,-0.639,,0,1,0,structures/Fe3Si1_#123_1A.cif
Fe4Si2_#139_1A.json,Novamag database (Nieves et al. 2019),Fe4Si2(139),139,3.006,,1,1,1,structures/Fe4Si2_#139_1A.cif
Fe4Si2_#194_1A.json,Novamag database (Nieves et al. 2019),Fe4Si2(194),194,-1.447,,0,1,0,structures/Fe4Si2_#194_1A.cif
Fe5Si1_#123_1A.json,Novamag database (Nieves et al. 2019),Fe5Si1(123),123,1.535,,1,1,1,structures/Fe5Si1_#123_1A.cif
Fe5Si1_#189_1A.json,Novamag database (Nieves et al. 2019),Fe5Si1(189),189,-1.54,,0,1,0,structures/Fe5Si1_#189_1A.cif
Fe6Si2_#194_1A.json,Novamag database (Nieves et al. 2019),Fe6Si2(194),194,0.336,,1,1,1,structures/Fe6Si2_#194_1A.cif
Fe6Si2_#225_1A.json,Novamag database (Nieves et al. 2019),Fe6Si2(225),225,-0.037,,,0,0,structures/Fe6Si2_#225_1A.cif
Fe6Si3_#189_1A.json,Novamag database (Nieves et al. 2019),Fe6Si3(189),189,0.112,,1,1,1,structures/Fe6Si3_#189_1A.cif
Fe8Si4_#140_1A.json,Novamag database (Nieves et al. 2019),Fe8Si4(140),140,0.716,,1,1,1,structures/Fe8Si4_#140_1A.cif
Fe8Si6_#139_1A.json,Novamag database (Nieves et al. 2019),Fe8Si6(139),139,0.824,,1,1,1,structures/Fe8Si6_#139_1A.cif
Fe9Si3_#166_1A.json,Novamag database (Nieves et al. 2019),Fe9Si3(166),166,0.174,,1,1,1,structures/Fe9Si3_#166_1A.cif
Fe12Ta4_#139_1A.json,Novamag database (Nieves et al. 2019),Fe12Ta4(139),139,1.719,,1,1,1,structures/Fe12Ta4_#139_1A.cif
Fe12Ta4_#194_1A.json,Novamag database (Nieves et al. 2019),Fe12Ta4(194),194,1.976,,1,1,1,structures/Fe12Ta4_#194_1A.cif
Fe16Ta8_#194_1A.json,Novamag database (Nieves et al. 2019),Fe16Ta8(194),194,1.928,,1,1,1,structures/Fe16Ta8_#194_1A.cif
Fe2Ta1_#164_1A.json,Novamag database (Nieves et al. 2019),Fe2Ta1(164),164,2.471,,1,1,1,structures/Fe2Ta1_#164_1A.cif
Fe3Ta1_#123_1A.json,Novamag database (Nieves et al. 2019),Fe3Ta1(123),123,-0.519,,0,1,0,structures/Fe3Ta1_#123_1A.cif
Fe6Ta2_#139_1A.json,Novamag database (Nieves et al. 2019),Fe6Ta2(139),139,2.21,,1,1,1,structures/Fe6Ta2_#139_1A.cif
Fe6Ta2_#194_1A.json,Novamag database (Nieves et al. 2019),Fe6Ta2(194),194,4.999,,1,1,1,structures/Fe6Ta2_#194_1A.cif
Fe8Ta2_#87_1A.json,Novamag database (Nieves et al. 2019),Fe8Ta2(87),87,2.199,,1,1,1,structures/Fe8Ta2_#87_1A.cif
Fe8Ta6_#139_1A.json,Novamag database (Nieves et al. 2019),Fe8Ta6(139),139,-1.494,,0,1,0,structures/Fe8Ta6_#139_1A.cif
Fe12Ti4_#139_1A.json,Novamag database (Nieves et al. 2019),Fe12Ti4(139),139,0.383,,1,1,1,structures/Fe12Ti4_#139_1A.cif
Fe12Ti4_#194_1A.json,Novamag database (Nieves et al. 2019),Fe12Ti4(194),194,1.078,,1,1,1,structures/Fe12Ti4_#194_1A.cif
Fe16Ti8_#141_1A.json,Novamag database (Nieves et al. 2019),Fe16Ti8(141),141,0.132,,1,1,1,structures/Fe16Ti8_#141_1A.cif
Fe16Ti8_#194_1A.json,Novamag database (Nieves et al. 2019),Fe16Ti8(194),194,-0.493,,0,1,0,structures/Fe16Ti8_#194_1A.cif
Fe18Ti6_#194_1A.json,Novamag database (Nieves et al. 2019),Fe18Ti6(194),194,1.306,,1,1,1,structures/Fe18Ti6_#194_1A.cif
Fe2Ti1_#164_1A.json,Novamag database (Nieves et al. 2019),Fe2Ti1(164),164,-0.54,,0,1,0,structures/Fe2Ti1_#164_1A.cif
Fe2Ti2_#129_1A.json,Novamag database (Nieves et al. 2019),Fe2Ti2(129),129,0.445,,1,1,1,structures/Fe2Ti2_#129_1A.cif
Fe3Ti1_#123_1A.json,Novamag database (Nieves et al. 2019),Fe3Ti1(123),123,-0.212,,0,1,0,structures/Fe3Ti1_#123_1A.cif
Fe4Ti2_#139_1A.json,Novamag database (Nieves et al. 2019),Fe4Ti2(139),139,1.199,,1,1,1,structures/Fe4Ti2_#139_1A.cif
Fe4Ti2_#194_1A.json,Novamag database (Nieves et al. 2019),Fe4Ti2(194),194,2.592,,1,1,1,structures/Fe4Ti2_#194_1A.cif
Fe6Ti2_#139_1A.json,Novamag database (Nieves et al. 2019),Fe6Ti2(139),139,0.285,,1,1,1,structures/Fe6Ti2_#139_1A.cif
Fe6Ti2_#194_1A.json,Novamag database (Nieves et al. 2019),Fe6Ti2(194),194,1.81,,1,1,1,structures/Fe6Ti2_#194_1A.cif
Fe8Ti2_#87_1A.json,Novamag database (Nieves et al. 2019),Fe8Ti2(87),87,-0.375,,0,1,0,structures/Fe8Ti2_#87_1A.cif
Fe8Ti4_#194_1A.json,Novamag database (Nieves et al. 2019),Fe8Ti4(194),194,-0.47,,0,1,0,structures/Fe8Ti4_#194_1A.cif
Fe8Ti6_#139_1A.json,Novamag database (Nieves et al. 2019),Fe8Ti6(139),139,0.911,,1,1,1,structures/Fe8Ti6_#139_1A.cif
Fe9Ti3_#166_1A.json,Novamag database (Nieves et al. 2019),Fe9Ti3(166),166,0.041,,1,1,1,structures/Fe9Ti3_#166_1A.cif
Fe12V4_#139_1A.json,Novamag database (Nieves et al. 2019),Fe12V4(139),139,-0.245,,0,1,0,structures/Fe12V4_#139_1A.cif
Fe20V10_#136_1A.json,Novamag database (Nieves et al. 2019),Fe20V10(136),136,1.311,,1,1,1,structures/Fe20V10_#136_1A.cif
Fe22V8_#136_1A.json,Novamag database (Nieves et al. 2019),Fe22V8(136),136,1.789,,1,1,1,structures/Fe22V8_#136_1A.cif
Fe26V4_#136_1A.json,Novamag database (Nieves et al. 2019),Fe26V4(136),136,1.695,,1,1,1,structures/Fe26V4_#136_1A.cif
Fe2V1_#164_1A.json,Novamag database (Nieves et al. 2019),Fe2V1(164),164,-0.118,,0,1,0,structures/Fe2V1_#164_1A.cif
Fe3V1_#123_1A.json,Novamag database (Nieves et al. 2019),Fe3V1(123),123,-0.924,,0,1,0,structures/Fe3V1_#123_1A.cif
Fe8V4_#139_1A.json,Novamag database (Nieves et al. 2019),Fe8V4(139),139,-0.806,,0,1,0,structures/Fe8V4_#139_1A.cif
Fe9V3_#166_1A.json,Novamag database (Nieves et al. 2019),Fe9V3(166),166,-0.521,,0,1,0,structures/Fe9V3_#166_1A.cif
Fe1Zn1_#123_1A.json,Novamag database (Nieves et al. 2019),Fe1Zn1(123),123,-0.596,,0,1,0,structures/Fe1Zn1_#123_1A.cif
Fe2Zn2_#123_1A.json,Novamag database (Nieves et al. 2019),Fe2Zn2(123),123,-0.531,,0,1,0,structures/Fe2Zn2_#123_1A.cif
Fe2Zr2_#129_1A.json,Novamag database (Nieves et al. 2019),Fe2Zr2(129),129,1.204,,1,1,1,structures/Fe2Zr2_#129_1A.cif
Fe3Zr1_#123_1A.json,Novamag database (Nieves et al. 2019),Fe3Zr1(123),123,-0.713,,0,1,0,structures/Fe3Zr1_#123_1A.cif
Fe4Zr2_#139_1A.json,Novamag database (Nieves et al. 2019),Fe4Zr2(139),139,0.778,,1,1,1,structures/Fe4Zr2_#139_1A.cif
Fe5Zr1_#191_1A.json,Novamag database (Nieves et al. 2019),Fe5Zr1(191),191,-2.808,,0,1,0,structures/Fe5Zr1_#191_1A.cif
Fe8Zr4_#194_1A.json,Novamag database (Nieves et al. 2019),Fe8Zr4(194),194,-0.41,,0,1,0,structures/Fe8Zr4_#194_1A.cif
Al1Fe1_#187_1A.json,Novamag database (Nieves et al. 2019),Al1Fe1(187),187,4.479,,1,1,1,structures/Al1Fe1_#187_1A.cif
Al1Fe2_#164_1A.json,Novamag database (Nieves et al. 2019),Al1Fe2(164),164,-0.828,,0,1,0,structures/Al1Fe2_#164_1A.cif
Al1Fe2_#191_1A.json,Novamag database (Nieves et al. 2019),Al1Fe2(191),191,-0.884,,0,1,0,structures/Al1Fe2_#191_1A.cif
Al1Fe3_#123_1A.json,Novamag database (Nieves et al. 2019),Al1Fe3(123),123,-0.318,,0,1,0,structures/Al1Fe3_#123_1A.cif
Al1Fe5_#123_1A.json,Novamag database (Nieves et al. 2019),Al1Fe5(123),123,-0.247,,0,1,0,structures/Al1Fe5_#123_1A.cif
Al1Fe5_#189_1A.json,Novamag database (Nieves et al. 2019),Al1Fe5(189),189,-1.701,,0,1,0,structures/Al1Fe5_#189_1A.cif
Al2Fe16_#139_1A.json,Novamag database (Nieves et al. 2019),Al2Fe16(139),139,-1.589,,0,1,0,structures/Al2Fe16_#139_1A.cif
Al2Fe2_#129_1A.json,Novamag database (Nieves et al. 2019),Al2Fe2(129),129,0.047,,1,1,1,structures/Al2Fe2_#129_1A.cif
Al2Fe2_#194_1A.json,Novamag database (Nieves et al. 2019),Al2Fe2(194),194,3.79,,1,1,1,structures/Al2Fe2_#194_1A.cif
Al2Fe4_#139_1A.json,Novamag database (Nieves et al. 2019),Al2Fe4(139),139,1.583,,1,1,1,structures/Al2Fe4_#139_1A.cif
Al2Fe4_#194_1A.json,Novamag database (Nieves et al. 2019),Al2Fe4(194),194,-0.853,,0,1,0,structures/Al2Fe4_#194_1A.cif
Al2Fe6_#194_1A.json,Novamag database (Nieves et al. 2019),Al2Fe6(194),194,-2.115,,0,1,0,structures/Al2Fe6_#194_1A.cif
Al2Fe8_#87_1A.json,Novamag database (Nieves et al. 2019),Al2Fe8(87),87,-0.593,,0,1,0,structures/Al2Fe8_#87_1A.cif
Al3Fe6_#189_1A.json,Novamag database (Nieves et al. 2019),Al3Fe6(189),189,-0.421,,0,1,0,structures/Al3Fe6_#189_1A.cif
Al3Fe9_#166_1A.json,Novamag database (Nieves et al. 2019),Al3Fe9(166),166,-0.701,,0,1,0,structures/Al3Fe9_#166_1A.cif
Al4Fe12_#139_1A.json,Novamag database (Nieves et al. 2019),Al4Fe12(139),139,-0.923,,0,1,0,structures/Al4Fe12_#139_1A.cif
Al4Fe12_#194_1A.json,Novamag database (Nieves et al. 2019),Al4Fe12(194),194,-0.748,,0,1,0,structures/Al4Fe12_#194_1A.cif
Al6Fe10_#193_1A.json,Novamag database (Nieves et al. 2019),Al6Fe10(193),193,-0.843,,0,1,0,structures/Al6Fe10_#193_1A.cif
Al6Fe18_#194_1A.json,Novamag database (Nieves et al. 2019),Al6Fe18(194),194,-0.459,,0,1,0,structures/Al6Fe18_#194_1A.cif
Al6Fe8_#139_1A.json,Novamag database (Nieves et al. 2019),Al6Fe8(139),139,0.219,,1,1,1,structures/Al6Fe8_#139_1A.cif
Al6Fe9_#164_1A.json,Novamag database (Nieves et al. 2019),Al6Fe9(164),164,1.196,,1,1,1,structures/Al6Fe9_#164_1A.cif
Al8Fe10_#139_1A.json,Novamag database (Nieves et al. 2019),Al8Fe10(139),139,-0.467,,0,1,0,structures/Al8Fe10_#139_1A.cif
Al8Fe10_#193_1A.json,Novamag database (Nieves et al. 2019),Al8Fe10(193),193,0.184,,1,1,1,structures/Al8Fe10_#193_1A.cif
Al8Fe16_#141_1A.json,Novamag database (Nieves et al. 2019),Al8Fe16(141),141,0.887,,1,1,1,structures/Al8Fe16_#141_1A.cif
Al8Fe16_#194_1A.json,Novamag database (Nieves et al. 2019),Al8Fe16(194),194,-0.722,,0,1,0,structures/Al8Fe16_#194_1A.cif
Fe4Si2_#164_1N.json,Novamag database (Nieves et al. 2019),Fe4Si2(164),164,-0.545,,0,1,0,structures/Fe4Si2_#164_1N.cif
Fe8Nb4_#96_1N.json,Novamag database (Nieves et al. 2019),Fe8Nb4(96),96,0.409,,,0,1,structures/Fe8Nb4_#96_1N.cif
Fe10Ge2_#129_1N.json,Novamag database (Nieves et al. 2019),Fe10Ge2(129),129,0.538,,1,1,1,structures/Fe10Ge2_#129_1N.cif
Fe10Ge2_#164_1N.json,Novamag database (Nieves et al. 2019),Fe10Ge2(164),164,0.014,,1,1,1,structures/Fe10Ge2_#164_1N.cif
Fe10Ge6_#157_1N.json,Novamag database (Nieves et al. 2019),Fe10Ge6(157),157,-0.875,,0,1,0,structures/Fe10Ge6_#157_1N.cif
Fe10Ge6_#193_1N.json,Novamag database (Nieves et al. 2019),Fe10Ge6(193),193,-1.593,,0,1,0,structures/Fe10Ge6_#193_1N.cif
Fe12Ge3_#166_1N.json,Novamag database (Nieves et al. 2019),Fe12Ge3(166),166,-0.321,,0,1,0,structures/Fe12Ge3_#166_1N.cif
Fe12Ge4_#139_1N.json,Novamag database (Nieves et al. 2019),Fe12Ge4(139),139,-0.653,,0,1,0,structures/Fe12Ge4_#139_1N.cif
Fe12Ge6_#164_1N.json,Novamag database (Nieves et al. 2019),Fe12Ge6(164),164,0.501,,1,1,1,structures/Fe12Ge6_#164_1N.cif
Fe18Ge3_#166_1N.json,Novamag database (Nieves et al. 2019),Fe18Ge3(166),166,0.442,,1,1,1,structures/Fe18Ge3_#166_1N.cif
Fe18Ge6_#166_1N.json,Novamag database (Nieves et al. 2019),Fe18Ge6(166),166,0.285,,1,1,1,structures/Fe18Ge6_#166_1N.cif
Fe20Ge4_#139_1N.json,Novamag database (Nieves et al. 2019),Fe20Ge4(139),139,0.426,,1,1,1,structures/Fe20Ge4_#139_1N.cif
Fe20Ge4_#141_1N.json,Novamag database (Nieves et al. 2019),Fe20Ge4(141),141,0.051,,1,1,1,structures/Fe20Ge4_#141_1N.cif
Fe24Ge6_#166_1N.json,Novamag database (Nieves et al. 2019),Fe24Ge6(166),166,-0.084,,0,1,0,structures/Fe24Ge6_#166_1N.cif
Fe2Ge2_#129_1N.json,Novamag database (Nieves et al. 2019),Fe2Ge2(129),129,-2.551,,0,1,0,structures/Fe2Ge2_#129_1N.cif
Fe2Ge2_#194_1N.json,Novamag database (Nieves et al. 2019),Fe2Ge2(194),194,-3.248,,0,1,0,structures/Fe2Ge2_#194_1N.cif
Fe3Ge3_#191_1N.json,Novamag database (Nieves et al. 2019),Fe3Ge3(191),191,0.463,,1,1,1,structures/Fe3Ge3_#191_1N.cif
Fe4Ge2_#164_1N.json,Novamag database (Nieves et al. 2019),Fe4Ge2(164),164,-0.368,,0,1,0,structures/Fe4Ge2_#164_1N.cif
Fe4Ge4_#139_1N.json,Novamag database (Nieves et al. 2019),Fe4Ge4(139),139,-0.905,,0,1,0,structures/Fe4Ge4_#139_1N.cif
Fe5Ge3_#187_1N.json,Novamag database (Nieves et al. 2019),Fe5Ge3(187),187,-0.131,,0,1,0,structures/Fe5Ge3_#187_1N.cif
Fe6Ge2_#139_1N.json,Novamag database (Nieves et al. 2019),Fe6Ge2(139),139,1.29,,1,1,1,structures/Fe6Ge2_#139_1N.cif
Fe6Ge2_#194_1N.json,Novamag database (Nieves et al. 2019),Fe6Ge2(194),194,-0.365,,0,1,0,structures/Fe6Ge2_#194_1N.cif
Fe6Ge3_#189_1N.json,Novamag database (Nieves et al. 2019),Fe6Ge3(189),189,-0.824,,0,1,0,structures/Fe6Ge3_#189_1N.cif
Fe6Ge6_#107_1N.json,Novamag database (Nieves et al. 2019),Fe6Ge6(107),107,0.433,,1,1,1,structures/Fe6Ge6_#107_1N.cif
Fe8Ge2_#87_1N.json,Novamag database (Nieves et al. 2019),Fe8Ge2(87),87,-0.513,,0,1,0,structures/Fe8Ge2_#87_1N.cif
Fe12Nb3_#166_1N.json,Novamag database (Nieves et al. 2019),Fe12Nb3(166),166,-0.053,,0,1,0,structures/Fe12Nb3_#166_1N.cif
Fe18Nb3_#166_1N.json,Novamag database (Nieves et al. 2019),Fe18Nb3(166),166,-0.179,,0,1,0,structures/Fe18Nb3_#166_1N.cif
Fe2Nb1_#164_1N.json,Novamag database (Nieves et al. 2019),Fe2Nb1(164),164,-0.448,,0,1,0,structures/Fe2Nb1_#164_1N.cif
Fe3Nb1_#123_1N.json,Novamag database (Nieves et al. 2019),Fe3Nb1(123),123,-1.305,,0,1,0,structures/Fe3Nb1_#123_1N.cif
Fe4Nb2_#123_1N.json,Novamag database (Nieves et al. 2019),Fe4Nb2(123),123,-0.81,,0,1,0,structures/Fe4Nb2_#123_1N.cif
Fe4Nb2_#139_1N.json,Novamag database (Nieves et al. 2019),Fe4Nb2(139),139,-1.578,,0,1,0,structures/Fe4Nb2_#139_1N.cif
Fe4Nb2_#164_1N.json,Novamag database (Nieves et al. 2019),Fe4Nb2(164),164,0.595,,1,1,1,structures/Fe4Nb2_#164_1N.cif
Fe5Nb1_#123_1N.json,Novamag database (Nieves et al. 2019),Fe5Nb1(123),123,-0.631,,0,1,0,structures/Fe5Nb1_#123_1N.cif
Fe5Nb1_#164_1N.json,Novamag database (Nieves et al. 2019),Fe5Nb1(164),164,0.195,,1,1,1,structures/Fe5Nb1_#164_1N.cif
Fe6Nb1_#187_1N.json,Novamag database (Nieves et al. 2019),Fe6Nb1(187),187,-0.842,,0,1,0,structures/Fe6Nb1_#187_1N.cif
Fe6Nb3_#164_1N.json,Novamag database (Nieves et al. 2019),Fe6Nb3(164),164,-0.503,,0,1,0,structures/Fe6Nb3_#164_1N.cif
Fe8Nb2_#139_1N.json,Novamag database (Nieves et al. 2019),Fe8Nb2(139),139,-0.359,,0,1,0,structures/Fe8Nb2_#139_1N.cif
Fe8Nb2_#87_1N.json,Novamag database (Nieves et al. 2019),Fe8Nb2(87),87,0.613,,1,1,1,structures/Fe8Nb2_#87_1N.cif
Fe8Nb4_#194_1N.json,Novamag database (Nieves et al. 2019),Fe8Nb4(194),194,-0.401,,0,1,0,structures/Fe8Nb4_#194_1N.cif
Fe12Si2_#139_1N.json,Novamag database (Nieves et al. 2019),Fe12Si2(139),139,1.054,,1,1,1,structures/Fe12Si2_#139_1N.cif
Fe12Si3_#166_1N.json,Novamag database (Nieves et al. 2019),Fe12Si3(166),166,0.044,,1,1,1,structures/Fe12Si3_#166_1N.cif
Fe12Si4_#139_1N.json,Novamag database (Nieves et al. 2019),Fe12Si4(139),139,0.608,,1,1,1,structures/Fe12Si4_#139_1N.cif
Fe15Si3_#155_1N.json,Novamag database (Nieves et al. 2019),Fe15Si3(155),155,-1.282,,0,1,0,structures/Fe15Si3_#155_1N.cif
Fe18Si3_#148_1N.json,Novamag database (Nieves et al. 2019),Fe18Si3(148),148,-0.19,,0,1,0,structures/Fe18Si3_#148_1N.cif
Fe18Si3_#166_1N.json,Novamag database (Nieves et al. 2019),Fe18Si3(166),166,0.536,,1,1,1,structures/Fe18Si3_#166_1N.cif
Fe18Si6_#166_1N.json,Novamag database (Nieves et al. 2019),Fe18Si6(166),166,0.727,,1,1,1,structures/Fe18Si6_#166_1N.cif
Fe18Si9_#160_1N.json,Novamag database (Nieves et al. 2019),Fe18Si9(160),160,0.528,,1,1,1,structures/Fe18Si9_#160_1N.cif
Fe24Si6_#166_1N.json,Novamag database (Nieves et al. 2019),Fe24Si6(166),166,0.392,,1,1,1,structures/Fe24Si6_#166_1N.cif
Fe2Si2_#129_1N.json,Novamag database (Nieves et al. 2019),Fe2Si2(129),129,-2.172,,0,1,0,structures/Fe2Si2_#129_1N.cif
Fe3Si1_#123_1N.json,Novamag database (Nieves et al. 2019),Fe3Si1(123),123,2.425,,1,1,1,structures/Fe3Si1_#123_1N.cif
Fe4Si2_#123_1N.json,Novamag database (Nieves et al. 2019),Fe4Si2(123),123,1.049,,1,1,1,structures/Fe4Si2_#123_1N.cif
Fe4Si2_#129_1N.json,Novamag database (Nieves et al. 2019),Fe4Si2(129),129,1.923,,1,1,1,structures/Fe4Si2_#129_1N.cif
Fe4Si2_#139_1N.json,Novamag database (Nieves et al. 2019),Fe4Si2(139),139,2.153,,1,1,1,structures/Fe4Si2_#139_1N.cif
Fe4Si2_#194_1N.json,Novamag database (Nieves et al. 2019),Fe4Si2(194),194,-1.447,,0,1,0,structures/Fe4Si2_#194_1N.cif
Fe5Si1_#123_1N.json,Novamag database (Nieves et al. 2019),Fe5Si1(123),123,1.533,,1,1,1,structures/Fe5Si1_#123_1N.cif
Fe5Si1_#164_1N.json,Novamag database (Nieves et al. 2019),Fe5Si1(164),164,-0.303,,0,1,0,structures/Fe5Si1_#164_1N.cif
Fe6Si2_#194_1N.json,Novamag database (Nieves et al. 2019),Fe6Si2(194),194,0.336,,1,1,1,structures/Fe6Si2_#194_1N.cif
Fe6Si3_#156_1N.json,Novamag database (Nieves et al. 2019),Fe6Si3(156),156,0.62,,1,1,1,structures/Fe6Si3_#156_1N.cif
Fe6Si3_#164_1N.json,Novamag database (Nieves et al. 2019),Fe6Si3(164),164,0.559,,1,1,1,structures/Fe6Si3_#164_1N.cif
Fe8Si2_#123_1N.json,Novamag database (Nieves et al. 2019),Fe8Si2(123),123,0.492,,1,1,1,structures/Fe8Si2_#123_1N.cif
Fe8Si2_#139_1N.json,Novamag database (Nieves et al. 2019),Fe8Si2(139),139,1.721,,1,1,1,structures/Fe8Si2_#139_1N.cif
Fe8Si2_#87_1N.json,Novamag database (Nieves et al. 2019),Fe8Si2(87),87,-0.983,,0,1,0,structures/Fe8Si2_#87_1N.cif
Fe8Si8_#139_1N.json,Novamag database (Nieves et al. 2019),Fe8Si8(139),139,0.654,,1,1,1,structures/Fe8Si8_#139_1N.cif
Fe10Ta2_#129_1N.json,Novamag database (Nieves et al. 2019),Fe10Ta2(129),129,2.225,,1,1,1,structures/Fe10Ta2_#129_1N.cif
Fe10Ta2_#164_1N.json,Novamag database (Nieves et al. 2019),Fe10Ta2(164),164,-0.975,,0,1,0,structures/Fe10Ta2_#164_1N.cif
Fe10Ta2_#186_1N.json,Novamag database (Nieves et al. 2019),Fe10Ta2(186),186,0.641,,1,1,1,structures/Fe10Ta2_#186_1N.cif
Fe10Ta4_#186_1N.json,Novamag database (Nieves et al. 2019),Fe10Ta4(186),186,9.202,,1,1,1,structures/Fe10Ta4_#186_1N.cif
Fe12Ta2_#194_1N.json,Novamag database (Nieves et al. 2019),Fe12Ta2(194),194,5.766,,1,1,1,structures/Fe12Ta2_#194_1N.cif
Fe12Ta4_#123_1N.json,Novamag database (Nieves et al. 2019),Fe12Ta4(123),123,-1.115,,0,1,0,structures/Fe12Ta4_#123_1N.cif
Fe12Ta4_#136_1N.json,Novamag database (Nieves et al. 2019),Fe12Ta4(136),136,3.164,,1,1,1,structures/Fe12Ta4_#136_1N.cif
Fe12Ta4_#139_1N.json,Novamag database (Nieves et al. 2019),Fe12Ta4(139),139,-0.53,,0,1,0,structures/Fe12Ta4_#139_1N.cif
Fe12Ta4_#187_1N.json,Novamag database (Nieves et al. 2019),Fe12Ta4(187),187,5.158,,1,1,1,structures/Fe12Ta4_#187_1N.cif
Fe14Ta2_#129_1N.json,Novamag database (Nieves et al. 2019),Fe14Ta2(129),129,-0.101,,0,1,0,structures/Fe14Ta2_#129_1N.cif
Fe14Ta2_#139_1N.json,Novamag database (Nieves et al. 2019),Fe14Ta2(139),139,-0.262,,0,1,0,structures/Fe14Ta2_#139_1N.cif
Fe16Ta4_#129_1N.json,Novamag database (Nieves et al. 2019),Fe16Ta4(129),129,-0.374,,0,1,0,structures/Fe16Ta4_#129_1N.cif
Fe16Ta4_#83_1N.json,Novamag database (Nieves et al. 2019),Fe16Ta4(83),83,-0.704,,0,1,0,structures/Fe16Ta4_#83_1N.cif
Fe18Ta6_#127_1N.json,Novamag database (Nieves et al. 2019),Fe18Ta6(127),127,-0.366,,0,1,0,structures/Fe18Ta6_#127_1N.cif
Fe20Ta4_#139_1N.json,Novamag database (Nieves et al. 2019),Fe20Ta4(139),139,0.876,,1,1,1,structures/Fe20Ta4_#139_1N.cif
Fe20Ta4_#141_1N.json,Novamag database (Nieves et al. 2019),Fe20Ta4(141),141,1.033,,1,1,1,structures/Fe20Ta4_#141_1N.cif
Fe3Ta1_#123_1N.json,Novamag database (Nieves et al. 2019),Fe3Ta1(123),123,-0.519,,0,1,0,structures/Fe3Ta1_#123_1N.cif
Fe3Ta4_#191_1N.json,Novamag database (Nieves et al. 2019),Fe3Ta4(191),191,-6.251,,0,1,0,structures/Fe3Ta4_#191_1N.cif
Fe4Ta1_#166_1N.json,Novamag database (Nieves et al. 2019),Fe4Ta1(166),166,-1.769,,0,1,0,structures/Fe4Ta1_#166_1N.cif
Fe4Ta2_#139_1N.json,Novamag database (Nieves et al. 2019),Fe4Ta2(139),139,-1.944,,0,1,0,structures/Fe4Ta2_#139_1N.cif
Fe4Ta2_#164_1N.json,Novamag database (Nieves et al. 2019),Fe4Ta2(164),164,1.97,,1,1,1,structures/Fe4Ta2_#164_1N.cif
Fe5Ta1_#164_1N.json,Novamag database (Nieves et al. 2019),Fe5Ta1(164),164,1.01,,1,1,1,structures/Fe5Ta1_#164_1N.cif
Fe5Ta2_#156_1N.json,Novamag database (Nieves et al. 2019),Fe5Ta2(156),156,10.429,,1,1,1,structures/Fe5Ta2_#156_1N.cif
Fe5Ta2_#166_1N.json,Novamag database (Nieves et al. 2019),Fe5Ta2(166),166,1.242,,1,1,1,structures/Fe5Ta2_#166_1N.cif
Fe6Ta4_#139_1N.json,Novamag database (Nieves et al. 2019),Fe6Ta4(139),139,3.129,,1,1,1,structures/Fe6Ta4_#139_1N.cif
Fe6Ta4_#166_1N.json,Novamag database (Nieves et al. 2019),Fe6Ta4(166),166,0.472,,1,1,1,structures/Fe6Ta4_#166_1N.cif
Fe6Ta4_#83_1N.json,Novamag database (Nieves et al. 2019),Fe6Ta4(83),83,-0.678,,0,1,0,structures/Fe6Ta4_#83_1N.cif
Fe7Ta1_#123_1N.json,Novamag database (Nieves et al. 2019),Fe7Ta1(123),123,-0.129,,0,1,0,structures/Fe7Ta1_#123_1N.cif
Fe7Ta1_#166_1N.json,Novamag database (Nieves et al. 2019),Fe7Ta1(166),166,-0.162,,0,1,0,structures/Fe7Ta1_#166_1N.cif
Fe8Ta1_#164_1N.json,Novamag database (Nieves et al. 2019),Fe8Ta1(164),164,-2.078,,0,1,0,structures/Fe8Ta1_#164_1N.cif
Fe8Ta2_#166_1N.json,Novamag database (Nieves et al. 2019),Fe8Ta2(166),166,0.993,,1,1,1,structures/Fe8Ta2_#166_1N.cif
Fe8Ta2_#87_1N.json,Novamag database (Nieves et al. 2019),Fe8Ta2(87),87,2.239,,1,1,1,structures/Fe8Ta2_#87_1N.cif
Fe8Ta4_#194_1N.json,Novamag database (Nieves et al. 2019),Fe8Ta4(194),194,-0.729,,0,1,0,structures/Fe8Ta4_#194_1N.cif
Al1Co1_#123_409.json,Novamag database (Nieves et al. 2019),Al1Co1(123),123,0.0368301,,1,1,1,structures/Al1Co1_#123_409.cif
Al1Co3C1_#123_518.json,Novamag database (Nieves et al. 2019),Al1Co3C1(123),123,0.00276345,,1,1,1,structures/Al1Co3C1_#123_518.cif
Al1Fe1_#123_287.json,Novamag database (Nieves et al. 2019),Al1Fe1(123),123,0.308833,,1,1,1,structures/Al1Fe1_#123_287.cif
Al1Fe3C1_#123_202.json,Novamag database (Nieves et al. 2019),Al1Fe3C1(123),123,-0.724095,,0,1,0,structures/Al1Fe3C1_#123_202.cif
Al1Ni1_#123_566.json,Novamag database (Nieves et al. 2019),Al1Ni1(123),123,0.0,,1,1,1,structures/Al1Ni1_#123_566.cif
Al1Ni3_#123_352.json,Novamag database (Nieves et al. 2019),Al1Ni3(123),123,0.0358686,,1,1,1,structures/Al1Ni3_#123_352.cif
Al3Fe6W3_#2_339.json,Novamag database (Nieves et al. 2019),Al3Fe6W3(2),2,1.77427,,,0,1,structures/Al3Fe6W3_#2_339.cif
Al4Cr4Co8_#139_180.json,Novamag database (Nieves et al. 2019),Al4Cr4Co8(139),139,-0.483641,,0,1,0,structures/Al4Cr4Co8_#139_180.cif
Al4Cr4Cu8_#139_212.json,Novamag database (Nieves et al. 2019),Al4Cr4Cu8(139),139,0.0343975,,1,1,1,structures/Al4Cr4Cu8_#139_212.cif
Al4Cr4Fe8_#139_308.json,Novamag database (Nieves et al. 2019),Al4Cr4Fe8(139),139,-0.00912567,,0,1,0,structures/Al4Cr4Fe8_#139_308.cif
Al4Cr4Ni8_#139_167.json,Novamag database (Nieves et al. 2019),Al4Cr4Ni8(139),139,0.0801213,,1,1,1,structures/Al4Cr4Ni8_#139_167.cif
Al4Cr4Ru8_#139_318.json,Novamag database (Nieves et al. 2019),Al4Cr4Ru8(139),139,-0.274346,,0,1,0,structures/Al4Cr4Ru8_#139_318.cif
Al4Fe12_#139_45.json,Novamag database (Nieves et al. 2019),Al4Fe12(139),139,-0.393592,,0,1,0,structures/Al4Fe12_#139_45.cif
Al4Fe4Co8_#139_70.json,Novamag database (Nieves et al. 2019),Al4Fe4Co8(139),139,-0.127858,,0,1,0,structures/Al4Fe4Co8_#139_70.cif
Al4Fe4Co8_#139_71.json,Novamag database (Nieves et al. 2019),Al4Fe4Co8(139),139,-0.131243,,0,1,0,structures/Al4Fe4Co8_#139_71.cif
Al4Fe8Mo4_#139_348.json,Novamag database (Nieves et al. 2019),Al4Fe8Mo4(139),139,0.441081,,1,1,1,structures/Al4Fe8Mo4_#139_348.cif
Al4Fe8Ni4_#139_90.json,Novamag database (Nieves et al. 2019),Al4Fe8Ni4(139),139,1.13629,,1,1,1,structures/Al4Fe8Ni4_#139_90.cif
Al4Fe8Ni4_#139_91.json,Novamag database (Nieves et al. 2019),Al4Fe8Ni4(139),139,1.13067,,1,1,1,structures/Al4Fe8Ni4_#139_91.cif
Al4Fe8Si4_#139_386.json,Novamag database (Nieves et al. 2019),Al4Fe8Si4(139),139,-0.0743353,,0,1,0,structures/Al4Fe8Si4_#139_386.cif
Al4Ni12_#139_476.json,Novamag database (Nieves et al. 2019),Al4Ni12(139),139,0.111274,,1,1,1,structures/Al4Ni12_#139_476.cif
Al4V4Co8_#139_249.json,Novamag database (Nieves et al. 2019),Al4V4Co8(139),139,-0.217065,,0,1,0,structures/Al4V4Co8_#139_249.cif
Al4V4Fe8_#139_489.json,Novamag database (Nieves et al. 2019),Al4V4Fe8(139),139,-0.00510967,,0,1,0,structures/Al4V4Fe8_#139_489.cif
Al4V4Ni8_#139_434.json,Novamag database (Nieves et al. 2019),Al4V4Ni8(139),139,0.00934556,,1,1,1,structures/Al4V4Ni8_#139_434.cif
Al8Co4Ir4_#139_387.json,Novamag database (Nieves et al. 2019),Al8Co4Ir4(139),139,0.02758,,1,1,1,structures/Al8Co4Ir4_#139_387.cif
Al8Co4Ru4_#139_457.json,Novamag database (Nieves et al. 2019),Al8Co4Ru4(139),139,-0.00114812,,0,1,0,structures/Al8Co4Ru4_#139_457.cif
Al8Fe16_#141_93.json,Novamag database (Nieves et al. 2019),Al8Fe16(141),141,-0.35145,,0,1,0,structures/Al8Fe16_#141_93.cif
Al8Fe4Co4_#139_383.json,Novamag database (Nieves et al. 2019),Al8Fe4Co4(139),139,0.0561117,,1,1,1,structures/Al8Fe4Co4_#139_383.cif
Al8Fe4Co4_#139_384.json,Novamag database (Nieves et al. 2019),Al8Fe4Co4(139),139,0.0546762,,1,1,1,structures/Al8Fe4Co4_#139_384.cif
Al8Fe4Ir4_#139_376.json,Novamag database (Nieves et al. 2019),Al8Fe4Ir4(139),139,1.33126,,1,1,1,structures/Al8Fe4Ir4_#139_376.cif
Al8Fe4Ni4_#139_374.json,Novamag database (Nieves et al. 2019),Al8Fe4Ni4(139),139,0.0328719,,1,1,1,structures/Al8Fe4Ni4_#139_374.cif
Al8Fe4Ni4_#139_375.json,Novamag database (Nieves et al. 2019),Al8Fe4Ni4(139),139,0.0296938,,1,1,1,structures/Al8Fe4Ni4_#139_375.cif
Al8Ni4Ru4_#139_507.json,Novamag database (Nieves et al. 2019),Al8Ni4Ru4(139),139,-0.000157261,,0,1,0,structures/Al8Ni4Ru4_#139_507.cif
Be3V3Co6_#2_310.json,Novamag database (Nieves et al. 2019),Be3V3Co6(2),2,0.0453215,,,0,1,structures/Be3V3Co6_#2_310.cif
Be4Co8Ge4_#139_390.json,Novamag database (Nieves et al. 2019),Be4Co8Ge4(139),139,0.0117629,,1,1,1,structures/Be4Co8Ge4_#139_390.cif
Be4Co8Si4_#139_420.json,Novamag database (Nieves et al. 2019),Be4Co8Si4(139),139,0.00269117,,1,1,1,structures/Be4Co8Si4_#139_420.cif
Be4Cr4Ru8_#139_437.json,Novamag database (Nieves et al. 2019),Be4Cr4Ru8(139),139,0.00694178,,1,1,1,structures/Be4Cr4Ru8_#139_437.cif
Be4Fe4Rh8_#139_105.json,Novamag database (Nieves et al. 2019),Be4Fe4Rh8(139),139,-0.724244,,0,1,0,structures/Be4Fe4Rh8_#139_105.cif
Be4Fe8Si4_#139_290.json,Novamag database (Nieves et al. 2019),Be4Fe8Si4(139),139,0.199716,,1,1,1,structures/Be4Fe8Si4_#139_290.cif
Be4Si4Ni8_#139_547.json,Novamag database (Nieves et al. 2019),Be4Si4Ni8(139),139,-0.000149942,,0,1,0,structures/Be4Si4Ni8_#139_547.cif
Be4V4Fe8_#139_314.json,Novamag database (Nieves et al. 2019),Be4V4Fe8(139),139,-0.0724131,,0,1,0,structures/Be4V4Fe8_#139_314.cif
Be8Co4Ir4_#139_353.json,Novamag database (Nieves et al. 2019),Be8Co4Ir4(139),139,-1.16705,,0,1,0,structures/Be8Co4Ir4_#139_353.cif
Be8Co4Ni4_#139_601.json,Novamag database (Nieves et al. 2019),Be8Co4Ni4(139),139,-1.14827e-05,,0,1,0,structures/Be8Co4Ni4_#139_601.cif
Be8Co4Pt4_#139_561.json,Novamag database (Nieves et al. 2019),Be8Co4Pt4(139),139,-0.000721435,,0,1,0,structures/Be8Co4Pt4_#139_561.cif
Be8Ni4Ir4_#139_527.json,Novamag database (Nieves et al. 2019),Be8Ni4Ir4(139),139,-0.0005821,,0,1,0,structures/Be8Ni4Ir4_#139_527.cif
Be8Ni4Pt4_#139_596.json,Novamag database (Nieves et al. 2019),Be8Ni4Pt4(139),139,-9.76402e-06,,0,1,0,structures/Be8Ni4Pt4_#139_596.cif
Be8Ni4Rh4_#139_539.json,Novamag database (Nieves et al. 2019),Be8Ni4Rh4(139),139,1.01674e-05,,1,1,1,structures/Be8Ni4Rh4_#139_539.cif
Ca4Mg4Ni16_#119_373.json,Novamag database (Nieves et al. 2019),Ca4Mg4Ni16(119),119,0.00188569,,1,1,1,structures/Ca4Mg4Ni16_#119_373.cif
Ca6Ga8Ni8_#121_544.json,Novamag database (Nieves et al. 2019),Ca6Ga8Ni8(121),121,0.000771953,,,0,1,structures/Ca6Ga8Ni8_#121_544.cif
Ca8Co4W4_#119_357.json,Novamag database (Nieves et al. 2019),Ca8Co4W4(119),119,1.97865,,1,1,1,structures/Ca8Co4W4_#119_357.cif
Ca8Ni16_#141_411.json,Novamag database (Nieves et al. 2019),Ca8Ni16(141),141,-3.90289e-05,,0,1,0,structures/Ca8Ni16_#141_411.cif
Co1Pt3_#123_237.json,Novamag database (Nieves et al. 2019),Co1Pt3(123),123,-1.46815,,0,1,0,structures/Co1Pt3_#123_237.cif
Co1Si1_#123_304.json,Novamag database (Nieves et al. 2019),Co1Si1(123),123,-0.0821191,,0,1,0,structures/Co1Si1_#123_304.cif
Co3F9_#1_160.json,Novamag database (Nieves et al. 2019),Co3F9(1),1,3.28714,,,0,1,structures/Co3F9_#1_160.cif
Co3Sn1C1_#123_295.json,Novamag database (Nieves et al. 2019),Co3Sn1C1(123),123,-0.704182,,0,1,0,structures/Co3Sn1C1_#123_295.cif
Co4As4S4_#19_586.json,Novamag database (Nieves et al. 2019),Co4As4S4(19),19,-0.000340458,,,0,0,structures/Co4As4S4_#19_586.cif
Co4Cu8Sn4_#139_324.json,Novamag database (Nieves et al. 2019),Co4Cu8Sn4(139),139,-0.0741227,,0,1,0,structures/Co4Cu8Sn4_#139_324.cif
Co4Ge4_#19_451.json,Novamag database (Nieves et al. 2019),Co4Ge4(19),19,-0.000801811,,,0,0,structures/Co4Ge4_#19_451.cif
Co4N4_#119_486.json,Novamag database (Nieves et al. 2019),Co4N4(119),119,0.000748293,,1,1,1,structures/Co4N4_#119_486.cif
Co4Re4Ge8_#119_360.json,Novamag database (Nieves et al. 2019),Co4Re4Ge8(119),119,-0.00217054,,0,1,0,structures/Co4Re4Ge8_#119_360.cif
Co4S8_#61_302.json,Novamag database (Nieves et al. 2019),Co4S8(61),61,0.120067,,,0,1,structures/Co4S8_#61_302.cif
Co4Se8_#61_366.json,Novamag database (Nieves et al. 2019),Co4Se8(61),61,0.077466,,,0,1,structures/Co4Se8_#61_366.cif
Co4Si4_#19_519.json,Novamag database (Nieves et al. 2019),Co4Si4(19),19,0.00386156,,,0,1,structures/Co4Si4_#19_519.cif
Co4Si8_#139_565.json,Novamag database (Nieves et al. 2019),Co4Si8(139),139,0.000135249,,1,1,1,structures/Co4Si8_#139_565.cif
Co8As24_#71_554.json,Novamag database (Nieves et al. 2019),Co8As24(71),71,5.94763e-05,,,0,1,structures/Co8As24_#71_554.cif
Co8Mo12N4_#92_296.json,Novamag database (Nieves et al. 2019),Co8Mo12N4(92),92,-0.00651767,,0,1,0,structures/Co8Mo12N4_#92_296.cif
Co8N24_#71_493.json,Novamag database (Nieves et al. 2019),Co8N24(71),71,-0.00204008,,,0,0,structures/Co8N24_#71_493.cif
Co8Sb24_#71_594.json,Novamag database (Nieves et al. 2019),Co8Sb24(71),71,-2.11548e-05,,,0,0,structures/Co8Sb24_#71_594.cif
Cr1Ir3_#123_307.json,Novamag database (Nieves et al. 2019),Cr1Ir3(123),123,-0.00506584,,0,1,0,structures/Cr1Ir3_#123_307.cif
Cr1Pd3_#123_235.json,Novamag database (Nieves et al. 2019),Cr1Pd3(123),123,-0.0561817,,0,1,0,structures/Cr1Pd3_#123_235.cif
Cr1Pt3_#123_241.json,Novamag database (Nieves et al. 2019),Cr1Pt3(123),123,0.964893,,1,1,1,structures/Cr1Pt3_#123_241.cif
Cr1Rh3_#123_299.json,Novamag database (Nieves et al. 2019),Cr1Rh3(123),123,-0.230884,,0,1,0,structures/Cr1Rh3_#123_299.cif
Cr21Mo2C6_#1_443.json,Novamag database (Nieves et al. 2019),Cr21Mo2C6(1),1,0.000616857,,,0,1,structures/Cr21Mo2C6_#1_443.cif
Cr21W2C6_#1_436.json,Novamag database (Nieves et al. 2019),Cr21W2C6(1),1,-0.00168427,,,0,0,structures/Cr21W2C6_#1_436.cif
Cr2N2_#59_29.json,Novamag database (Nieves et al. 2019),Cr2N2(59),59,0.268829,,,0,1,structures/Cr2N2_#59_29.cif
Cr3Ir1N1_#123_400.json,Novamag database (Nieves et al. 2019),Cr3Ir1N1(123),123,-0.0572947,,0,1,0,structures/Cr3Ir1N1_#123_400.cif
Cr3Pt1N1_#123_297.json,Novamag database (Nieves et al. 2019),Cr3Pt1N1(123),123,-0.32069,,0,1,0,structures/Cr3Pt1N1_#123_297.cif
Cr3Rh1N1_#123_395.json,Novamag database (Nieves et al. 2019),Cr3Rh1N1(123),123,-0.170339,,0,1,0,structures/Cr3Rh1N1_#123_395.cif
Cr4C4_#139_114.json,Novamag database (Nieves et al. 2019),Cr4C4(139),139,0.0986081,,1,1,1,structures/Cr4C4_#139_114.cif
Cr4Ga4Co8_#139_179.json,Novamag database (Nieves et al. 2019),Cr4Ga4Co8(139),139,-0.543904,,0,1,0,structures/Cr4Ga4Co8_#139_179.cif
Cr4Ga4Te4_#119_196.json,Novamag database (Nieves et al. 2019),Cr4Ga4Te4(119),119,0.225437,,1,1,1,structures/Cr4Ga4Te4_#119_196.cif
Cr4Ge4Rh4_#119_152.json,Novamag database (Nieves et al. 2019),Cr4Ge4Rh4(119),119,-0.0627648,,0,1,0,structures/Cr4Ge4Rh4_#119_152.cif
Cr4Ge4_#19_281.json,Novamag database (Nieves et al. 2019),Cr4Ge4(19),19,0.00482014,,,0,1,structures/Cr4Ge4_#19_281.cif
Cr4H4_#139_466.json,Novamag database (Nieves et al. 2019),Cr4H4(139),139,-0.00754036,,0,1,0,structures/Cr4H4_#139_466.cif
Cr4H8_#139_230.json,Novamag database (Nieves et al. 2019),Cr4H8(139),139,-0.00150407,,0,1,0,structures/Cr4H8_#139_230.cif
Cr4In4Co8_#139_199.json,Novamag database (Nieves et al. 2019),Cr4In4Co8(139),139,-0.166651,,0,1,0,structures/Cr4In4Co8_#139_199.cif
Cr4Ir4Ru4_#119_280.json,Novamag database (Nieves et al. 2019),Cr4Ir4Ru4(119),119,1.82369,,1,1,1,structures/Cr4Ir4Ru4_#119_280.cif
Cr4Ni8Hg4_#119_181.json,Novamag database (Nieves et al. 2019),Cr4Ni8Hg4(119),119,-0.481003,,0,1,0,structures/Cr4Ni8Hg4_#119_181.cif
Cr4Si4Ru8_#139_263.json,Novamag database (Nieves et al. 2019),Cr4Si4Ru8(139),139,0.202013,,1,1,1,structures/Cr4Si4Ru8_#139_263.cif
Cr4Si4_#19_321.json,Novamag database (Nieves et al. 2019),Cr4Si4(19),19,0.0884977,,,0,1,structures/Cr4Si4_#19_321.cif
Cr6Ga2_#131_453.json,Novamag database (Nieves et al. 2019),Cr6Ga2(131),131,-0.00169848,,0,1,0,structures/Cr6Ga2_#131_453.cif
Cr6Ge2_#131_441.json,Novamag database (Nieves et al. 2019),Cr6Ge2(131),131,-0.0121079,,0,1,0,structures/Cr6Ge2_#131_441.cif
Cr6Ir2_#131_410.json,Novamag database (Nieves et al. 2019),Cr6Ir2(131),131,0.0239355,,1,1,1,structures/Cr6Ir2_#131_410.cif
Cr6Os2_#131_405.json,Novamag database (Nieves et al. 2019),Cr6Os2(131),131,-0.0184259,,0,1,0,structures/Cr6Os2_#131_405.cif
Cr6Rh2_#131_393.json,Novamag database (Nieves et al. 2019),Cr6Rh2(131),131,0.0243981,,1,1,1,structures/Cr6Rh2_#131_393.cif
Cr6Ru2_#131_414.json,Novamag database (Nieves et al. 2019),Cr6Ru2(131),131,-0.000193383,,0,1,0,structures/Cr6Ru2_#131_414.cif
Cr6Si2_#131_495.json,Novamag database (Nieves et al. 2019),Cr6Si2(131),131,0.00817438,,1,1,1,structures/Cr6Si2_#131_495.cif
Cu4Ni8Sb4_#139_463.json,Novamag database (Nieves et al. 2019),Cu4Ni8Sb4(139),139,4.5005e-05,,1,1,1,structures/Cu4Ni8Sb4_#139_463.cif
Cu4Ni8Sn4_#139_567.json,Novamag database (Nieves et al. 2019),Cu4Ni8Sn4(139),139,0.000120171,,1,1,1,structures/Cu4Ni8Sn4_#139_567.cif
Cu8Ni4Sn4_#139_467.json,Novamag database (Nieves et al. 2019),Cu8Ni4Sn4(139),139,-0.000345499,,0,1,0,structures/Cu8Ni4Sn4_#139_467.cif
Fe11Si5_#123_118.json,Novamag database (Nieves et al. 2019),Fe11Si5(123),123,0.110554,,1,1,1,structures/Fe11Si5_#123_118.cif
Fe12Ge4_#139_53.json,Novamag database (Nieves et al. 2019),Fe12Ge4(139),139,0.460078,,1,1,1,structures/Fe12Ge4_#139_53.cif
Fe12Si4_#139_54.json,Novamag database (Nieves et al. 2019),Fe12Si4(139),139,-0.049891,,0,1,0,structures/Fe12Si4_#139_54.cif
Fe13Ge3_#1_23.json,Novamag database (Nieves et al. 2019),Fe13Ge3(1),1,0.409864,,,0,1,structures/Fe13Ge3_#1_23.cif
Fe1Ir3_#123_224.json,Novamag database (Nieves et al. 2019),Fe1Ir3(123),123,0.543328,,1,1,1,structures/Fe1Ir3_#123_224.cif
Fe1Ni3_#123_72.json,Novamag database (Nieves et al. 2019),Fe1Ni3(123),123,-0.0771634,,0,1,0,structures/Fe1Ni3_#123_72.cif
Fe1Pd3_#123_144.json,Novamag database (Nieves et al. 2019),Fe1Pd3(123),123,-0.675057,,0,1,0,structures/Fe1Pd3_#123_144.cif
Fe1Pt3_#123_141.json,Novamag database (Nieves et al. 2019),Fe1Pt3(123),123,-3.39701,,0,1,0,structures/Fe1Pt3_#123_141.cif
Fe1Rh1_#123_13.json,Novamag database (Nieves et al. 2019),Fe1Rh1(123),123,0.318689,,1,1,1,structures/Fe1Rh1_#123_13.cif
Fe21Mo2C6_#1_47.json,Novamag database (Nieves et al. 2019),Fe21Mo2C6(1),1,-0.459852,,,0,0,structures/Fe21Mo2C6_#1_47.cif
Fe2Se2_#129_174.json,Novamag database (Nieves et al. 2019),Fe2Se2(129),129,0.117215,,1,1,1,structures/Fe2Se2_#129_174.cif
Fe3F9_#1_104.json,Novamag database (Nieves et al. 2019),Fe3F9(1),1,0.00359682,,,0,1,structures/Fe3F9_#1_104.cif
Fe3Ge1_#123_36.json,Novamag database (Nieves et al. 2019),Fe3Ge1(123),123,-0.668125,,0,1,0,structures/Fe3Ge1_#123_36.cif
Fe3Ni1N1_#123_16.json,Novamag database (Nieves et al. 2019),Fe3Ni1N1(123),123,-0.478866,,0,1,0,structures/Fe3Ni1N1_#123_16.cif
Fe3Ni1N1_#123_17.json,Novamag database (Nieves et al. 2019),Fe3Ni1N1(123),123,-0.49028,,0,1,0,structures/Fe3Ni1N1_#123_17.cif
Fe3Ni1N1_#123_33.json,Novamag database (Nieves et al. 2019),Fe3Ni1N1(123),123,0.0393446,,1,1,1,structures/Fe3Ni1N1_#123_33.cif
Fe3Pd1N1_#123_26.json,Novamag database (Nieves et al. 2019),Fe3Pd1N1(123),123,-0.568013,,0,1,0,structures/Fe3Pd1N1_#123_26.cif
Fe3Pd1_#123_5.json,Novamag database (Nieves et al. 2019),Fe3Pd1(123),123,0.403105,,1,1,1,structures/Fe3Pd1_#123_5.cif
Fe3Pt1N1_#123_28.json,Novamag database (Nieves et al. 2019),Fe3Pt1N1(123),123,0.361604,,1,1,1,structures/Fe3Pt1N1_#123_28.cif
Fe3Pt1N1_#123_59.json,Novamag database (Nieves et al. 2019),Fe3Pt1N1(123),123,-0.685513,,0,1,0,structures/Fe3Pt1N1_#123_59.cif
Fe3Pt1_#123_6.json,Novamag database (Nieves et al. 2019),Fe3Pt1(123),123,-0.912628,,0,1,0,structures/Fe3Pt1_#123_6.cif
Fe3Rh1N1_#123_12.json,Novamag database (Nieves et al. 2019),Fe3Rh1N1(123),123,-0.15848,,0,1,0,structures/Fe3Rh1N1_#123_12.cif
Fe3Sn1C1_#123_113.json,Novamag database (Nieves et al. 2019),Fe3Sn1C1(123),123,-0.207098,,0,1,0,structures/Fe3Sn1C1_#123_113.cif
Fe3Sn1_#123_42.json,Novamag database (Nieves et al. 2019),Fe3Sn1(123),123,-0.735109,,0,1,0,structures/Fe3Sn1_#123_42.cif
Fe4C1_#111_20.json,Novamag database (Nieves et al. 2019),Fe4C1(111),111,0.108753,,1,1,1,structures/Fe4C1_#111_20.cif
Fe4Co8Ge4_#139_50.json,Novamag database (Nieves et al. 2019),Fe4Co8Ge4(139),139,-0.134465,,0,1,0,structures/Fe4Co8Ge4_#139_50.cif
Fe4Co8Ge4_#139_51.json,Novamag database (Nieves et al. 2019),Fe4Co8Ge4(139),139,-0.131832,,0,1,0,structures/Fe4Co8Ge4_#139_51.cif
Fe4Co8Si4_#139_49.json,Novamag database (Nieves et al. 2019),Fe4Co8Si4(139),139,0.28279,,1,1,1,structures/Fe4Co8Si4_#139_49.cif
Fe4Cu8S8_#1_243.json,Novamag database (Nieves et al. 2019),Fe4Cu8S8(1),1,-0.0670125,,,0,0,structures/Fe4Cu8S8_#1_243.cif
Fe4Cu8S8_#1_244.json,Novamag database (Nieves et al. 2019),Fe4Cu8S8(1),1,0.00685131,,,0,1,structures/Fe4Cu8S8_#1_244.cif
Fe4Cu8Sn4_#139_236.json,Novamag database (Nieves et al. 2019),Fe4Cu8Sn4(139),139,1.20026,,1,1,1,structures/Fe4Cu8Sn4_#139_236.cif
Fe4Ge4Ru8_#139_132.json,Novamag database (Nieves et al. 2019),Fe4Ge4Ru8(139),139,-0.434496,,0,1,0,structures/Fe4Ge4Ru8_#139_132.cif
Fe4Ge4_#19_252.json,Novamag database (Nieves et al. 2019),Fe4Ge4(19),19,0.140892,,,0,1,structures/Fe4Ge4_#19_252.cif
Fe4N1_#123_2.json,Novamag database (Nieves et al. 2019),Fe4N1(123),123,0.358139,,1,1,1,structures/Fe4N1_#123_2.cif
Fe4N4_#119_479.json,Novamag database (Nieves et al. 2019),Fe4N4(119),119,0.000885648,,1,1,1,structures/Fe4N4_#119_479.cif
Fe4P1_#47_35.json,Novamag database (Nieves et al. 2019),Fe4P1(47),47,0.314623,,1,1,1,structures/Fe4P1_#47_35.cif
Fe4Pb4W8_#119_288.json,Novamag database (Nieves et al. 2019),Fe4Pb4W8(119),119,0.0376466,,1,1,1,structures/Fe4Pb4W8_#119_288.cif
Fe4S8_#61_573.json,Novamag database (Nieves et al. 2019),Fe4S8(61),61,-0.00538121,,,0,0,structures/Fe4S8_#61_573.cif
Fe4Sb4Pt4_#1_229.json,Novamag database (Nieves et al. 2019),Fe4Sb4Pt4(1),1,-2.138,,,0,0,structures/Fe4Sb4Pt4_#1_229.cif
Fe4Si4Ru8_#139_128.json,Novamag database (Nieves et al. 2019),Fe4Si4Ru8(139),139,-0.246502,,0,1,0,structures/Fe4Si4Ru8_#139_128.cif
Fe4Si4Tc8_#139_239.json,Novamag database (Nieves et al. 2019),Fe4Si4Tc8(139),139,1.33921,,1,1,1,structures/Fe4Si4Tc8_#139_239.cif
Fe4Si4W4_#119_584.json,Novamag database (Nieves et al. 2019),Fe4Si4W4(119),119,-0.00344141,,0,1,0,structures/Fe4Si4W4_#119_584.cif
Fe4Si4_#19_445.json,Novamag database (Nieves et al. 2019),Fe4Si4(19),19,-0.0158891,,,0,0,structures/Fe4Si4_#19_445.cif
Fe4Sn4Ru8_#69_153.json,Novamag database (Nieves et al. 2019),Fe4Sn4Ru8(69),69,-0.528103,,0,1,0,structures/Fe4Sn4Ru8_#69_153.cif
Fe4Tc8Cl4_#139_347.json,Novamag database (Nieves et al. 2019),Fe4Tc8Cl4(139),139,-0.147454,,0,1,0,structures/Fe4Tc8Cl4_#139_347.cif
Fe8Co4Ge4_#139_57.json,Novamag database (Nieves et al. 2019),Fe8Co4Ge4(139),139,0.734827,,1,1,1,structures/Fe8Co4Ge4_#139_57.cif
Fe8Co4Ge4_#139_58.json,Novamag database (Nieves et al. 2019),Fe8Co4Ge4(139),139,0.729753,,1,1,1,structures/Fe8Co4Ge4_#139_58.cif
Fe8Re12_#92_291.json,Novamag database (Nieves et al. 2019),Fe8Re12(92),92,-1.18303,,0,1,0,structures/Fe8Re12_#92_291.cif
Ga1Co1_#123_385.json,Novamag database (Nieves et al. 2019),Ga1Co1(123),123,0.0286509,,1,1,1,structures/Ga1Co1_#123_385.cif
Ga1Fe3_#123_27.json,Novamag database (Nieves et al. 2019),Ga1Fe3(123),123,0.601969,,1,1,1,structures/Ga1Fe3_#123_27.cif
Ga1Ni3_#123_343.json,Novamag database (Nieves et al. 2019),Ga1Ni3(123),123,0.0474304,,1,1,1,structures/Ga1Ni3_#123_343.cif
Ga4Fe12_#139_38.json,Novamag database (Nieves et al. 2019),Ga4Fe12(139),139,0.821897,,1,1,1,structures/Ga4Fe12_#139_38.cif
Ga4Fe4Co8_#139_73.json,Novamag database (Nieves et al. 2019),Ga4Fe4Co8(139),139,-0.050011,,0,1,0,structures/Ga4Fe4Co8_#139_73.cif
Ga4Fe4Co8_#139_74.json,Novamag database (Nieves et al. 2019),Ga4Fe4Co8(139),139,-0.0209162,,0,1,0,structures/Ga4Fe4Co8_#139_74.cif
Ga4Fe4Rh8_#139_124.json,Novamag database (Nieves et al. 2019),Ga4Fe4Rh8(139),139,0.275837,,1,1,1,structures/Ga4Fe4Rh8_#139_124.cif
Ga4Fe8Co4_#139_43.json,Novamag database (Nieves et al. 2019),Ga4Fe8Co4(139),139,0.442656,,1,1,1,structures/Ga4Fe8Co4_#139_43.cif
Ga4Fe8Co4_#139_44.json,Novamag database (Nieves et al. 2019),Ga4Fe8Co4(139),139,0.446568,,1,1,1,structures/Ga4Fe8Co4_#139_44.cif
Ga4Fe8Ni4_#139_81.json,Novamag database (Nieves et al. 2019),Ga4Fe8Ni4(139),139,0.759988,,1,1,1,structures/Ga4Fe8Ni4_#139_81.cif
Ga4Fe8Ni4_#139_82.json,Novamag database (Nieves et al. 2019),Ga4Fe8Ni4(139),139,0.750978,,1,1,1,structures/Ga4Fe8Ni4_#139_82.cif
Ga4Ni4Rh8_#139_283.json,Novamag database (Nieves et al. 2019),Ga4Ni4Rh8(139),139,-0.177531,,0,1,0,structures/Ga4Ni4Rh8_#139_283.cif
Ga6Co3Ru3_#2_581.json,Novamag database (Nieves et al. 2019),Ga6Co3Ru3(2),2,0.000729691,,,0,1,structures/Ga6Co3Ru3_#2_581.cif
Hf1Co1_#123_334.json,Novamag database (Nieves et al. 2019),Hf1Co1(123),123,0.499925,,1,1,1,structures/Hf1Co1_#123_334.cif
Hf4Al4Co8_#139_335.json,Novamag database (Nieves et al. 2019),Hf4Al4Co8(139),139,0.0919053,,1,1,1,structures/Hf4Al4Co8_#139_335.cif
Hf4Al4Ni8_#139_502.json,Novamag database (Nieves et al. 2019),Hf4Al4Ni8(139),139,0.000370265,,1,1,1,structures/Hf4Al4Ni8_#139_502.cif
Hf4Co4Sb4_#119_419.json,Novamag database (Nieves et al. 2019),Hf4Co4Sb4(119),119,-0.0042306,,0,1,0,structures/Hf4Co4Sb4_#119_419.cif
Hf4Co8Sn4_#139_284.json,Novamag database (Nieves et al. 2019),Hf4Co8Sn4(139),139,-0.579081,,0,1,0,structures/Hf4Co8Sn4_#139_284.cif
Hf4Fe8Sn4_#139_481.json,Novamag database (Nieves et al. 2019),Hf4Fe8Sn4(139),139,0.00420817,,1,1,1,structures/Hf4Fe8Sn4_#139_481.cif
Hf4Ga4Co8_#139_333.json,Novamag database (Nieves et al. 2019),Hf4Ga4Co8(139),139,0.0591273,,1,1,1,structures/Hf4Ga4Co8_#139_333.cif
Hf4Ga4Ni8_#139_480.json,Novamag database (Nieves et al. 2019),Hf4Ga4Ni8(139),139,0.000164568,,1,1,1,structures/Hf4Ga4Ni8_#139_480.cif
Hf4In4Co8_#139_341.json,Novamag database (Nieves et al. 2019),Hf4In4Co8(139),139,0.183865,,1,1,1,structures/Hf4In4Co8_#139_341.cif
Hf4Mn4Rh8_#139_138.json,Novamag database (Nieves et al. 2019),Hf4Mn4Rh8(139),139,-0.121569,,0,1,0,structures/Hf4Mn4Rh8_#139_138.cif
Hf4Mn4Tl4_#119_233.json,Novamag database (Nieves et al. 2019),Hf4Mn4Tl4(119),119,-1.39316,,0,1,0,structures/Hf4Mn4Tl4_#119_233.cif
Hf4Ni20_#119_388.json,Novamag database (Nieves et al. 2019),Hf4Ni20(119),119,-0.0310761,,0,1,0,structures/Hf4Ni20_#119_388.cif
Hf4Ni4Sn4_#119_604.json,Novamag database (Nieves et al. 2019),Hf4Ni4Sn4(119),119,2.10251e-05,,1,1,1,structures/Hf4Ni4Sn4_#119_604.cif
Hf4Ni8Sn4_#139_536.json,Novamag database (Nieves et al. 2019),Hf4Ni8Sn4(139),139,-6.4926e-05,,0,1,0,structures/Hf4Ni8Sn4_#139_536.cif
Hf4Sc4Co8_#139_351.json,Novamag database (Nieves et al. 2019),Hf4Sc4Co8(139),139,-0.386158,,0,1,0,structures/Hf4Sc4Co8_#139_351.cif
Hf4Si4Ni4_#119_545.json,Novamag database (Nieves et al. 2019),Hf4Si4Ni4(119),119,0.0022557,,1,1,1,structures/Hf4Si4Ni4_#119_545.cif
Hf4Zn4Co8_#139_505.json,Novamag database (Nieves et al. 2019),Hf4Zn4Co8(139),139,-0.0025041,,0,1,0,structures/Hf4Zn4Co8_#139_505.cif
Hf4Zn4Ni8_#139_454.json,Novamag database (Nieves et al. 2019),Hf4Zn4Ni8(139),139,-0.000667814,,0,1,0,structures/Hf4Zn4Ni8_#139_454.cif
Hf6Fe16Si7_#1_358.json,Novamag database (Nieves et al. 2019),Hf6Fe16Si7(1),1,-1.07881,,,0,0,structures/Hf6Fe16Si7_#1_358.cif
Hf8Co16_#141_294.json,Novamag database (Nieves et al. 2019),Hf8Co16(141),141,-0.0186171,,0,1,0,structures/Hf8Co16_#141_294.cif
Hf8Co4Ir4_#139_344.json,Novamag database (Nieves et al. 2019),Hf8Co4Ir4(139),139,0.601773,,1,1,1,structures/Hf8Co4Ir4_#139_344.cif
Hf8Co4Re4_#139_394.json,Novamag database (Nieves et al. 2019),Hf8Co4Re4(139),139,-0.0110621,,0,1,0,structures/Hf8Co4Re4_#139_394.cif
Hf8Co4Tc4_#139_392.json,Novamag database (Nieves et al. 2019),Hf8Co4Tc4(139),139,0.0765043,,1,1,1,structures/Hf8Co4Tc4_#139_392.cif
Hf8Cr16_#141_511.json,Novamag database (Nieves et al. 2019),Hf8Cr16(141),141,0.00153883,,1,1,1,structures/Hf8Cr16_#141_511.cif
Hf8Fe16_#141_127.json,Novamag database (Nieves et al. 2019),Hf8Fe16(141),141,-0.184162,,0,1,0,structures/Hf8Fe16_#141_127.cif
Hf8Fe4Ir4_#139_354.json,Novamag database (Nieves et al. 2019),Hf8Fe4Ir4(139),139,0.436494,,1,1,1,structures/Hf8Fe4Ir4_#139_354.cif
Hf8Fe4Os4_#139_416.json,Novamag database (Nieves et al. 2019),Hf8Fe4Os4(139),139,0.00311955,,1,1,1,structures/Hf8Fe4Os4_#139_416.cif
Hf8Mn4Ir4_#139_464.json,Novamag database (Nieves et al. 2019),Hf8Mn4Ir4(139),139,0.00151826,,1,1,1,structures/Hf8Mn4Ir4_#139_464.cif
Hf8Ni16_#141_570.json,Novamag database (Nieves et al. 2019),Hf8Ni16(141),141,0.00171213,,1,1,1,structures/Hf8Ni16_#141_570.cif
In1Ni3_#123_364.json,Novamag database (Nieves et al. 2019),In1Ni3(123),123,-0.0845869,,0,1,0,structures/In1Ni3_#123_364.cif
In4Co4Si8_#139_401.json,Novamag database (Nieves et al. 2019),In4Co4Si8(139),139,-0.000820077,,0,1,0,structures/In4Co4Si8_#139_401.cif
In4Fe4As4_#119_251.json,Novamag database (Nieves et al. 2019),In4Fe4As4(119),119,0.427377,,1,1,1,structures/In4Fe4As4_#119_251.cif
In4Fe4Co8_#139_86.json,Novamag database (Nieves et al. 2019),In4Fe4Co8(139),139,0.0982101,,1,1,1,structures/In4Fe4Co8_#139_86.cif
In4Fe4Co8_#139_87.json,Novamag database (Nieves et al. 2019),In4Fe4Co8(139),139,0.0345517,,1,1,1,structures/In4Fe4Co8_#139_87.cif
K4Fe4P4_#119_211.json,Novamag database (Nieves et al. 2019),K4Fe4P4(119),119,-1.1459,,0,1,0,structures/K4Fe4P4_#119_211.cif
K4Fe4Tc8_#119_266.json,Novamag database (Nieves et al. 2019),K4Fe4Tc8(119),119,-0.0447196,,0,1,0,structures/K4Fe4Tc8_#119_266.cif
K4Mn4Ru4_#119_218.json,Novamag database (Nieves et al. 2019),K4Mn4Ru4(119),119,1.28756,,1,1,1,structures/K4Mn4Ru4_#119_218.cif
Li3Cr1S4_#111_378.json,Novamag database (Nieves et al. 2019),Li3Cr1S4(111),111,-0.00367921,,0,1,0,structures/Li3Cr1S4_#111_378.cif
Li4Al4Ni8_#139_439.json,Novamag database (Nieves et al. 2019),Li4Al4Ni8(139),139,-0.000122004,,0,1,0,structures/Li4Al4Ni8_#139_439.cif
Li4Al8Ni4_#139_592.json,Novamag database (Nieves et al. 2019),Li4Al8Ni4(139),139,-0.00022912,,0,1,0,structures/Li4Al8Ni4_#139_592.cif
Li4Co8Ge4_#139_442.json,Novamag database (Nieves et al. 2019),Li4Co8Ge4(139),139,-0.0257172,,0,1,0,structures/Li4Co8Ge4_#139_442.cif
Li4Co8Si4_#139_522.json,Novamag database (Nieves et al. 2019),Li4Co8Si4(139),139,-0.00014638,,0,1,0,structures/Li4Co8Si4_#139_522.cif
Li4Fe4Rh8_#139_149.json,Novamag database (Nieves et al. 2019),Li4Fe4Rh8(139),139,-0.267058,,0,1,0,structures/Li4Fe4Rh8_#139_149.cif
Li4Ga4Ni8_#139_398.json,Novamag database (Nieves et al. 2019),Li4Ga4Ni8(139),139,0.002434,,1,1,1,structures/Li4Ga4Ni8_#139_398.cif
Li4Ga8Ni4_#139_599.json,Novamag database (Nieves et al. 2019),Li4Ga8Ni4(139),139,-1.53671e-05,,0,1,0,structures/Li4Ga8Ni4_#139_599.cif
Li4Mn4Pd8_#139_111.json,Novamag database (Nieves et al. 2019),Li4Mn4Pd8(139),139,-0.0414808,,0,1,0,structures/Li4Mn4Pd8_#139_111.cif
Li4Mn4Pt8_#139_129.json,Novamag database (Nieves et al. 2019),Li4Mn4Pt8(139),139,-5.79103,,0,1,0,structures/Li4Mn4Pt8_#139_129.cif
Li4Ni8Ge4_#139_473.json,Novamag database (Nieves et al. 2019),Li4Ni8Ge4(139),139,-1.75495e-05,,0,1,0,structures/Li4Ni8Ge4_#139_473.cif
Li4Ni8Sn4_#139_488.json,Novamag database (Nieves et al. 2019),Li4Ni8Sn4(139),139,3.72202e-05,,1,1,1,structures/Li4Ni8Sn4_#139_488.cif
Li4Si4Ni8_#139_458.json,Novamag database (Nieves et al. 2019),Li4Si4Ni8(139),139,0.000302334,,1,1,1,structures/Li4Si4Ni8_#139_458.cif
Li4Zn8Ni4_#139_556.json,Novamag database (Nieves et al. 2019),Li4Zn8Ni4(139),139,-2.36927e-05,,0,1,0,structures/Li4Zn8Ni4_#139_556.cif
Mg1Co3C1_#123_323.json,Novamag database (Nieves et al. 2019),Mg1Co3C1(123),123,-0.162328,,0,1,0,structures/Mg1Co3C1_#123_323.cif
Mg1Ni3C1_#123_407.json,Novamag database (Nieves et al. 2019),Mg1Ni3C1(123),123,0.0101077,,1,1,1,structures/Mg1Ni3C1_#123_407.cif
Mg4Fe4Rh8_#139_137.json,Novamag database (Nieves et al. 2019),Mg4Fe4Rh8(139),139,-0.299515,,0,1,0,structures/Mg4Fe4Rh8_#139_137.cif
Mg4Ga4Ni8_#139_520.json,Novamag database (Nieves et al. 2019),Mg4Ga4Ni8(139),139,0.00136507,,1,1,1,structures/Mg4Ga4Ni8_#139_520.cif
Mg4In4Ni8_#139_602.json,Novamag database (Nieves et al. 2019),Mg4In4Ni8(139),139,-0.000115445,,0,1,0,structures/Mg4In4Ni8_#139_602.cif
Mg4Ni4Bi4_#119_603.json,Novamag database (Nieves et al. 2019),Mg4Ni4Bi4(119),119,-9.70625e-05,,0,1,0,structures/Mg4Ni4Bi4_#119_603.cif
Mg4Ni8Sb4_#139_538.json,Novamag database (Nieves et al. 2019),Mg4Ni8Sb4(139),139,0.000170692,,1,1,1,structures/Mg4Ni8Sb4_#139_538.cif
Mg4Ni8Sn4_#139_537.json,Novamag database (Nieves et al. 2019),Mg4Ni8Sn4(139),139,0.000581417,,1,1,1,structures/Mg4Ni8Sn4_#139_537.cif
Mg8Nb4Fe4_#139_275.json,Novamag database (Nieves et al. 2019),Mg8Nb4Fe4(139),139,-0.109957,,0,1,0,structures/Mg8Nb4Fe4_#139_275.cif
Mn12Ge4Ir4_#19_30.json,Novamag database (Nieves et al. 2019),Mn12Ge4Ir4(19),19,0.805229,,,0,1,structures/Mn12Ge4Ir4_#19_30.cif
Mn12Si4Ir4_#19_75.json,Novamag database (Nieves et al. 2019),Mn12Si4Ir4(19),19,0.0136602,,,0,1,structures/Mn12Si4Ir4_#19_75.cif
Mn12Si4Ni8_#1_18.json,Novamag database (Nieves et al. 2019),Mn12Si4Ni8(1),1,-0.00722637,,,0,0,structures/Mn12Si4Ni8_#1_18.cif
Mn12Si4Ni8_#1_19.json,Novamag database (Nieves et al. 2019),Mn12Si4Ni8(1),1,-0.00805329,,,0,0,structures/Mn12Si4Ni8_#1_19.cif
Mn1Al1_#123_131.json,Novamag database (Nieves et al. 2019),Mn1Al1(123),123,-1.13991,,0,1,0,structures/Mn1Al1_#123_131.cif
Mn1Au1_#123_46.json,Novamag database (Nieves et al. 2019),Mn1Au1(123),123,0.100637,,1,1,1,structures/Mn1Au1_#123_46.cif
Mn1In2W1_#1_345.json,Novamag database (Nieves et al. 2019),Mn1In2W1(1),1,-3.55251,,,0,0,structures/Mn1In2W1_#1_345.cif
Mn1Ni1_#123_3.json,Novamag database (Nieves et al. 2019),Mn1Ni1(123),123,-0.101041,,0,1,0,structures/Mn1Ni1_#123_3.cif
Mn1Ni3_#123_69.json,Novamag database (Nieves et al. 2019),Mn1Ni3(123),123,-0.132497,,0,1,0,structures/Mn1Ni3_#123_69.cif
Mn1Pd1_#123_22.json,Novamag database (Nieves et al. 2019),Mn1Pd1(123),123,0.310268,,1,1,1,structures/Mn1Pd1_#123_22.cif
Mn1Pt3_#123_159.json,Novamag database (Nieves et al. 2019),Mn1Pt3(123),123,1.09412,,1,1,1,structures/Mn1Pt3_#123_159.cif
Mn1Rh1_#123_21.json,Novamag database (Nieves et al. 2019),Mn1Rh1(123),123,-0.587825,,0,1,0,structures/Mn1Rh1_#123_21.cif
Mn1S1_#123_63.json,Novamag database (Nieves et al. 2019),Mn1S1(123),123,-0.273867,,0,1,0,structures/Mn1S1_#123_63.cif
Mn1Tl1Cl3_#123_264.json,Novamag database (Nieves et al. 2019),Mn1Tl1Cl3(123),123,-0.0120283,,0,1,0,structures/Mn1Tl1Cl3_#123_264.cif
Mn1V1_#123_446.json,Novamag database (Nieves et al. 2019),Mn1V1(123),123,0.125461,,1,1,1,structures/Mn1V1_#123_446.cif
Mn1Zn1_#123_68.json,Novamag database (Nieves et al. 2019),Mn1Zn1(123),123,-0.740518,,0,1,0,structures/Mn1Zn1_#123_68.cif
Mn1Zn3_#123_234.json,Novamag database (Nieves et al. 2019),Mn1Zn3(123),123,-0.0836579,,0,1,0,structures/Mn1Zn3_#123_234.cif
Mn3Ag1N1_#123_11.json,Novamag database (Nieves et al. 2019),Mn3Ag1N1(123),123,-0.0551537,,0,1,0,structures/Mn3Ag1N1_#123_11.cif
Mn3Al1C1_#123_140.json,Novamag database (Nieves et al. 2019),Mn3Al1C1(123),123,0.0693619,,1,1,1,structures/Mn3Al1C1_#123_140.cif
Mn3Cu1N1_#123_41.json,Novamag database (Nieves et al. 2019),Mn3Cu1N1(123),123,0.00513793,,1,1,1,structures/Mn3Cu1N1_#123_41.cif
Mn3Ga1C1_#123_125.json,Novamag database (Nieves et al. 2019),Mn3Ga1C1(123),123,0.0966041,,1,1,1,structures/Mn3Ga1C1_#123_125.cif
Mn3Ga1C1_#123_60.json,Novamag database (Nieves et al. 2019),Mn3Ga1C1(123),123,-0.00780166,,0,1,0,structures/Mn3Ga1C1_#123_60.cif
Mn3Ge1C1_#123_225.json,Novamag database (Nieves et al. 2019),Mn3Ge1C1(123),123,-0.565283,,0,1,0,structures/Mn3Ge1C1_#123_225.cif
Mn3Ge1_#123_64.json,Novamag database (Nieves et al. 2019),Mn3Ge1(123),123,1.11682,,1,1,1,structures/Mn3Ge1_#123_64.cif
Mn3In1C1_#123_96.json,Novamag database (Nieves et al. 2019),Mn3In1C1(123),123,0.0513563,,1,1,1,structures/Mn3In1C1_#123_96.cif
Mn3Ir1N1_#123_15.json,Novamag database (Nieves et al. 2019),Mn3Ir1N1(123),123,0.926115,,1,1,1,structures/Mn3Ir1N1_#123_15.cif
Mn3Ni1N1_#123_8.json,Novamag database (Nieves et al. 2019),Mn3Ni1N1(123),123,0.250355,,1,1,1,structures/Mn3Ni1N1_#123_8.cif
Mn3Ni1N1_#123_9.json,Novamag database (Nieves et al. 2019),Mn3Ni1N1(123),123,0.26551,,1,1,1,structures/Mn3Ni1N1_#123_9.cif
Mn3Pd1N1_#123_10.json,Novamag database (Nieves et al. 2019),Mn3Pd1N1(123),123,0.469912,,1,1,1,structures/Mn3Pd1N1_#123_10.cif
Mn3Pt1N1_#123_7.json,Novamag database (Nieves et al. 2019),Mn3Pt1N1(123),123,-1.24659,,0,1,0,structures/Mn3Pt1N1_#123_7.cif
Mn3Pt1_#123_1.json,Novamag database (Nieves et al. 2019),Mn3Pt1(123),123,-6.83106,,0,1,0,structures/Mn3Pt1_#123_1.cif
Mn3Rh1N1_#123_37.json,Novamag database (Nieves et al. 2019),Mn3Rh1N1(123),123,-0.106099,,0,1,0,structures/Mn3Rh1N1_#123_37.cif
Mn3Rh1_#123_260.json,Novamag database (Nieves et al. 2019),Mn3Rh1(123),123,0.101388,,1,1,1,structures/Mn3Rh1_#123_260.cif
Mn3S3_#1_56.json,Novamag database (Nieves et al. 2019),Mn3S3(1),1,0.0849572,,1,1,1,structures/Mn3S3_#1_56.cif
Mn3S3_#2_34.json,Novamag database (Nieves et al. 2019),Mn3S3(2),2,-0.00526671,,,0,0,structures/Mn3S3_#2_34.cif
Mn3Sb1_#123_65.json,Novamag database (Nieves et al. 2019),Mn3Sb1(123),123,0.360743,,1,1,1,structures/Mn3Sb1_#123_65.cif
Mn3Sn1C1_#123_221.json,Novamag database (Nieves et al. 2019),Mn3Sn1C1(123),123,-0.676361,,0,1,0,structures/Mn3Sn1C1_#123_221.cif
Mn3Sn1N1_#123_219.json,Novamag database (Nieves et al. 2019),Mn3Sn1N1(123),123,-0.0745908,,0,1,0,structures/Mn3Sn1N1_#123_219.cif
Mn3Zn1C1_#123_48.json,Novamag database (Nieves et al. 2019),Mn3Zn1C1(123),123,0.122758,,1,1,1,structures/Mn3Zn1C1_#123_48.cif
Mn3Zn1C1_#47_55.json,Novamag database (Nieves et al. 2019),Mn3Zn1C1(47),47,-0.0657113,,,0,0,structures/Mn3Zn1C1_#47_55.cif
Mn3Zn1N1_#123_108.json,Novamag database (Nieves et al. 2019),Mn3Zn1N1(123),123,0.325555,,1,1,1,structures/Mn3Zn1N1_#123_108.cif
Mn4Al4Co8_#139_100.json,Novamag database (Nieves et al. 2019),Mn4Al4Co8(139),139,-0.34919,,0,1,0,structures/Mn4Al4Co8_#139_100.cif
Mn4Al4Co8_#139_99.json,Novamag database (Nieves et al. 2019),Mn4Al4Co8(139),139,-0.359541,,0,1,0,structures/Mn4Al4Co8_#139_99.cif
Mn4Al4Cu8_#139_166.json,Novamag database (Nieves et al. 2019),Mn4Al4Cu8(139),139,-0.00267467,,0,1,0,structures/Mn4Al4Cu8_#139_166.cif
Mn4Al4Ni8_#139_102.json,Novamag database (Nieves et al. 2019),Mn4Al4Ni8(139),139,0.105547,,1,1,1,structures/Mn4Al4Ni8_#139_102.cif
Mn4Al4Os8_#139_255.json,Novamag database (Nieves et al. 2019),Mn4Al4Os8(139),139,-0.280826,,0,1,0,structures/Mn4Al4Os8_#139_255.cif
Mn4Al4Pd8_#139_151.json,Novamag database (Nieves et al. 2019),Mn4Al4Pd8(139),139,-0.0657159,,0,1,0,structures/Mn4Al4Pd8_#139_151.cif
Mn4Al4Pt8_#139_150.json,Novamag database (Nieves et al. 2019),Mn4Al4Pt8(139),139,1.7447,,1,1,1,structures/Mn4Al4Pt8_#139_150.cif
Mn4Al4Rh8_#139_134.json,Novamag database (Nieves et al. 2019),Mn4Al4Rh8(139),139,-0.606653,,0,1,0,structures/Mn4Al4Rh8_#139_134.cif
Mn4Al4Ru8_#139_258.json,Novamag database (Nieves et al. 2019),Mn4Al4Ru8(139),139,0.0134156,,1,1,1,structures/Mn4Al4Ru8_#139_258.cif
Mn4Al4Tc4_#119_123.json,Novamag database (Nieves et al. 2019),Mn4Al4Tc4(119),119,0.62343,,1,1,1,structures/Mn4Al4Tc4_#119_123.cif
Mn4As4Pd8_#139_168.json,Novamag database (Nieves et al. 2019),Mn4As4Pd8(139),139,0.264122,,1,1,1,structures/Mn4As4Pd8_#139_168.cif
Mn4Be8Ir4_#139_145.json,Novamag database (Nieves et al. 2019),Mn4Be8Ir4(139),139,-3.55882,,0,1,0,structures/Mn4Be8Ir4_#139_145.cif
Mn4Be8Pt4_#139_146.json,Novamag database (Nieves et al. 2019),Mn4Be8Pt4(139),139,-2.71459,,0,1,0,structures/Mn4Be8Pt4_#139_146.cif
Mn4Be8Rh4_#139_139.json,Novamag database (Nieves et al. 2019),Mn4Be8Rh4(139),139,-0.615174,,0,1,0,structures/Mn4Be8Rh4_#139_139.cif
Mn4Co4Sb4_#119_194.json,Novamag database (Nieves et al. 2019),Mn4Co4Sb4(119),119,-0.0457754,,0,1,0,structures/Mn4Co4Sb4_#119_194.cif
Mn4Co4Sb4_#119_195.json,Novamag database (Nieves et al. 2019),Mn4Co4Sb4(119),119,-0.0404091,,0,1,0,structures/Mn4Co4Sb4_#119_195.cif
Mn4Co4Si4_#119_226.json,Novamag database (Nieves et al. 2019),Mn4Co4Si4(119),119,-0.066814,,0,1,0,structures/Mn4Co4Si4_#119_226.cif
Mn4Co4Si4_#119_227.json,Novamag database (Nieves et al. 2019),Mn4Co4Si4(119),119,-0.0706912,,0,1,0,structures/Mn4Co4Si4_#119_227.cif
Mn4Co8Ge4_#139_76.json,Novamag database (Nieves et al. 2019),Mn4Co8Ge4(139),139,-0.0586953,,0,1,0,structures/Mn4Co8Ge4_#139_76.cif
Mn4Co8Ge4_#139_77.json,Novamag database (Nieves et al. 2019),Mn4Co8Ge4(139),139,-0.0590757,,0,1,0,structures/Mn4Co8Ge4_#139_77.cif
Mn4Co8Sb4_#139_66.json,Novamag database (Nieves et al. 2019),Mn4Co8Sb4(139),139,-0.374084,,0,1,0,structures/Mn4Co8Sb4_#139_66.cif
Mn4Co8Sb4_#139_67.json,Novamag database (Nieves et al. 2019),Mn4Co8Sb4(139),139,-0.371004,,0,1,0,structures/Mn4Co8Sb4_#139_67.cif
Mn4Co8Si4_#139_61.json,Novamag database (Nieves et al. 2019),Mn4Co8Si4(139),139,-0.0743315,,0,1,0,structures/Mn4Co8Si4_#139_61.cif
Mn4Co8Si4_#139_62.json,Novamag database (Nieves et al. 2019),Mn4Co8Si4(139),139,-0.0788315,,0,1,0,structures/Mn4Co8Si4_#139_62.cif
Mn4Co8Sn4_#139_94.json,Novamag database (Nieves et al. 2019),Mn4Co8Sn4(139),139,-0.0463545,,0,1,0,structures/Mn4Co8Sn4_#139_94.cif
Mn4Co8Sn4_#139_95.json,Novamag database (Nieves et al. 2019),Mn4Co8Sn4(139),139,-0.0364965,,0,1,0,structures/Mn4Co8Sn4_#139_95.cif
Mn4Cr4Re4_#119_142.json,Novamag database (Nieves et al. 2019),Mn4Cr4Re4(119),119,1.98129,,1,1,1,structures/Mn4Cr4Re4_#119_142.cif
Mn4Cr4Re4_#119_143.json,Novamag database (Nieves et al. 2019),Mn4Cr4Re4(119),119,1.95665,,1,1,1,structures/Mn4Cr4Re4_#119_143.cif
Mn4Cu4Pd8_#139_112.json,Novamag database (Nieves et al. 2019),Mn4Cu4Pd8(139),139,-0.0829714,,0,1,0,structures/Mn4Cu4Pd8_#139_112.cif
Mn4Cu4Sb4_#119_117.json,Novamag database (Nieves et al. 2019),Mn4Cu4Sb4(119),119,0.283877,,1,1,1,structures/Mn4Cu4Sb4_#119_117.cif
Mn4Cu8Sb4_#139_188.json,Novamag database (Nieves et al. 2019),Mn4Cu8Sb4(139),139,0.0726033,,1,1,1,structures/Mn4Cu8Sb4_#139_188.cif
Mn4Cu8Sn4_#139_182.json,Novamag database (Nieves et al. 2019),Mn4Cu8Sn4(139),139,0.00159355,,1,1,1,structures/Mn4Cu8Sn4_#139_182.cif
Mn4Fe8Si4_#139_162.json,Novamag database (Nieves et al. 2019),Mn4Fe8Si4(139),139,0.327682,,1,1,1,structures/Mn4Fe8Si4_#139_162.cif
Mn4Ga4Co8_#139_97.json,Novamag database (Nieves et al. 2019),Mn4Ga4Co8(139),139,-0.3457,,0,1,0,structures/Mn4Ga4Co8_#139_97.cif
Mn4Ga4Co8_#139_98.json,Novamag database (Nieves et al. 2019),Mn4Ga4Co8(139),139,-0.341818,,0,1,0,structures/Mn4Ga4Co8_#139_98.cif
Mn4Ga4Pt4_#119_172.json,Novamag database (Nieves et al. 2019),Mn4Ga4Pt4(119),119,-0.799179,,0,1,0,structures/Mn4Ga4Pt4_#119_172.cif
Mn4Ga4Pt8_#139_161.json,Novamag database (Nieves et al. 2019),Mn4Ga4Pt8(139),139,2.21218,,1,1,1,structures/Mn4Ga4Pt8_#139_161.cif
Mn4Ga4Rh8_#139_133.json,Novamag database (Nieves et al. 2019),Mn4Ga4Rh8(139),139,-0.416274,,0,1,0,structures/Mn4Ga4Rh8_#139_133.cif
Mn4Ga8Tc4_#139_220.json,Novamag database (Nieves et al. 2019),Mn4Ga8Tc4(139),139,-0.162549,,0,1,0,structures/Mn4Ga8Tc4_#139_220.cif
Mn4Ge4Pd8_#139_158.json,Novamag database (Nieves et al. 2019),Mn4Ge4Pd8(139),139,0.230371,,1,1,1,structures/Mn4Ge4Pd8_#139_158.cif
Mn4Ge4Rh8_#139_107.json,Novamag database (Nieves et al. 2019),Mn4Ge4Rh8(139),139,-1.62036,,0,1,0,structures/Mn4Ge4Rh8_#139_107.cif
Mn4Ge4Ru8_#139_217.json,Novamag database (Nieves et al. 2019),Mn4Ge4Ru8(139),139,0.577681,,1,1,1,structures/Mn4Ge4Ru8_#139_217.cif
Mn4In4Cu8_#139_185.json,Novamag database (Nieves et al. 2019),Mn4In4Cu8(139),139,-0.0530123,,0,1,0,structures/Mn4In4Cu8_#139_185.cif
Mn4In4Ni8_#139_121.json,Novamag database (Nieves et al. 2019),Mn4In4Ni8(139),139,0.244147,,1,1,1,structures/Mn4In4Ni8_#139_121.cif
Mn4In4Ni8_#139_122.json,Novamag database (Nieves et al. 2019),Mn4In4Ni8(139),139,0.242092,,1,1,1,structures/Mn4In4Ni8_#139_122.cif
Mn4In4Pd8_#139_183.json,Novamag database (Nieves et al. 2019),Mn4In4Pd8(139),139,0.222162,,1,1,1,structures/Mn4In4Pd8_#139_183.cif
Mn4In4Rh8_#139_157.json,Novamag database (Nieves et al. 2019),Mn4In4Rh8(139),139,-0.391204,,0,1,0,structures/Mn4In4Rh8_#139_157.cif
Mn4N1_#47_88.json,Novamag database (Nieves et al. 2019),Mn4N1(47),47,-0.340421,,0,1,0,structures/Mn4N1_#47_88.cif
Mn4N4_#139_4.json,Novamag database (Nieves et al. 2019),Mn4N4(139),139,-1.23862,,0,1,0,structures/Mn4N4_#139_4.cif
Mn4Nb4As4_#119_265.json,Novamag database (Nieves et al. 2019),Mn4Nb4As4(119),119,0.165091,,1,1,1,structures/Mn4Nb4As4_#119_265.cif
Mn4Nb4Ru8_#139_164.json,Novamag database (Nieves et al. 2019),Mn4Nb4Ru8(139),139,-0.351028,,0,1,0,structures/Mn4Nb4Ru8_#139_164.cif
Mn4Ni4As4_#119_286.json,Novamag database (Nieves et al. 2019),Mn4Ni4As4(119),119,-0.219881,,0,1,0,structures/Mn4Ni4As4_#119_286.cif
Mn4Ni4Sb4_#119_115.json,Novamag database (Nieves et al. 2019),Mn4Ni4Sb4(119),119,-0.0869879,,0,1,0,structures/Mn4Ni4Sb4_#119_115.cif
Mn4Ni4Sb4_#119_116.json,Novamag database (Nieves et al. 2019),Mn4Ni4Sb4(119),119,-0.0828504,,0,1,0,structures/Mn4Ni4Sb4_#119_116.cif
Mn4Ni4Sb4_#119_189.json,Novamag database (Nieves et al. 2019),Mn4Ni4Sb4(119),119,0.117248,,1,1,1,structures/Mn4Ni4Sb4_#119_189.cif
Mn4Ni4Sb4_#119_190.json,Novamag database (Nieves et al. 2019),Mn4Ni4Sb4(119),119,0.117946,,1,1,1,structures/Mn4Ni4Sb4_#119_190.cif
Mn4Ni8Ge4_#139_109.json,Novamag database (Nieves et al. 2019),Mn4Ni8Ge4(139),139,0.17751,,1,1,1,structures/Mn4Ni8Ge4_#139_109.cif
Mn4Ni8Ge4_#139_110.json,Novamag database (Nieves et al. 2019),Mn4Ni8Ge4(139),139,0.177731,,1,1,1,structures/Mn4Ni8Ge4_#139_110.cif
Mn4Ni8Sb4_#139_147.json,Novamag database (Nieves et al. 2019),Mn4Ni8Sb4(139),139,-0.00145193,,0,1,0,structures/Mn4Ni8Sb4_#139_147.cif
Mn4Ni8Sb4_#139_148.json,Novamag database (Nieves et al. 2019),Mn4Ni8Sb4(139),139,-0.00141581,,0,1,0,structures/Mn4Ni8Sb4_#139_148.cif
Mn4Ni8Sn4_#139_135.json,Novamag database (Nieves et al. 2019),Mn4Ni8Sn4(139),139,0.179164,,1,1,1,structures/Mn4Ni8Sn4_#139_135.cif
Mn4Ni8Sn4_#139_136.json,Novamag database (Nieves et al. 2019),Mn4Ni8Sn4(139),139,0.177478,,1,1,1,structures/Mn4Ni8Sn4_#139_136.cif
Mn4S8_#61_103.json,Novamag database (Nieves et al. 2019),Mn4S8(61),61,0.0809108,,,0,1,structures/Mn4S8_#61_103.cif
Mn4Sb4Au4_#119_163.json,Novamag database (Nieves et al. 2019),Mn4Sb4Au4(119),119,0.0951788,,1,1,1,structures/Mn4Sb4Au4_#119_163.cif
Mn4Sb4Ir4_#119_223.json,Novamag database (Nieves et al. 2019),Mn4Sb4Ir4(119),119,-2.00864,,0,1,0,structures/Mn4Sb4Ir4_#119_223.cif
Mn4Sb4Pd4_#119_207.json,Novamag database (Nieves et al. 2019),Mn4Sb4Pd4(119),119,-0.232596,,0,1,0,structures/Mn4Sb4Pd4_#119_207.cif
Mn4Sb4Pd8_#139_184.json,Novamag database (Nieves et al. 2019),Mn4Sb4Pd8(139),139,0.129279,,1,1,1,structures/Mn4Sb4Pd8_#139_184.cif
Mn4Sb4Pt4_#119_173.json,Novamag database (Nieves et al. 2019),Mn4Sb4Pt4(119),119,0.179985,,1,1,1,structures/Mn4Sb4Pt4_#119_173.cif
Mn4Sb4Pt4_#119_176.json,Novamag database (Nieves et al. 2019),Mn4Sb4Pt4(119),119,2.06623,,1,1,1,structures/Mn4Sb4Pt4_#119_176.cif
Mn4Sb4Pt4_#119_203.json,Novamag database (Nieves et al. 2019),Mn4Sb4Pt4(119),119,-0.212375,,0,1,0,structures/Mn4Sb4Pt4_#119_203.cif
Mn4Sb4Rh4_#119_200.json,Novamag database (Nieves et al. 2019),Mn4Sb4Rh4(119),119,-0.273057,,0,1,0,structures/Mn4Sb4Rh4_#119_200.cif
Mn4Sb4Rh4_#119_201.json,Novamag database (Nieves et al. 2019),Mn4Sb4Rh4(119),119,-0.0871373,,0,1,0,structures/Mn4Sb4Rh4_#119_201.cif
Mn4Sb4Rh4_#119_204.json,Novamag database (Nieves et al. 2019),Mn4Sb4Rh4(119),119,-0.0322482,,0,1,0,structures/Mn4Sb4Rh4_#119_204.cif
Mn4Sb4Ru8_#139_175.json,Novamag database (Nieves et al. 2019),Mn4Sb4Ru8(139),139,-0.335973,,0,1,0,structures/Mn4Sb4Ru8_#139_175.cif
Mn4Se4_#119_92.json,Novamag database (Nieves et al. 2019),Mn4Se4(119),119,-0.0132175,,0,1,0,structures/Mn4Se4_#119_92.cif
Mn4Se4_#139_52.json,Novamag database (Nieves et al. 2019),Mn4Se4(139),139,-0.181316,,0,1,0,structures/Mn4Se4_#139_52.cif
Mn4Se8_#61_228.json,Novamag database (Nieves et al. 2019),Mn4Se8(61),61,-0.0511083,,,0,0,structures/Mn4Se8_#61_228.cif
Mn4Si4Rh8_#139_101.json,Novamag database (Nieves et al. 2019),Mn4Si4Rh8(139),139,-1.30089,,0,1,0,structures/Mn4Si4Rh8_#139_101.cif
Mn4Si4Ru8_#139_206.json,Novamag database (Nieves et al. 2019),Mn4Si4Ru8(139),139,0.373333,,1,1,1,structures/Mn4Si4Ru8_#139_206.cif
Mn4Si4Tc8_#139_277.json,Novamag database (Nieves et al. 2019),Mn4Si4Tc8(139),139,-0.383364,,0,1,0,structures/Mn4Si4Tc8_#139_277.cif
Mn4Si4_#19_247.json,Novamag database (Nieves et al. 2019),Mn4Si4(19),19,-0.166803,,,0,0,structures/Mn4Si4_#19_247.cif
Mn4Sn4Au4_#119_186.json,Novamag database (Nieves et al. 2019),Mn4Sn4Au4(119),119,-0.035209,,0,1,0,structures/Mn4Sn4Au4_#119_186.cif
Mn4Sn4Ir4_#119_197.json,Novamag database (Nieves et al. 2019),Mn4Sn4Ir4(119),119,-0.320429,,0,1,0,structures/Mn4Sn4Ir4_#119_197.cif
Mn4Sn4Pd8_#139_187.json,Novamag database (Nieves et al. 2019),Mn4Sn4Pd8(139),139,0.0539098,,1,1,1,structures/Mn4Sn4Pd8_#139_187.cif
Mn4Sn4Pt4_#119_192.json,Novamag database (Nieves et al. 2019),Mn4Sn4Pt4(119),119,-0.80228,,0,1,0,structures/Mn4Sn4Pt4_#119_192.cif
Mn4Sn4Pt4_#119_198.json,Novamag database (Nieves et al. 2019),Mn4Sn4Pt4(119),119,1.5113,,1,1,1,structures/Mn4Sn4Pt4_#119_198.cif
Mn4Sn4Rh8_#139_130.json,Novamag database (Nieves et al. 2019),Mn4Sn4Rh8(139),139,-1.12951,,0,1,0,structures/Mn4Sn4Rh8_#139_130.cif
Mn4Sn4Ru8_#139_231.json,Novamag database (Nieves et al. 2019),Mn4Sn4Ru8(139),139,0.538967,,1,1,1,structures/Mn4Sn4Ru8_#139_231.cif
Mn4Tc4Os4_#119_232.json,Novamag database (Nieves et al. 2019),Mn4Tc4Os4(119),119,-3.96558,,0,1,0,structures/Mn4Tc4Os4_#119_232.cif
Mn4Tc4Pd4_#119_292.json,Novamag database (Nieves et al. 2019),Mn4Tc4Pd4(119),119,-0.121947,,0,1,0,structures/Mn4Tc4Pd4_#119_292.cif
Mn4Te4Pd4_#119_120.json,Novamag database (Nieves et al. 2019),Mn4Te4Pd4(119),119,0.228749,,1,1,1,structures/Mn4Te4Pd4_#119_120.cif
Mn4Te4Pd4_#119_154.json,Novamag database (Nieves et al. 2019),Mn4Te4Pd4(119),119,-0.174453,,0,1,0,structures/Mn4Te4Pd4_#119_154.cif
Mn4Te4_#139_89.json,Novamag database (Nieves et al. 2019),Mn4Te4(139),139,0.0246207,,1,1,1,structures/Mn4Te4_#139_89.cif
Mn4Te8_#61_246.json,Novamag database (Nieves et al. 2019),Mn4Te8(61),61,1.41978,,,0,1,structures/Mn4Te8_#61_246.cif
Mn4V12_#139_444.json,Novamag database (Nieves et al. 2019),Mn4V12(139),139,-0.00195688,,0,1,0,structures/Mn4V12_#139_444.cif
Mn4V2Ge2_#71_322.json,Novamag database (Nieves et al. 2019),Mn4V2Ge2(71),71,-0.115212,,0,1,0,structures/Mn4V2Ge2_#71_322.cif
Mn4V4Ni4_#119_276.json,Novamag database (Nieves et al. 2019),Mn4V4Ni4(119),119,0.133868,,1,1,1,structures/Mn4V4Ni4_#119_276.cif
Mn4V8Os4_#139_430.json,Novamag database (Nieves et al. 2019),Mn4V8Os4(139),139,0.0192608,,1,1,1,structures/Mn4V8Os4_#139_430.cif
Mn4Zn4Ir8_#139_214.json,Novamag database (Nieves et al. 2019),Mn4Zn4Ir8(139),139,4.11137,,1,1,1,structures/Mn4Zn4Ir8_#139_214.cif
Mn4Zn4Rh8_#139_191.json,Novamag database (Nieves et al. 2019),Mn4Zn4Rh8(139),139,0.716902,,1,1,1,structures/Mn4Zn4Rh8_#139_191.cif
Mn6Ga2N2_#38_209.json,Novamag database (Nieves et al. 2019),Mn6Ga2N2(38),38,0.0164603,,1,1,1,structures/Mn6Ga2N2_#38_209.cif
Mn8Al4Re4_#139_433.json,Novamag database (Nieves et al. 2019),Mn8Al4Re4(139),139,0.12377,,1,1,1,structures/Mn8Al4Re4_#139_433.cif
Mn8Al4V4_#139_254.json,Novamag database (Nieves et al. 2019),Mn8Al4V4(139),139,-0.367503,,0,1,0,structures/Mn8Al4V4_#139_254.cif
Mn8Al4W4_#139_327.json,Novamag database (Nieves et al. 2019),Mn8Al4W4(139),139,0.108809,,1,1,1,structures/Mn8Al4W4_#139_327.cif
Mn8Co4Si4_#119_170.json,Novamag database (Nieves et al. 2019),Mn8Co4Si4(119),119,-0.285178,,0,1,0,structures/Mn8Co4Si4_#119_170.cif
Mn8Co4Si4_#119_171.json,Novamag database (Nieves et al. 2019),Mn8Co4Si4(119),119,-0.304003,,0,1,0,structures/Mn8Co4Si4_#119_171.cif
Mn8Co4Sn4_#119_39.json,Novamag database (Nieves et al. 2019),Mn8Co4Sn4(119),119,-0.388152,,0,1,0,structures/Mn8Co4Sn4_#119_39.cif
Mn8Co4Sn4_#119_40.json,Novamag database (Nieves et al. 2019),Mn8Co4Sn4(119),119,-0.358844,,0,1,0,structures/Mn8Co4Sn4_#119_40.cif
Mn8Cr4Co4_#139_79.json,Novamag database (Nieves et al. 2019),Mn8Cr4Co4(139),139,-0.267238,,0,1,0,structures/Mn8Cr4Co4_#139_79.cif
Mn8Cr4Co4_#139_80.json,Novamag database (Nieves et al. 2019),Mn8Cr4Co4(139),139,-0.316912,,0,1,0,structures/Mn8Cr4Co4_#139_80.cif
Mn8Ga4Co4_#119_24.json,Novamag database (Nieves et al. 2019),Mn8Ga4Co4(119),119,-0.240957,,0,1,0,structures/Mn8Ga4Co4_#119_24.cif
Mn8Ga4Co4_#119_25.json,Novamag database (Nieves et al. 2019),Mn8Ga4Co4(119),119,-0.247785,,0,1,0,structures/Mn8Ga4Co4_#119_25.cif
Mn8In4Co4_#119_31.json,Novamag database (Nieves et al. 2019),Mn8In4Co4(119),119,-0.0513977,,0,1,0,structures/Mn8In4Co4_#119_31.cif
Mn8In4Co4_#119_32.json,Novamag database (Nieves et al. 2019),Mn8In4Co4(119),119,-0.0528614,,0,1,0,structures/Mn8In4Co4_#119_32.cif
Mn8Nb4Al4_#139_274.json,Novamag database (Nieves et al. 2019),Mn8Nb4Al4(139),139,-0.00210252,,0,1,0,structures/Mn8Nb4Al4_#139_274.cif
Mn8Pt4Rh4_#139_14.json,Novamag database (Nieves et al. 2019),Mn8Pt4Rh4(139),139,-2.84678,,0,1,0,structures/Mn8Pt4Rh4_#139_14.cif
Mn8V4Ga4_#139_259.json,Novamag database (Nieves et al. 2019),Mn8V4Ga4(139),139,-0.326004,,0,1,0,structures/Mn8V4Ga4_#139_259.cif
Mn8V4Si4_#139_312.json,Novamag database (Nieves et al. 2019),Mn8V4Si4(139),139,-0.0443505,,0,1,0,structures/Mn8V4Si4_#139_312.cif
Nb4Al4Co8_#139_269.json,Novamag database (Nieves et al. 2019),Nb4Al4Co8(139),139,-0.305726,,0,1,0,structures/Nb4Al4Co8_#139_269.cif
Nb4Al4Ni8_#139_472.json,Novamag database (Nieves et al. 2019),Nb4Al4Ni8(139),139,-0.00895799,,0,1,0,structures/Nb4Al4Ni8_#139_472.cif
Nb4Co4Sb4_#119_415.json,Novamag database (Nieves et al. 2019),Nb4Co4Sb4(119),119,0.000762337,,1,1,1,structures/Nb4Co4Sb4_#119_415.cif
Nb4Co4Sn4_#119_313.json,Novamag database (Nieves et al. 2019),Nb4Co4Sn4(119),119,-0.714306,,0,1,0,structures/Nb4Co4Sn4_#119_313.cif
Nb4Co4Sn4_#119_377.json,Novamag database (Nieves et al. 2019),Nb4Co4Sn4(119),119,-0.00622128,,0,1,0,structures/Nb4Co4Sn4_#119_377.cif
Nb4Co8Sn4_#139_289.json,Novamag database (Nieves et al. 2019),Nb4Co8Sn4(139),139,0.653361,,1,1,1,structures/Nb4Co8Sn4_#139_289.cif
Nb4Cr4Co4_#119_193.json,Novamag database (Nieves et al. 2019),Nb4Cr4Co4(119),119,-0.0580191,,0,1,0,structures/Nb4Cr4Co4_#119_193.cif
Nb4Cr4W4_#119_315.json,Novamag database (Nieves et al. 2019),Nb4Cr4W4(119),119,-1.0812,,0,1,0,structures/Nb4Cr4W4_#119_315.cif
Nb4Fe4Sb4_#119_526.json,Novamag database (Nieves et al. 2019),Nb4Fe4Sb4(119),119,-0.000738297,,0,1,0,structures/Nb4Fe4Sb4_#119_526.cif
Nb4Ga4Co8_#139_267.json,Novamag database (Nieves et al. 2019),Nb4Ga4Co8(139),139,-0.36227,,0,1,0,structures/Nb4Ga4Co8_#139_267.cif
Nb4Ga4Ni8_#139_508.json,Novamag database (Nieves et al. 2019),Nb4Ga4Ni8(139),139,4.47078e-05,,1,1,1,structures/Nb4Ga4Ni8_#139_508.cif
Nb4Ni8Sn4_#139_555.json,Novamag database (Nieves et al. 2019),Nb4Ni8Sn4(139),139,-2.68777e-05,,0,1,0,structures/Nb4Ni8Sn4_#139_555.cif
Nb4Zn4Co8_#139_328.json,Novamag database (Nieves et al. 2019),Nb4Zn4Co8(139),139,0.151937,,1,1,1,structures/Nb4Zn4Co8_#139_328.cif
Nb8Co16_#141_362.json,Novamag database (Nieves et al. 2019),Nb8Co16(141),141,-0.0476028,,0,1,0,structures/Nb8Co16_#141_362.cif
Nb8Cr16_#141_418.json,Novamag database (Nieves et al. 2019),Nb8Cr16(141),141,0.000813724,,1,1,1,structures/Nb8Cr16_#141_418.cif
Ni12Bi8S8_#24_524.json,Novamag database (Nieves et al. 2019),Ni12Bi8S8(24),24,-2.47045e-05,,,0,0,structures/Ni12Bi8S8_#24_524.cif
Ni12Sb4_#139_509.json,Novamag database (Nieves et al. 2019),Ni12Sb4(139),139,-0.000154561,,0,1,0,structures/Ni12Sb4_#139_509.cif
Ni12Sn4_#139_500.json,Novamag database (Nieves et al. 2019),Ni12Sn4(139),139,0.000100247,,1,1,1,structures/Ni12Sn4_#139_500.cif
Ni2Hg8_#139_595.json,Novamag database (Nieves et al. 2019),Ni2Hg8(139),139,0.0,,,0,1,structures/Ni2Hg8_#139_595.cif
Ni3Ge1C1_#123_499.json,Novamag database (Nieves et al. 2019),Ni3Ge1C1(123),123,0.00194291,,1,1,1,structures/Ni3Ge1C1_#123_499.cif
Ni3Ge1_#123_428.json,Novamag database (Nieves et al. 2019),Ni3Ge1(123),123,0.00272563,,1,1,1,structures/Ni3Ge1_#123_428.cif
Ni3Pt1_#123_242.json,Novamag database (Nieves et al. 2019),Ni3Pt1(123),123,2.18183,,1,1,1,structures/Ni3Pt1_#123_242.cif
Ni3S6_#2_363.json,Novamag database (Nieves et al. 2019),Ni3S6(2),2,-0.296727,,,0,0,structures/Ni3S6_#2_363.cif
Ni3Sn1_#123_429.json,Novamag database (Nieves et al. 2019),Ni3Sn1(123),123,-0.00648191,,0,1,0,structures/Ni3Sn1_#123_429.cif
Ni4As4S4_#19_477.json,Novamag database (Nieves et al. 2019),Ni4As4S4(19),19,0.00033814,,,0,1,structures/Ni4As4S4_#19_477.cif
Ni4As4Se4_#19_533.json,Novamag database (Nieves et al. 2019),Ni4As4Se4(19),19,-3.16746e-05,,,0,0,structures/Ni4As4Se4_#19_533.cif
Ni4As8_#61_575.json,Novamag database (Nieves et al. 2019),Ni4As8(61),61,-4.95954e-05,,,0,0,structures/Ni4As8_#61_575.cif
Ni4H4_#139_512.json,Novamag database (Nieves et al. 2019),Ni4H4(139),139,-0.000125268,,0,1,0,structures/Ni4H4_#139_512.cif
Ni4N1_#123_177.json,Novamag database (Nieves et al. 2019),Ni4N1(123),123,-3.52282,,0,1,0,structures/Ni4N1_#123_177.cif
Ni4N4_#119_425.json,Novamag database (Nieves et al. 2019),Ni4N4(119),119,0.0213783,,1,1,1,structures/Ni4N4_#119_425.cif
Ni4P4S4_#19_422.json,Novamag database (Nieves et al. 2019),Ni4P4S4(19),19,0.0192058,,,0,1,structures/Ni4P4S4_#19_422.cif
Ni4P8_#61_590.json,Novamag database (Nieves et al. 2019),Ni4P8(61),61,0.0,,,0,1,structures/Ni4P8_#61_590.cif
Ni4S8_#1_402.json,Novamag database (Nieves et al. 2019),Ni4S8(1),1,0.00771992,,,0,1,structures/Ni4S8_#1_402.cif
Ni4Sb4S4_#19_465.json,Novamag database (Nieves et al. 2019),Ni4Sb4S4(19),19,-0.00333263,,,0,0,structures/Ni4Sb4S4_#19_465.cif
Ni4Sb4Se4_#19_492.json,Novamag database (Nieves et al. 2019),Ni4Sb4Se4(19),19,-0.00187185,,,0,0,structures/Ni4Sb4Se4_#19_492.cif
Ni4Se8_#61_506.json,Novamag database (Nieves et al. 2019),Ni4Se8(61),61,0.000153209,,,0,1,structures/Ni4Se8_#61_506.cif
Ni4Sn4Rh8_#139_346.json,Novamag database (Nieves et al. 2019),Ni4Sn4Rh8(139),139,0.245683,,1,1,1,structures/Ni4Sn4Rh8_#139_346.cif
Ni8Mo12N4_#92_560.json,Novamag database (Nieves et al. 2019),Ni8Mo12N4(92),92,-1.62696e-05,,0,1,0,structures/Ni8Mo12N4_#92_560.cif
Ni8P24_#71_553.json,Novamag database (Nieves et al. 2019),Ni8P24(71),71,1.00352e-05,,,0,1,structures/Ni8P24_#71_553.cif
Ni8W12N4_#92_478.json,Novamag database (Nieves et al. 2019),Ni8W12N4(92),92,-0.00151585,,0,1,0,structures/Ni8W12N4_#92_478.cif
Sc1Co1_#123_423.json,Novamag database (Nieves et al. 2019),Sc1Co1(123),123,-0.133462,,0,1,0,structures/Sc1Co1_#123_423.cif
Sc1Co3C1_#123_494.json,Novamag database (Nieves et al. 2019),Sc1Co3C1(123),123,-0.00946203,,0,1,0,structures/Sc1Co3C1_#123_494.cif
Sc1Ni1_#123_470.json,Novamag database (Nieves et al. 2019),Sc1Ni1(123),123,0.000201786,,1,1,1,structures/Sc1Ni1_#123_470.cif
Sc3Mn3Rh6_#2_156.json,Novamag database (Nieves et al. 2019),Sc3Mn3Rh6(2),2,-0.272399,,,0,0,structures/Sc3Mn3Rh6_#2_156.cif
Sc4Al4Ni8_#139_521.json,Novamag database (Nieves et al. 2019),Sc4Al4Ni8(139),139,0.000325396,,1,1,1,structures/Sc4Al4Ni8_#139_521.cif
Sc4Co4Te4_#119_588.json,Novamag database (Nieves et al. 2019),Sc4Co4Te4(119),119,-0.0004779,,0,1,0,structures/Sc4Co4Te4_#119_588.cif
Sc4Co8Sn4_#139_340.json,Novamag database (Nieves et al. 2019),Sc4Co8Sn4(139),139,0.166225,,1,1,1,structures/Sc4Co8Sn4_#139_340.cif
Sc4Ga4Co8_#139_559.json,Novamag database (Nieves et al. 2019),Sc4Ga4Co8(139),139,-0.00036469,,0,1,0,structures/Sc4Ga4Co8_#139_559.cif
Sc4In4Ni8_#139_585.json,Novamag database (Nieves et al. 2019),Sc4In4Ni8(139),139,-5.17771e-05,,0,1,0,structures/Sc4In4Ni8_#139_585.cif
Sc4Ni16Sn4_#119_578.json,Novamag database (Nieves et al. 2019),Sc4Ni16Sn4(119),119,9.75689e-05,,1,1,1,structures/Sc4Ni16Sn4_#119_578.cif
Sc4Ni4Bi4_#119_542.json,Novamag database (Nieves et al. 2019),Sc4Ni4Bi4(119),119,0.00051698,,1,1,1,structures/Sc4Ni4Bi4_#119_542.cif
Sc4Ni4P4_#119_579.json,Novamag database (Nieves et al. 2019),Sc4Ni4P4(119),119,-3.50817e-05,,0,1,0,structures/Sc4Ni4P4_#119_579.cif
Sc4Ni4Sb4_#119_583.json,Novamag database (Nieves et al. 2019),Sc4Ni4Sb4(119),119,2.10647e-05,,1,1,1,structures/Sc4Ni4Sb4_#119_583.cif
Sc4Ni8Sn4_#139_516.json,Novamag database (Nieves et al. 2019),Sc4Ni8Sn4(139),139,-0.000810733,,0,1,0,structures/Sc4Ni8Sn4_#139_516.cif
Sc4V4Fe4_#119_406.json,Novamag database (Nieves et al. 2019),Sc4V4Fe4(119),119,-0.0576904,,0,1,0,structures/Sc4V4Fe4_#119_406.cif
Sc8Co16_#141_245.json,Novamag database (Nieves et al. 2019),Sc8Co16(141),141,0.193948,,1,1,1,structures/Sc8Co16_#141_245.cif
Sc8Co4Ir4_#139_382.json,Novamag database (Nieves et al. 2019),Sc8Co4Ir4(139),139,0.0324095,,1,1,1,structures/Sc8Co4Ir4_#139_382.cif
Sc8Co4Os4_#139_427.json,Novamag database (Nieves et al. 2019),Sc8Co4Os4(139),139,0.0174186,,1,1,1,structures/Sc8Co4Os4_#139_427.cif
Sc8Co4Ru4_#139_529.json,Novamag database (Nieves et al. 2019),Sc8Co4Ru4(139),139,6.26585e-05,,1,1,1,structures/Sc8Co4Ru4_#139_529.cif
Sc8Fe16_#141_178.json,Novamag database (Nieves et al. 2019),Sc8Fe16(141),141,-0.0680431,,0,1,0,structures/Sc8Fe16_#141_178.cif
Sc8Ni16_#141_514.json,Novamag database (Nieves et al. 2019),Sc8Ni16(141),141,9.74265e-05,,1,1,1,structures/Sc8Ni16_#141_514.cif
Sc8Ni4Ir4_#139_550.json,Novamag database (Nieves et al. 2019),Sc8Ni4Ir4(139),139,0.000254709,,1,1,1,structures/Sc8Ni4Ir4_#139_550.cif
Sc8Ni4Pt4_#139_504.json,Novamag database (Nieves et al. 2019),Sc8Ni4Pt4(139),139,-0.000117088,,0,1,0,structures/Sc8Ni4Pt4_#139_504.cif
Sc8Ni4Ru4_#139_491.json,Novamag database (Nieves et al. 2019),Sc8Ni4Ru4(139),139,-0.000816718,,0,1,0,structures/Sc8Ni4Ru4_#139_491.cif
Sc8Tc4Ni4_#139_582.json,Novamag database (Nieves et al. 2019),Sc8Tc4Ni4(139),139,-7.29645e-05,,0,1,0,structures/Sc8Tc4Ni4_#139_582.cif
Si1Ni3_#123_421.json,Novamag database (Nieves et al. 2019),Si1Ni3(123),123,0.00265782,,1,1,1,structures/Si1Ni3_#123_421.cif
Si8Ni4_#139_571.json,Novamag database (Nieves et al. 2019),Si8Ni4(139),139,-1.99549e-05,,0,1,0,structures/Si8Ni4_#139_571.cif
Sr4Cr4Pd8_#119_216.json,Novamag database (Nieves et al. 2019),Sr4Cr4Pd8(119),119,0.036707,,1,1,1,structures/Sr4Cr4Pd8_#119_216.cif
Sr4Cr4Rh8_#139_238.json,Novamag database (Nieves et al. 2019),Sr4Cr4Rh8(139),139,0.618575,,1,1,1,structures/Sr4Cr4Rh8_#139_238.cif
Sr4Cr4W8_#139_370.json,Novamag database (Nieves et al. 2019),Sr4Cr4W8(139),139,0.667796,,1,1,1,structures/Sr4Cr4W8_#139_370.cif
Sr4Mn4Re8_#119_270.json,Novamag database (Nieves et al. 2019),Sr4Mn4Re8(119),119,-3.71964,,0,1,0,structures/Sr4Mn4Re8_#119_270.cif
Sr4Mn8Si4_#119_83.json,Novamag database (Nieves et al. 2019),Sr4Mn8Si4(119),119,0.103819,,1,1,1,structures/Sr4Mn8Si4_#119_83.cif
Sr4Zr4Co4_#119_448.json,Novamag database (Nieves et al. 2019),Sr4Zr4Co4(119),119,0.00266804,,1,1,1,structures/Sr4Zr4Co4_#119_448.cif
Ta1Co3_#123_293.json,Novamag database (Nieves et al. 2019),Ta1Co3(123),123,-0.298108,,0,1,0,structures/Ta1Co3_#123_293.cif
Ta4Al4Co8_#139_272.json,Novamag database (Nieves et al. 2019),Ta4Al4Co8(139),139,-0.525618,,0,1,0,structures/Ta4Al4Co8_#139_272.cif
Ta4Al4Fe8_#139_543.json,Novamag database (Nieves et al. 2019),Ta4Al4Fe8(139),139,-0.000610369,,0,1,0,structures/Ta4Al4Fe8_#139_543.cif
Ta4Al4Ni8_#139_541.json,Novamag database (Nieves et al. 2019),Ta4Al4Ni8(139),139,-0.000119935,,0,1,0,structures/Ta4Al4Ni8_#139_541.cif
Ta4Co4Sb4_#119_482.json,Novamag database (Nieves et al. 2019),Ta4Co4Sb4(119),119,-0.000248633,,0,1,0,structures/Ta4Co4Sb4_#119_482.cif
Ta4Co4Sn8_#119_311.json,Novamag database (Nieves et al. 2019),Ta4Co4Sn8(119),119,2.09811,,1,1,1,structures/Ta4Co4Sn8_#119_311.cif
Ta4Fe4Ru8_#139_119.json,Novamag database (Nieves et al. 2019),Ta4Fe4Ru8(139),139,-0.24874,,0,1,0,structures/Ta4Fe4Ru8_#139_119.cif
Ta4Ga4Co8_#139_273.json,Novamag database (Nieves et al. 2019),Ta4Ga4Co8(139),139,-0.618654,,0,1,0,structures/Ta4Ga4Co8_#139_273.cif
Ta4Ga4Fe8_#139_552.json,Novamag database (Nieves et al. 2019),Ta4Ga4Fe8(139),139,0.00483057,,1,1,1,structures/Ta4Ga4Fe8_#139_552.cif
Ta4Ga4Ni8_#139_534.json,Novamag database (Nieves et al. 2019),Ta4Ga4Ni8(139),139,-1.49933e-05,,0,1,0,structures/Ta4Ga4Ni8_#139_534.cif
Ta4Mn4As4_#119_268.json,Novamag database (Nieves et al. 2019),Ta4Mn4As4(119),119,1.42753,,1,1,1,structures/Ta4Mn4As4_#119_268.cif
Ta4Mn4Ru8_#139_165.json,Novamag database (Nieves et al. 2019),Ta4Mn4Ru8(139),139,-0.626535,,0,1,0,structures/Ta4Mn4Ru8_#139_165.cif
Ta4Mn8Al4_#139_271.json,Novamag database (Nieves et al. 2019),Ta4Mn8Al4(139),139,0.602465,,1,1,1,structures/Ta4Mn8Al4_#139_271.cif
Ta4Ti4Mn8_#139_367.json,Novamag database (Nieves et al. 2019),Ta4Ti4Mn8(139),139,0.199243,,1,1,1,structures/Ta4Ti4Mn8_#139_367.cif
Ta4Zn4Co8_#139_332.json,Novamag database (Nieves et al. 2019),Ta4Zn4Co8(139),139,0.170827,,1,1,1,structures/Ta4Zn4Co8_#139_332.cif
Ta8Co16_#141_325.json,Novamag database (Nieves et al. 2019),Ta8Co16(141),141,0.336762,,1,1,1,structures/Ta8Co16_#141_325.cif
Ta8Cr16_#141_460.json,Novamag database (Nieves et al. 2019),Ta8Cr16(141),141,0.000974129,,1,1,1,structures/Ta8Cr16_#141_460.cif
Ta8Cr4Os4_#139_587.json,Novamag database (Nieves et al. 2019),Ta8Cr4Os4(139),139,-0.000308396,,0,1,0,structures/Ta8Cr4Os4_#139_587.cif
Ta8Fe4Os4_#139_298.json,Novamag database (Nieves et al. 2019),Ta8Fe4Os4(139),139,-0.00565912,,0,1,0,structures/Ta8Fe4Os4_#139_298.cif
Ti16Co8_#141_303.json,Novamag database (Nieves et al. 2019),Ti16Co8(141),141,0.378373,,1,1,1,structures/Ti16Co8_#141_303.cif
Ti1Co1_#123_301.json,Novamag database (Nieves et al. 2019),Ti1Co1(123),123,0.00570257,,1,1,1,structures/Ti1Co1_#123_301.cif
Ti1Co3_#123_213.json,Novamag database (Nieves et al. 2019),Ti1Co3(123),123,-0.112671,,0,1,0,structures/Ti1Co3_#123_213.cif
Ti1Fe1_#123_440.json,Novamag database (Nieves et al. 2019),Ti1Fe1(123),123,0.047997,,1,1,1,structures/Ti1Fe1_#123_440.cif
Ti1Mn2Ga1_#1_349.json,Novamag database (Nieves et al. 2019),Ti1Mn2Ga1(1),1,0.00644106,,,0,1,structures/Ti1Mn2Ga1_#1_349.cif
Ti1Mn2Ge1_#2_262.json,Novamag database (Nieves et al. 2019),Ti1Mn2Ge1(2),2,-0.190825,,,0,0,structures/Ti1Mn2Ge1_#2_262.cif
Ti1Ni1_#123_450.json,Novamag database (Nieves et al. 2019),Ti1Ni1(123),123,5.90339e-05,,1,1,1,structures/Ti1Ni1_#123_450.cif
Ti3Fe6Si3_#2_528.json,Novamag database (Nieves et al. 2019),Ti3Fe6Si3(2),2,0.000642156,,,0,1,structures/Ti3Fe6Si3_#2_528.cif
Ti3Zn3Co6_#2_551.json,Novamag database (Nieves et al. 2019),Ti3Zn3Co6(2),2,-0.000118131,,,0,0,structures/Ti3Zn3Co6_#2_551.cif
Ti4Al4Fe8_#139_330.json,Novamag database (Nieves et al. 2019),Ti4Al4Fe8(139),139,-0.0297311,,0,1,0,structures/Ti4Al4Fe8_#139_330.cif
Ti4Al4Ni8_#139_535.json,Novamag database (Nieves et al. 2019),Ti4Al4Ni8(139),139,0.000164777,,1,1,1,structures/Ti4Al4Ni8_#139_535.cif
Ti4Be4Co8_#139_496.json,Novamag database (Nieves et al. 2019),Ti4Be4Co8(139),139,6.41605e-05,,1,1,1,structures/Ti4Be4Co8_#139_496.cif
Ti4Co4As4_#119_350.json,Novamag database (Nieves et al. 2019),Ti4Co4As4(119),119,0.0633281,,1,1,1,structures/Ti4Co4As4_#119_350.cif
Ti4Co4Sb4_#119_548.json,Novamag database (Nieves et al. 2019),Ti4Co4Sb4(119),119,0.000641779,,1,1,1,structures/Ti4Co4Sb4_#119_548.cif
Ti4Co4Sn4_#119_359.json,Novamag database (Nieves et al. 2019),Ti4Co4Sn4(119),119,0.196727,,1,1,1,structures/Ti4Co4Sn4_#119_359.cif
Ti4Co8Ge4_#139_256.json,Novamag database (Nieves et al. 2019),Ti4Co8Ge4(139),139,-0.489485,,0,1,0,structures/Ti4Co8Ge4_#139_256.cif
Ti4Co8Si4_#139_250.json,Novamag database (Nieves et al. 2019),Ti4Co8Si4(139),139,-0.454751,,0,1,0,structures/Ti4Co8Si4_#139_250.cif
Ti4Co8Sn4_#139_278.json,Novamag database (Nieves et al. 2019),Ti4Co8Sn4(139),139,-0.25564,,0,1,0,structures/Ti4Co8Sn4_#139_278.cif
Ti4Cr4Ag4_#119_205.json,Novamag database (Nieves et al. 2019),Ti4Cr4Ag4(119),119,0.0356196,,1,1,1,structures/Ti4Cr4Ag4_#119_205.cif
Ti4Fe4Sb4_#119_338.json,Novamag database (Nieves et al. 2019),Ti4Fe4Sb4(119),119,0.0385468,,1,1,1,structures/Ti4Fe4Sb4_#119_338.cif
Ti4Fe4Se4_#119_606.json,Novamag database (Nieves et al. 2019),Ti4Fe4Se4(119),119,-5.41765e-05,,0,1,0,structures/Ti4Fe4Se4_#119_606.cif
Ti4Fe4Sn4_#119_306.json,Novamag database (Nieves et al. 2019),Ti4Fe4Sn4(119),119,-0.158783,,0,1,0,structures/Ti4Fe4Sn4_#119_306.cif
Ti4Fe4Te4_#119_580.json,Novamag database (Nieves et al. 2019),Ti4Fe4Te4(119),119,-0.00105422,,0,1,0,structures/Ti4Fe4Te4_#119_580.cif
Ti4Fe8Ge4_#139_483.json,Novamag database (Nieves et al. 2019),Ti4Fe8Ge4(139),139,0.00820614,,1,1,1,structures/Ti4Fe8Ge4_#139_483.cif
Ti4Fe8Sn4_#139_503.json,Novamag database (Nieves et al. 2019),Ti4Fe8Sn4(139),139,0.0133823,,1,1,1,structures/Ti4Fe8Sn4_#139_503.cif
Ti4Ga4Co8_#139_320.json,Novamag database (Nieves et al. 2019),Ti4Ga4Co8(139),139,0.0681802,,1,1,1,structures/Ti4Ga4Co8_#139_320.cif
Ti4Ga4Fe8_#139_336.json,Novamag database (Nieves et al. 2019),Ti4Ga4Fe8(139),139,0.00747511,,1,1,1,structures/Ti4Ga4Fe8_#139_336.cif
Ti4Ga4Ni8_#139_468.json,Novamag database (Nieves et al. 2019),Ti4Ga4Ni8(139),139,0.000424169,,1,1,1,structures/Ti4Ga4Ni8_#139_468.cif
Ti4In4Ni8_#139_484.json,Novamag database (Nieves et al. 2019),Ti4In4Ni8(139),139,0.00119852,,1,1,1,structures/Ti4In4Ni8_#139_484.cif
Ti4Mn4Co8_#139_84.json,Novamag database (Nieves et al. 2019),Ti4Mn4Co8(139),139,-0.00059453,,0,1,0,structures/Ti4Mn4Co8_#139_84.cif
Ti4Mn4Co8_#139_85.json,Novamag database (Nieves et al. 2019),Ti4Mn4Co8(139),139,0.0183501,,1,1,1,structures/Ti4Mn4Co8_#139_85.cif
Ti4Mn4Rh8_#139_106.json,Novamag database (Nieves et al. 2019),Ti4Mn4Rh8(139),139,-0.220861,,0,1,0,structures/Ti4Mn4Rh8_#139_106.cif
Ti4Mn8Al4_#139_215.json,Novamag database (Nieves et al. 2019),Ti4Mn8Al4(139),139,0.10341,,1,1,1,structures/Ti4Mn8Al4_#139_215.cif
Ti4Mn8Si4_#139_253.json,Novamag database (Nieves et al. 2019),Ti4Mn8Si4(139),139,-0.194948,,0,1,0,structures/Ti4Mn8Si4_#139_253.cif
Ti4Mn8W4_#139_490.json,Novamag database (Nieves et al. 2019),Ti4Mn8W4(139),139,-0.00046823,,0,1,0,structures/Ti4Mn8W4_#139_490.cif
Ti4Ni4Ge4_#119_525.json,Novamag database (Nieves et al. 2019),Ti4Ni4Ge4(119),119,-0.000281649,,0,1,0,structures/Ti4Ni4Ge4_#119_525.cif
Ti4Ni4Sb4_#119_452.json,Novamag database (Nieves et al. 2019),Ti4Ni4Sb4(119),119,-0.00482539,,0,1,0,structures/Ti4Ni4Sb4_#119_452.cif
Ti4Ni4Sn4_#119_531.json,Novamag database (Nieves et al. 2019),Ti4Ni4Sn4(119),119,0.00101513,,1,1,1,structures/Ti4Ni4Sn4_#119_531.cif
Ti4Ni4Sn4_#119_546.json,Novamag database (Nieves et al. 2019),Ti4Ni4Sn4(119),119,-0.000304557,,0,1,0,structures/Ti4Ni4Sn4_#119_546.cif
Ti4Ni8Sb4_#139_517.json,Novamag database (Nieves et al. 2019),Ti4Ni8Sb4(139),139,-0.000720285,,0,1,0,structures/Ti4Ni8Sb4_#139_517.cif
Ti4Ni8Sn4_#139_475.json,Novamag database (Nieves et al. 2019),Ti4Ni8Sn4(139),139,-0.00365215,,0,1,0,structures/Ti4Ni8Sn4_#139_475.cif
Ti4Zn4Ni8_#139_597.json,Novamag database (Nieves et al. 2019),Ti4Zn4Ni8(139),139,-0.000103146,,0,1,0,structures/Ti4Zn4Ni8_#139_597.cif
Ti8Co4Ir4_#139_300.json,Novamag database (Nieves et al. 2019),Ti8Co4Ir4(139),139,0.972202,,1,1,1,structures/Ti8Co4Ir4_#139_300.cif
Ti8Co4Re4_#139_399.json,Novamag database (Nieves et al. 2019),Ti8Co4Re4(139),139,-0.00200623,,0,1,0,structures/Ti8Co4Re4_#139_399.cif
Ti8Co4Tc4_#139_413.json,Novamag database (Nieves et al. 2019),Ti8Co4Tc4(139),139,-0.190726,,0,1,0,structures/Ti8Co4Tc4_#139_413.cif
Ti8Cr16_#141_577.json,Novamag database (Nieves et al. 2019),Ti8Cr16(141),141,0.000208056,,1,1,1,structures/Ti8Cr16_#141_577.cif
Ti8Fe4Ir4_#139_356.json,Novamag database (Nieves et al. 2019),Ti8Fe4Ir4(139),139,-0.91186,,0,1,0,structures/Ti8Fe4Ir4_#139_356.cif
Ti8Mn4Be4_#139_471.json,Novamag database (Nieves et al. 2019),Ti8Mn4Be4(139),139,0.00496728,,1,1,1,structures/Ti8Mn4Be4_#139_471.cif
Ti8Mn4Co4_#139_396.json,Novamag database (Nieves et al. 2019),Ti8Mn4Co4(139),139,-0.00013009,,0,1,0,structures/Ti8Mn4Co4_#139_396.cif
Ti8Mn4Co4_#139_397.json,Novamag database (Nieves et al. 2019),Ti8Mn4Co4(139),139,0.0043389,,1,1,1,structures/Ti8Mn4Co4_#139_397.cif
Ti8Mn4Ir4_#139_515.json,Novamag database (Nieves et al. 2019),Ti8Mn4Ir4(139),139,0.00154485,,1,1,1,structures/Ti8Mn4Ir4_#139_515.cif
Ti8Mn4Ni4_#139_426.json,Novamag database (Nieves et al. 2019),Ti8Mn4Ni4(139),139,-0.0185986,,0,1,0,structures/Ti8Mn4Ni4_#139_426.cif
Ti8Mn4Os4_#139_368.json,Novamag database (Nieves et al. 2019),Ti8Mn4Os4(139),139,-1.44675,,0,1,0,structures/Ti8Mn4Os4_#139_368.cif
Ti8Mn4Rh4_#139_589.json,Novamag database (Nieves et al. 2019),Ti8Mn4Rh4(139),139,-0.0031944,,0,1,0,structures/Ti8Mn4Rh4_#139_589.cif
Ti8Mn4Ru4_#139_369.json,Novamag database (Nieves et al. 2019),Ti8Mn4Ru4(139),139,0.000993367,,1,1,1,structures/Ti8Mn4Ru4_#139_369.cif
Ti8Ni4Ir4_#139_607.json,Novamag database (Nieves et al. 2019),Ti8Ni4Ir4(139),139,-0.00240316,,0,1,0,structures/Ti8Ni4Ir4_#139_607.cif
Ti8Ni4Mo4_#139_510.json,Novamag database (Nieves et al. 2019),Ti8Ni4Mo4(139),139,-0.00200769,,0,1,0,structures/Ti8Ni4Mo4_#139_510.cif
Ti8Re4Ni4_#139_474.json,Novamag database (Nieves et al. 2019),Ti8Re4Ni4(139),139,0.000180269,,1,1,1,structures/Ti8Re4Ni4_#139_474.cif
Ti8Tc4Ni4_#139_487.json,Novamag database (Nieves et al. 2019),Ti8Tc4Ni4(139),139,0.000176615,,1,1,1,structures/Ti8Tc4Ni4_#139_487.cif
Tl4Co4As8_#139_568.json,Novamag database (Nieves et al. 2019),Tl4Co4As8(139),139,0.00112015,,1,1,1,structures/Tl4Co4As8_#139_568.cif
Tl4Co4Bi4_#119_309.json,Novamag database (Nieves et al. 2019),Tl4Co4Bi4(119),119,-2.12072,,0,1,0,structures/Tl4Co4Bi4_#119_309.cif
Tl4Co4Mo8_#119_372.json,Novamag database (Nieves et al. 2019),Tl4Co4Mo8(119),119,0.0518935,,1,1,1,structures/Tl4Co4Mo8_#119_372.cif
Tl4Co4W4_#119_435.json,Novamag database (Nieves et al. 2019),Tl4Co4W4(119),119,0.0165485,,1,1,1,structures/Tl4Co4W4_#119_435.cif
V1Fe1_#123_282.json,Novamag database (Nieves et al. 2019),V1Fe1(123),123,0.112019,,1,1,1,structures/V1Fe1_#123_282.cif
V4Co4Sb4_#119_316.json,Novamag database (Nieves et al. 2019),V4Co4Sb4(119),119,0.0918214,,1,1,1,structures/V4Co4Sb4_#119_316.cif
V4Co8Ge4_#139_210.json,Novamag database (Nieves et al. 2019),V4Co8Ge4(139),139,-0.466571,,0,1,0,structures/V4Co8Ge4_#139_210.cif
V4Co8Si4_#139_208.json,Novamag database (Nieves et al. 2019),V4Co8Si4(139),139,-0.247486,,0,1,0,structures/V4Co8Si4_#139_208.cif
V4Co8Sn4_#139_222.json,Novamag database (Nieves et al. 2019),V4Co8Sn4(139),139,-0.478699,,0,1,0,structures/V4Co8Sn4_#139_222.cif
V4Fe12_#139_78.json,Novamag database (Nieves et al. 2019),V4Fe12(139),139,-0.424656,,0,1,0,structures/V4Fe12_#139_78.cif
V4Fe4Sb4_#119_557.json,Novamag database (Nieves et al. 2019),V4Fe4Sb4(119),119,0.0752082,,1,1,1,structures/V4Fe4Sb4_#119_557.cif
V4Fe4Se4_#119_305.json,Novamag database (Nieves et al. 2019),V4Fe4Se4(119),119,0.00163743,,1,1,1,structures/V4Fe4Se4_#119_305.cif
V4Fe4Te4_#119_317.json,Novamag database (Nieves et al. 2019),V4Fe4Te4(119),119,-0.0358953,,0,1,0,structures/V4Fe4Te4_#119_317.cif
V4Fe8Si4_#139_331.json,Novamag database (Nieves et al. 2019),V4Fe8Si4(139),139,0.339255,,1,1,1,structures/V4Fe8Si4_#139_331.cif
V4Ga4Co8_#139_248.json,Novamag database (Nieves et al. 2019),V4Ga4Co8(139),139,-0.327252,,0,1,0,structures/V4Ga4Co8_#139_248.cif
V4Ga4Fe8_#139_498.json,Novamag database (Nieves et al. 2019),V4Ga4Fe8(139),139,-0.00602832,,0,1,0,structures/V4Ga4Fe8_#139_498.cif
V4Ga4Ni8_#139_462.json,Novamag database (Nieves et al. 2019),V4Ga4Ni8(139),139,0.00613628,,1,1,1,structures/V4Ga4Ni8_#139_462.cif
V4Ni4Sb4_#119_261.json,Novamag database (Nieves et al. 2019),V4Ni4Sb4(119),119,0.0929088,,1,1,1,structures/V4Ni4Sb4_#119_261.cif
V4Ni8Sn4_#139_361.json,Novamag database (Nieves et al. 2019),V4Ni8Sn4(139),139,0.0352272,,1,1,1,structures/V4Ni8Sn4_#139_361.cif
V6Co2_#131_449.json,Novamag database (Nieves et al. 2019),V6Co2(131),131,0.00623812,,1,1,1,structures/V6Co2_#131_449.cif
V6Ni2_#131_532.json,Novamag database (Nieves et al. 2019),V6Ni2(131),131,0.0,,1,1,1,structures/V6Ni2_#131_532.cif
V8Cr4Fe4_#139_461.json,Novamag database (Nieves et al. 2019),V8Cr4Fe4(139),139,0.00308485,,1,1,1,structures/V8Cr4Fe4_#139_461.cif
V8Cr4Fe4_#139_497.json,Novamag database (Nieves et al. 2019),V8Cr4Fe4(139),139,0.0316261,,1,1,1,structures/V8Cr4Fe4_#139_497.cif
V8Cr4Os4_#139_424.json,Novamag database (Nieves et al. 2019),V8Cr4Os4(139),139,0.00203531,,1,1,1,structures/V8Cr4Os4_#139_424.cif
V8Cr4Re4_#139_447.json,Novamag database (Nieves et al. 2019),V8Cr4Re4(139),139,-0.00424024,,0,1,0,structures/V8Cr4Re4_#139_447.cif
V8Cr4Ru4_#139_469.json,Novamag database (Nieves et al. 2019),V8Cr4Ru4(139),139,0.00618266,,1,1,1,structures/V8Cr4Ru4_#139_469.cif
V8Cr4Tc4_#139_456.json,Novamag database (Nieves et al. 2019),V8Cr4Tc4(139),139,0.000754164,,1,1,1,structures/V8Cr4Tc4_#139_456.cif
Zn1Co3C1_#123_319.json,Novamag database (Nieves et al. 2019),Zn1Co3C1(123),123,-0.0083744,,0,1,0,structures/Zn1Co3C1_#123_319.cif
Zn1Fe3C1_#123_126.json,Novamag database (Nieves et al. 2019),Zn1Fe3C1(123),123,0.443933,,1,1,1,structures/Zn1Fe3C1_#123_126.cif
Zn1Ni3C1_#123_408.json,Novamag database (Nieves et al. 2019),Zn1Ni3C1(123),123,0.0862573,,1,1,1,structures/Zn1Ni3C1_#123_408.cif
Zn4Fe4Pb4_#119_240.json,Novamag database (Nieves et al. 2019),Zn4Fe4Pb4(119),119,2.06876,,1,1,1,structures/Zn4Fe4Pb4_#119_240.cif
Zn4Ni4Sb4_#119_530.json,Novamag database (Nieves et al. 2019),Zn4Ni4Sb4(119),119,6.85701e-05,,1,1,1,structures/Zn4Ni4Sb4_#119_530.cif
Zn4Ni4_#119_572.json,Novamag database (Nieves et al. 2019),Zn4Ni4(119),119,-0.000272622,,0,1,0,structures/Zn4Ni4_#119_572.cif
Zn4Ni8Ge4_#139_523.json,Novamag database (Nieves et al. 2019),Zn4Ni8Ge4(139),139,8.16563e-06,,1,1,1,structures/Zn4Ni8Ge4_#139_523.cif
Zn8Ni4Rh4_#139_562.json,Novamag database (Nieves et al. 2019),Zn8Ni4Rh4(139),139,-0.00198047,,0,1,0,structures/Zn8Ni4Rh4_#139_562.cif
Zr16Al4Ni8_#1_404.json,Novamag database (Nieves et al. 2019),Zr16Al4Ni8(1),1,-0.000285134,,,0,0,structures/Zr16Al4Ni8_#1_404.cif
Zr1Co1_#123_326.json,Novamag database (Nieves et al. 2019),Zr1Co1(123),123,0.0217628,,1,1,1,structures/Zr1Co1_#123_326.cif
Zr4Al4Co8_#139_337.json,Novamag database (Nieves et al. 2019),Zr4Al4Co8(139),139,0.026443,,1,1,1,structures/Zr4Al4Co8_#139_337.cif
Zr4Al4Ni8_#139_563.json,Novamag database (Nieves et al. 2019),Zr4Al4Ni8(139),139,-0.000689184,,0,1,0,structures/Zr4Al4Ni8_#139_563.cif
Zr4Co4As4_#119_329.json,Novamag database (Nieves et al. 2019),Zr4Co4As4(119),119,0.153194,,1,1,1,structures/Zr4Co4As4_#119_329.cif
Zr4Co4Bi4_#119_605.json,Novamag database (Nieves et al. 2019),Zr4Co4Bi4(119),119,-0.000171709,,0,1,0,structures/Zr4Co4Bi4_#119_605.cif
Zr4Co4Sb4_#119_389.json,Novamag database (Nieves et al. 2019),Zr4Co4Sb4(119),119,-0.075665,,0,1,0,structures/Zr4Co4Sb4_#119_389.cif
Zr4Co8Sn4_#139_285.json,Novamag database (Nieves et al. 2019),Zr4Co8Sn4(139),139,-0.227793,,0,1,0,structures/Zr4Co8Sn4_#139_285.cif
Zr4Cr4Fe4_#119_371.json,Novamag database (Nieves et al. 2019),Zr4Cr4Fe4(119),119,-0.140488,,0,1,0,structures/Zr4Cr4Fe4_#119_371.cif
Zr4Fe4Sb4_#119_342.json,Novamag database (Nieves et al. 2019),Zr4Fe4Sb4(119),119,-0.0612474,,0,1,0,structures/Zr4Fe4Sb4_#119_342.cif
Zr4Fe4Se4_#119_591.json,Novamag database (Nieves et al. 2019),Zr4Fe4Se4(119),119,0.000103986,,1,1,1,structures/Zr4Fe4Se4_#119_591.cif
Zr4Fe4Te4_#119_576.json,Novamag database (Nieves et al. 2019),Zr4Fe4Te4(119),119,-4.18779e-05,,0,1,0,structures/Zr4Fe4Te4_#119_576.cif
Zr4Ga4Ni8_#139_431.json,Novamag database (Nieves et al. 2019),Zr4Ga4Ni8(139),139,-0.000915052,,0,1,0,structures/Zr4Ga4Ni8_#139_431.cif
Zr4In4Ni16_#119_403.json,Novamag database (Nieves et al. 2019),Zr4In4Ni16(119),119,0.0972072,,1,1,1,structures/Zr4In4Ni16_#119_403.cif
Zr4In4Ni8_#139_438.json,Novamag database (Nieves et al. 2019),Zr4In4Ni8(139),139,0.000553859,,1,1,1,structures/Zr4In4Ni8_#139_438.cif
Zr4Ni16Sn4_#119_381.json,Novamag database (Nieves et al. 2019),Zr4Ni16Sn4(119),119,-0.0246163,,0,1,0,structures/Zr4Ni16Sn4_#119_381.cif
Zr4Ni20_#119_380.json,Novamag database (Nieves et al. 2019),Zr4Ni20(119),119,-0.0282156,,0,1,0,structures/Zr4Ni20_#119_380.cif
Zr4Ni4Bi4_#119_540.json,Novamag database (Nieves et al. 2019),Zr4Ni4Bi4(119),119,-0.00427754,,0,1,0,structures/Zr4Ni4Bi4_#119_540.cif
Zr4Ni4Ge4_#119_455.json,Novamag database (Nieves et al. 2019),Zr4Ni4Ge4(119),119,-0.000644017,,0,1,0,structures/Zr4Ni4Ge4_#119_455.cif
Zr4Ni4Sn4_#119_600.json,Novamag database (Nieves et al. 2019),Zr4Ni4Sn4(119),119,6.84546e-05,,1,1,1,structures/Zr4Ni4Sn4_#119_600.cif
Zr4Ni8Sb4_#139_549.json,Novamag database (Nieves et al. 2019),Zr4Ni8Sb4(139),139,-0.00115424,,0,1,0,structures/Zr4Ni8Sb4_#139_549.cif
Zr4Ni8Sn4_#139_569.json,Novamag database (Nieves et al. 2019),Zr4Ni8Sn4(139),139,0.000260424,,1,1,1,structures/Zr4Ni8Sn4_#139_569.cif
Zr4Zn4Ni16_#119_501.json,Novamag database (Nieves et al. 2019),Zr4Zn4Ni16(119),119,0.00339959,,1,1,1,structures/Zr4Zn4Ni16_#119_501.cif
Zr8Co14Ge12_#139_417.json,Novamag database (Nieves et al. 2019),Zr8Co14Ge12(139),139,0.00174913,,,0,1,structures/Zr8Co14Ge12_#139_417.cif
Zr8Co16_#141_365.json,Novamag database (Nieves et al. 2019),Zr8Co16(141),141,0.0174943,,1,1,1,structures/Zr8Co16_#141_365.cif
Zr8Co4Tc4_#139_379.json,Novamag database (Nieves et al. 2019),Zr8Co4Tc4(139),139,0.0144366,,1,1,1,structures/Zr8Co4Tc4_#139_379.cif
Zr8Cr16_#141_513.json,Novamag database (Nieves et al. 2019),Zr8Cr16(141),141,-0.000855748,,0,1,0,structures/Zr8Cr16_#141_513.cif
Zr8Fe16_#141_155.json,Novamag database (Nieves et al. 2019),Zr8Fe16(141),141,-0.141617,,0,1,0,structures/Zr8Fe16_#141_155.cif
Zr8Mn16_#141_279.json,Novamag database (Nieves et al. 2019),Zr8Mn16(141),141,0.217476,,1,1,1,structures/Zr8Mn16_#141_279.cif
Zr8Ni16_#141_432.json,Novamag database (Nieves et al. 2019),Zr8Ni16(141),141,-0.00370287,,0,1,0,structures/Zr8Ni16_#141_432.cif
Zr9In14Co7_#1_391.json,Novamag database (Nieves et al. 2019),Zr9In14Co7(1),1,0.001373,,,0,1,structures/Zr9In14Co7_#1_391.cif
Fe12Sn2Sb2_#156_15.json,Novamag database (Nieves et al. 2019),Fe12Sn2Sb2(156),156,0.04,,1,1,1,structures/Fe12Sn2Sb2_#156_15.cif
Fe12Sn3As1_#156_5.json,Novamag database (Nieves et al. 2019),Fe12Sn3As1(156),156,0.23,,1,1,1,structures/Fe12Sn3As1_#156_5.cif
Fe12Sn3Bi1_#156_12.json,Novamag database (Nieves et al. 2019),Fe12Sn3Bi1(156),156,-0.06,,0,1,0,structures/Fe12Sn3Bi1_#156_12.cif
Fe12Sn3Ga1_#156_3.json,Novamag database (Nieves et al. 2019),Fe12Sn3Ga1(156),156,-0.87,,0,1,0,structures/Fe12Sn3Ga1_#156_3.cif
Fe12Sn3Ge1_#156_4.json,Novamag database (Nieves et al. 2019),Fe12Sn3Ge1(156),156,-0.36,,0,1,0,structures/Fe12Sn3Ge1_#156_4.cif
Fe12Sn3In1_#156_7.json,Novamag database (Nieves et al. 2019),Fe12Sn3In1(156),156,-2.27,,0,1,0,structures/Fe12Sn3In1_#156_7.cif
Fe12Sn3P1_#156_2.json,Novamag database (Nieves et al. 2019),Fe12Sn3P1(156),156,-0.45,,0,1,0,structures/Fe12Sn3P1_#156_2.cif
Fe12Sn3Pb1_#156_11.json,Novamag database (Nieves et al. 2019),Fe12Sn3Pb1(156),156,-1.77,,0,1,0,structures/Fe12Sn3Pb1_#156_11.cif
Fe12Sn3Sb1_#156_9.json,Novamag database (Nieves et al. 2019),Fe12Sn3Sb1(156),156,0.33,,1,1,1,structures/Fe12Sn3Sb1_#156_9.cif
Fe12Sn3Se1_#156_6.json,Novamag database (Nieves et al. 2019),Fe12Sn3Se1(156),156,-0.22,,0,1,0,structures/Fe12Sn3Se1_#156_6.cif
Fe12Sn3Si1_#156_1.json,Novamag database (Nieves et al. 2019),Fe12Sn3Si1(156),156,-0.62,,0,1,0,structures/Fe12Sn3Si1_#156_1.cif
Fe12Sn3Te1_#156_10.json,Novamag database (Nieves et al. 2019),Fe12Sn3Te1(156),156,0.09,,1,1,1,structures/Fe12Sn3Te1_#156_10.cif
Fe12Sn4_#164_8.json,Novamag database (Nieves et al. 2019),Fe12Sn4(164),164,-1.5,,0,1,0,structures/Fe12Sn4_#164_8.cif
Fe6Mn6Sn3Sb1_#1_14.json,Novamag database (Nieves et al. 2019),Fe6Mn6Sn3Sb1(1),1,-1.49,,,0,0,structures/Fe6Mn6Sn3Sb1_#1_14.cif
Fe8Mn4Sn3Sb1_#1_13.json,Novamag database (Nieves et al. 2019),Fe8Mn4Sn3Sb1(1),1,-1.35,,,0,0,structures/Fe8Mn4Sn3Sb1_#1_13.cif
mp-10036,MP structure; K_eff from this work (DFT),Ce3Al1C1,221,0.0,0.2393,,0,1,structures/mp-10036.cif
mp-1006223,MP structure; K_eff from this work (DFT),Gd4B48,225,0.0,0.7577,,0,1,structures/mp-1006223.cif
mp-1006352,MP structure; K_eff from this work (DFT),Er8Co12Ge20,15,0.029929601,0.0462,,0,1,structures/mp-1006352.cif
mp-1007900,MP structure; K_eff from this work (DFT),Eu3Tl3S6,166,9.500755235,0.6353,1,1,1,structures/mp-1007900.cif
mp-10108,MP structure; K_eff from this work (DFT),Np4P4,225,0.0,0.9575,,0,1,structures/mp-10108.cif
mp-1017564,MP structure; K_eff from this work (DFT),Eu2O3,164,106.1375277,1.9336,1,1,1,structures/mp-1017564.cif
mp-1018177,MP structure; K_eff from this work (DFT),Eu2C4,139,-48.72052262,1.5757,0,1,0,structures/mp-1018177.cif
mp-1018824,MP structure; K_eff from this work (DFT),Np2Sb2Te2,129,857.5093452,0.2501,1,1,1,structures/mp-1018824.cif
mp-1025521,MP structure; K_eff from this work (DFT),Ce2Si4Ru2,11,0.145441237,0.0712,,0,1,structures/mp-1025521.cif
mp-10316,MP structure; K_eff from this work (DFT),Ce2Cd2As2O2,129,-0.153609495,0.0725,0,1,0,structures/mp-10316.cif
mp-10624,MP structure; K_eff from this work (DFT),U4Sb4Rh4,216,0.0,0.3302,,0,1,structures/mp-10624.cif
mp-1069042,MP structure; K_eff from this work (DFT),Eu1Zn2Sb2,164,-0.041527074,0.6129,0,1,0,structures/mp-1069042.cif
mp-1071698,MP structure; K_eff from this work (DFT),Eu4Au8,74,99.39382977,0.5793,,0,1,structures/mp-1071698.cif
mp-1071732,MP structure; K_eff from this work (DFT),Eu4Cu8,74,0.249055672,0.7178,,0,1,structures/mp-1071732.cif
mp-1072248,MP structure; K_eff from this work (DFT),Eu4Si8,141,-129.8496825,0.6437,0,1,0,structures/mp-1072248.cif
mp-1072444,MP structure; K_eff from this work (DFT),U4Pt20,216,0.0,0.1314,,0,1,structures/mp-1072444.cif
mp-1072756,MP structure; K_eff from this work (DFT),U2Cu2Sn2,194,-7.947624693,0.2761,0,1,0,structures/mp-1072756.cif
mp-1076964,MP structure; K_eff from this work (DFT),Gd2Te4,129,-0.10194112,0.4582,0,1,0,structures/mp-1076964.cif
mp-1077197,MP structure; K_eff from this work (DFT),Ce4Sc4Sb4,139,40.71111189,0.164,1,1,1,structures/mp-1077197.cif
mp-1077293,MP structure; K_eff from this work (DFT),Gd4In4Cu16,216,0.0,0.8778,,0,1,structures/mp-1077293.cif
mp-1077457,MP structure; K_eff from this work (DFT),Eu18,167,-0.9156211,0.3516,0,1,0,structures/mp-1077457.cif
mp-1077552,MP structure; K_eff from this work (DFT),Tb4Ni16Au4,216,0.0,0.0313,,0,1,structures/mp-1077552.cif
mp-1077736,MP structure; K_eff from this work (DFT),Ce4Ti4Ge4,139,1.842816622,0.1941,1,1,1,structures/mp-1077736.cif
mp-1078074,MP structure; K_eff from this work (DFT),U1Ga5Pt1,123,15.95699343,0.195,1,1,1,structures/mp-1078074.cif
mp-1078427,MP structure; K_eff from this work (DFT),Ce1Al4Si2Ir1,123,-9.190890549,0.0126,0,1,0,structures/mp-1078427.cif
mp-1079071,MP structure; K_eff from this work (DFT),Eu2Tl6,194,-0.469524471,0.369,0,1,0,structures/mp-1079071.cif
mp-1080130,MP structure; K_eff from this work (DFT),U4Sn2Pt4,127,171.3065652,0.2254,1,1,1,structures/mp-1080130.cif
mp-1083,MP structure; K_eff from this work (DFT),Np1B2,191,-63.32072547,0.9731,0,1,0,structures/mp-1083.cif
mp-1087547,MP structure; K_eff from this work (DFT),Eu4Cu4,62,0.138682515,0.4249,,0,1,structures/mp-1087547.cif
mp-1095160,MP structure; K_eff from this work (DFT),Eu8In4Pd8,15,0.006422274,0.6802,,0,1,structures/mp-1095160.cif
mp-1095517,MP structure; K_eff from this work (DFT),Eu4P4Ir4,198,0.0,0.328,,0,1,structures/mp-1095517.cif
mp-1101996,MP structure; K_eff from this work (DFT),Ce8N4Cl12,72,2.590034743,0.0811,,0,1,structures/mp-1101996.cif
mp-1102145,MP structure; K_eff from this work (DFT),Eu4Mg4Sn4,62,0.102227711,0.2415,,0,1,structures/mp-1102145.cif
mp-1102468,MP structure; K_eff from this work (DFT),U9Co27,166,0.191306281,0.003,1,1,1,structures/mp-1102468.cif
mp-1103253,MP structure; K_eff from this work (DFT),U4B16Ru4,65,11.54114508,0.1758,,0,1,structures/mp-1103253.cif
mp-1103990,MP structure; K_eff from this work (DFT),Eu2C12,194,-0.773905421,0.5367,0,1,0,structures/mp-1103990.cif
mp-1104610,MP structure; K_eff from this work (DFT),Eu20Pd8,15,0.133071182,0.953,,0,1,structures/mp-1104610.cif
mp-1104641,MP structure; K_eff from this work (DFT),Eu16Bi12,220,0.0,0.6478,,0,1,structures/mp-1104641.cif
mp-1104760,MP structure; K_eff from this work (DFT),Li6U3N6,147,-16.95554229,0.1331,0,1,0,structures/mp-1104760.cif
mp-1104839,MP structure; K_eff from this work (DFT),La2Al16Cr8,139,0.042250952,0.1588,1,1,1,structures/mp-1104839.cif
mp-1104923,MP structure; K_eff from this work (DFT),Eu2Al16Cu8,139,-0.051586181,0.4119,0,1,0,structures/mp-1104923.cif
mp-1105168,MP structure; K_eff from this work (DFT),Eu4In8S16,66,1.081758046,0.2278,,0,1,structures/mp-1105168.cif
mp-1105571,MP structure; K_eff from this work (DFT),U4Re4C8,62,1.266517124,0.066,,0,1,structures/mp-1105571.cif
mp-1105762,MP structure; K_eff from this work (DFT),U8Ir8,4,3.383711586,0.0584,,0,1,structures/mp-1105762.cif
mp-1105933,MP structure; K_eff from this work (DFT),La4Cr4Se12,62,0.066456763,0.0767,,0,1,structures/mp-1105933.cif
mp-11090,MP structure; K_eff from this work (DFT),Eu4Cd4Pd4,62,0.036521692,0.2911,,0,1,structures/mp-11090.cif
mp-112,MP structure; K_eff from this work (DFT),Y2,194,-0.0,0.1144,1,1,1,structures/mp-112.cif
mp-11447,MP structure; K_eff from this work (DFT),U1Te1,221,0.0,0.8121,,0,1,structures/mp-11447.cif
mp-11593,MP structure; K_eff from this work (DFT),Ce1B2Ir3,191,-0.005781435,0.1171,0,1,0,structures/mp-11593.cif
mp-1181137,MP structure; K_eff from this work (DFT),Gd1Fe5,191,-3.614201861,2.5013,0,1,0,structures/mp-1181137.cif
mp-1188226,MP structure; K_eff from this work (DFT),U4Co4Se12,62,0.506262884,0.0026,,0,1,structures/mp-1188226.cif
mp-1188517,MP structure; K_eff from this work (DFT),Eu10Bi6,193,-0.151216167,0.7341,0,1,0,structures/mp-1188517.cif
mp-1188555,MP structure; K_eff from this work (DFT),Y24Ga4Co8,71,0.0,0.0097,,0,1,structures/mp-1188555.cif
mp-1188564,MP structure; K_eff from this work (DFT),Np16C24,220,0.0,0.2494,,0,1,structures/mp-1188564.cif
mp-1188794,MP structure; K_eff from this work (DFT),Y6Mn15Co36,166,-0.11859278,0.8657,0,1,0,structures/mp-1188794.cif
mp-1188816,MP structure; K_eff from this work (DFT),U12Sn16Au12,220,0.0,0.1645,,0,1,structures/mp-1188816.cif
mp-1188998,MP structure; K_eff from this work (DFT),Np8Pd24,194,6.624011392,0.149,1,1,1,structures/mp-1188998.cif
mp-1189009,MP structure; K_eff from this work (DFT),U8Si20Rh12,15,0.231106828,0.1499,,0,1,structures/mp-1189009.cif
mp-1190187,MP structure; K_eff from this work (DFT),Nd12Ni42,166,33.26900143,0.0547,1,1,1,structures/mp-1190187.cif
mp-1190462,MP structure; K_eff from this work (DFT),Gd8Al12Ge16,64,0.043152413,0.4604,,0,1,structures/mp-1190462.cif
mp-1191038,MP structure; K_eff from this work (DFT),La2In4Ni18,127,-0.314860141,0.0287,0,1,0,structures/mp-1191038.cif
mp-1191066,MP structure; K_eff from this work (DFT),La12Ir4O28,63,1.074142703,0.073,,0,1,structures/mp-1191066.cif
mp-1191130,MP structure; K_eff from this work (DFT),Gd4Re4B16,55,0.278631531,0.318,,0,1,structures/mp-1191130.cif
mp-1191218,MP structure; K_eff from this work (DFT),Pu4B16W4,55,23.20430937,0.2198,,0,1,structures/mp-1191218.cif
mp-1191284,MP structure; K_eff from this work (DFT),Eu2Ni12P7,174,0.011996027,0.6077,1,1,1,structures/mp-1191284.cif
mp-1191893,MP structure; K_eff from this work (DFT),Ce16P32,9,0.001602534,0.0202,,0,1,structures/mp-1191893.cif
mp-1191988,MP structure; K_eff from this work (DFT),Y4Mn4B16,55,0.06913234,0.0926,,0,1,structures/mp-1191988.cif
mp-1192731,MP structure; K_eff from this work (DFT),Eu8B4I4N8,11,0.045784333,0.2919,,0,1,structures/mp-1192731.cif
mp-1193796,MP structure; K_eff from this work (DFT),U4Al40Ru8,63,0.742698485,0.0759,,0,1,structures/mp-1193796.cif
mp-1194754,MP structure; K_eff from this work (DFT),F12Gd12O6Se6,176,0.0,0.2672,1,1,1,structures/mp-1194754.cif
mp-1195008,MP structure; K_eff from this work (DFT),Dy15Fe8C26,150,-5.250686687,0.0158,0,1,0,structures/mp-1195008.cif
mp-1195670,MP structure; K_eff from this work (DFT),Ce8Ga1Pd24,221,0.0,0.1218,,0,1,structures/mp-1195670.cif
mp-1195848,MP structure; K_eff from this work (DFT),U24Rh8S60,229,0.0,0.1265,,0,1,structures/mp-1195848.cif
mp-1195875,MP structure; K_eff from this work (DFT),Eu4Sn12Sb16,62,0.021743544,0.0791,,0,1,structures/mp-1195875.cif
mp-1195922,MP structure; K_eff from this work (DFT),Eu4P28,14,0.067922444,0.1218,,0,1,structures/mp-1195922.cif
mp-1196815,MP structure; K_eff from this work (DFT),Np4P16S48,88,0.209644728,0.0411,1,1,1,structures/mp-1196815.cif
mp-1197019,MP structure; K_eff from this work (DFT),Np12Se20,62,16.74666984,0.157,,0,1,structures/mp-1197019.cif
mp-1198597,MP structure; K_eff from this work (DFT),C12Ni88Pr8,64,0.016395073,0.0058,,0,1,structures/mp-1198597.cif
mp-1199510,MP structure; K_eff from this work (DFT),Pr10Ni38,194,7.536857641,0.0587,1,1,1,structures/mp-1199510.cif
mp-1199825,MP structure; K_eff from this work (DFT),Eu8Se16O64,61,0.027850352,0.0642,,0,1,structures/mp-1199825.cif
mp-1199912,MP structure; K_eff from this work (DFT),Ce8Zn160Ir16,227,0.0,0.007,,0,1,structures/mp-1199912.cif
mp-1201268,MP structure; K_eff from this work (DFT),Ce4V8I4O36,57,0.031959059,0.0155,,0,1,structures/mp-1201268.cif
mp-1201541,MP structure; K_eff from this work (DFT),Np4H24Cl8O52,14,0.306446375,0.0102,,0,1,structures/mp-1201541.cif
mp-1202258,MP structure; K_eff from this work (DFT),Nd4Nb4S14O60,113,-0.045399358,0.019,0,1,0,structures/mp-1202258.cif
mp-1202495,MP structure; K_eff from this work (DFT),C12Ni88Tb8,64,2.415926707,0.0001,,0,1,structures/mp-1202495.cif
mp-1203247,MP structure; K_eff from this work (DFT),Gd4N12O36,14,0.009293934,0.1185,,0,1,structures/mp-1203247.cif
mp-1203280,MP structure; K_eff from this work (DFT),U8Zn160Ir16,227,0.0,0.0405,,0,1,structures/mp-1203280.cif
mp-1203801,MP structure; K_eff from this work (DFT),U12S12O64,87,-0.710611863,0.08,0,1,0,structures/mp-1203801.cif
mp-1205450,MP structure; K_eff from this work (DFT),Pu8Se12,62,12.76269489,0.2244,,0,1,structures/mp-1205450.cif
mp-15355,MP structure; K_eff from this work (DFT),U8B32Ru32,142,-1.871657968,0.051,0,1,0,structures/mp-15355.cif
mp-1556,MP structure; K_eff from this work (DFT),Pu4Te4,225,0.0,1.097,,0,1,structures/mp-1556.cif
mp-1597,MP structure; K_eff from this work (DFT),U4O8,225,0.0,0.5748,,0,1,structures/mp-1597.cif
mp-17151,MP structure; K_eff from this work (DFT),U4Cr4O16,60,0.370161228,0.1595,,0,1,structures/mp-17151.cif
mp-1781,MP structure; K_eff from this work (DFT),Nd8Ru16,227,0.0,0.0411,,0,1,structures/mp-1781.cif
mp-18232,MP structure; K_eff from this work (DFT),Ce8Al12Ge16,64,7.790549868,0.0703,,0,1,structures/mp-18232.cif
mp-1830,MP structure; K_eff from this work (DFT),Np1Te1,221,0.0,1.0746,,0,1,structures/mp-1830.cif
mp-1852,MP structure; K_eff from this work (DFT),U2F10,87,-0.723657093,0.1264,0,1,0,structures/mp-1852.cif
mp-1854,MP structure; K_eff from this work (DFT),Eu8Pd16,227,0.0,0.6999,,0,1,structures/mp-1854.cif
mp-19867,MP structure; K_eff from this work (DFT),Np2As4,129,7.279863421,0.2665,1,1,1,structures/mp-19867.cif
mp-1988,MP structure; K_eff from this work (DFT),Y10Mg48,217,0.0,0.0289,,0,1,structures/mp-1988.cif
mp-19918,MP structure; K_eff from this work (DFT),Gd4Ge4,63,0.205291874,0.9347,,0,1,structures/mp-19918.cif
mp-19937,MP structure; K_eff from this work (DFT),Np8Si8,63,164.9762486,0.2841,,0,1,structures/mp-19937.cif
mp-20071,MP structure; K_eff from this work (DFT),Eu2,229,0.0,1.9804,,0,1,structures/mp-20071.cif
mp-20077,MP structure; K_eff from this work (DFT),U4Se8,62,95.41594144,0.0811,,0,1,structures/mp-20077.cif
mp-20111,MP structure; K_eff from this work (DFT),Eu8Al16,227,0.0,0.6339,,0,1,structures/mp-20111.cif
mp-20125,MP structure; K_eff from this work (DFT),Gd1Si2,191,-0.0,1.3977,1,1,1,structures/mp-20125.cif
mp-20127,MP structure; K_eff from this work (DFT),Np2As2Se2,129,-0.556643025,0.319,0,1,0,structures/mp-20127.cif
mp-20128,MP structure; K_eff from this work (DFT),Eu1Mn2As2,164,-0.616155241,1.4185,0,1,0,structures/mp-20128.cif
mp-20151,MP structure; K_eff from this work (DFT),Eu1Al2Ge2,164,-0.211644208,0.7322,0,1,0,structures/mp-20151.cif
mp-20214,MP structure; K_eff from this work (DFT),U1Ga3,221,0.0,0.3729,,0,1,structures/mp-20214.cif
mp-20230,MP structure; K_eff from this work (DFT),Pu2O2F2,129,160.2996884,0.652,1,1,1,structures/mp-20230.cif
mp-20276,MP structure; K_eff from this work (DFT),U8F36,217,0.0,0.1164,,0,1,structures/mp-20276.cif
mp-20336,MP structure; K_eff from this work (DFT),U1Sn3,221,0.0,0.2885,,0,1,structures/mp-20336.cif
mp-20356,MP structure; K_eff from this work (DFT),Ce4Sb2O4,139,-0.715170877,0.1678,0,1,0,structures/mp-20356.cif
mp-20360,MP structure; K_eff from this work (DFT),Pu1In3,221,0.0,0.6168,,0,1,structures/mp-20360.cif
mp-20387,MP structure; K_eff from this work (DFT),Eu1Sn3,221,0.0,0.7424,,0,1,structures/mp-20387.cif
mp-20394,MP structure; K_eff from this work (DFT),Eu1Pb1,123,0.857321537,0.6379,1,1,1,structures/mp-20394.cif
mp-20467,MP structure; K_eff from this work (DFT),Pu4B16,127,-5.451411737,0.2769,0,1,0,structures/mp-20467.cif
mp-20584,MP structure; K_eff from this work (DFT),Rb3Eu3S6,166,1.769233841,0.596,1,1,1,structures/mp-20584.cif
mp-20595,MP structure; K_eff from this work (DFT),Eu1Al2Si2,164,-0.228394658,0.7516,0,1,0,structures/mp-20595.cif
mp-20721,MP structure; K_eff from this work (DFT),Np2Te2As2,129,-1.989639056,0.2681,0,1,0,structures/mp-20721.cif
mp-20728,MP structure; K_eff from this work (DFT),Gd2Ni4B4C2,139,-0.125770288,1.2424,0,1,0,structures/mp-20728.cif
mp-20941,MP structure; K_eff from this work (DFT),U1In3,221,0.0,0.3227,,0,1,structures/mp-20941.cif
mp-20961,MP structure; K_eff from this work (DFT),Eu2Pd6S8,223,0.0,0.2556,,0,1,structures/mp-20961.cif
mp-2104,MP structure; K_eff from this work (DFT),U4As4,225,0.0,0.6067,,0,1,structures/mp-2104.cif
mp-21103,MP structure; K_eff from this work (DFT),U4Pd4Se12,62,0.028989574,0.0515,,0,1,structures/mp-21103.cif
mp-21192,MP structure; K_eff from this work (DFT),Gd4Si8,141,-0.051898132,0.6976,0,1,0,structures/mp-21192.cif
mp-21225,MP structure; K_eff from this work (DFT),Pu2Si4Os4,139,-168.0616908,0.7515,0,1,0,structures/mp-21225.cif
mp-21298,MP structure; K_eff from this work (DFT),Np4Si8,141,182.4517872,0.3927,1,1,1,structures/mp-21298.cif
mp-21339,MP structure; K_eff from this work (DFT),Ce2Co2Ge2,129,3.758894996,0.2207,1,1,1,structures/mp-21339.cif
mp-21386,MP structure; K_eff from this work (DFT),Eu3P6Ir6,154,0.338595424,0.297,1,1,1,structures/mp-21386.cif
mp-21388,MP structure; K_eff from this work (DFT),U2Cu4Ge4,139,-2.053072315,0.0501,0,1,0,structures/mp-21388.cif
mp-21416,MP structure; K_eff from this work (DFT),Pu8Al16,227,0.0,0.5631,,0,1,structures/mp-21416.cif
mp-21427,MP structure; K_eff from this work (DFT),Gd1Pd3,221,0.0,1.18,,0,1,structures/mp-21427.cif
mp-2143,MP structure; K_eff from this work (DFT),U4Se4,225,0.0,0.7179,,0,1,structures/mp-2143.cif
mp-21468,MP structure; K_eff from this work (DFT),Pu1In1,123,-128.6252744,1.2942,0,1,0,structures/mp-21468.cif
mp-21484,MP structure; K_eff from this work (DFT),Pu1Ge3,221,0.0,0.7374,,0,1,structures/mp-21484.cif
mp-21695,MP structure; K_eff from this work (DFT),Ce4Ni48B24,36,0.0,0.0266,,0,1,structures/mp-21695.cif
mp-21900,MP structure; K_eff from this work (DFT),Ce2Si4Ir4,129,3.542964144,0.0476,1,1,1,structures/mp-21900.cif
mp-22002,MP structure; K_eff from this work (DFT),Sm6Co12Sn10,71,8.138291451,0.1493,,0,1,structures/mp-22002.cif
mp-2209,MP structure; K_eff from this work (DFT),Ce1Ga2,191,-24.29841415,0.1847,0,1,0,structures/mp-2209.cif
mp-22125,MP structure; K_eff from this work (DFT),Np2Co4Ge4,139,-13.56244637,0.6206,0,1,0,structures/mp-22125.cif
mp-22138,MP structure; K_eff from this work (DFT),Gd2Cd6,194,0.23234515,0.4619,1,1,1,structures/mp-22138.cif
mp-22217,MP structure; K_eff from this work (DFT),Ce1Pd5,191,0.087536359,0.0268,1,1,1,structures/mp-22217.cif
mp-22231,MP structure; K_eff from this work (DFT),U4Te12,63,1.065722153,0.1162,,0,1,structures/mp-22231.cif
mp-22383,MP structure; K_eff from this work (DFT),Pu2Co4Si4,139,13.46947772,0.8101,1,1,1,structures/mp-22383.cif
mp-22536,MP structure; K_eff from this work (DFT),U12S20,62,73.30477782,0.1306,,0,1,structures/mp-22536.cif
mp-22595,MP structure; K_eff from this work (DFT),U2As2Se2,129,-0.765405881,0.2206,0,1,0,structures/mp-22595.cif
mp-22714,MP structure; K_eff from this work (DFT),Lu2Co2C2,131,-0.362014017,0.1464,0,1,0,structures/mp-22714.cif
mp-2288,MP structure; K_eff from this work (DFT),Pu4Se4,225,0.0,1.3314,,0,1,structures/mp-2288.cif
mp-23050,MP structure; K_eff from this work (DFT),Gd2Cl2O2,129,0.111339267,0.7813,1,1,1,structures/mp-23050.cif
mp-23244,MP structure; K_eff from this work (DFT),U4I12,63,0.000978629,0.1088,,0,1,structures/mp-23244.cif
mp-24011,MP structure; K_eff from this work (DFT),Ce2H2Se2,194,8.774679328,0.1026,1,1,1,structures/mp-24011.cif
mp-2413,MP structure; K_eff from this work (DFT),Ce3Al1,221,0.0,0.3965,,0,1,structures/mp-2413.cif
mp-24720,MP structure; K_eff from this work (DFT),Pu4H8,225,0.0,1.7089,,0,1,structures/mp-24720.cif
mp-2523,MP structure; K_eff from this work (DFT),Pu1Pt3,221,0.0,0.7356,,0,1,structures/mp-2523.cif
mp-2558,MP structure; K_eff from this work (DFT),Sm1Mg1,221,0.0,0.0324,,0,1,structures/mp-2558.cif
mp-2566,MP structure; K_eff from this work (DFT),Pu4Sb4,225,0.0,0.9344,,0,1,structures/mp-2566.cif
mp-2607,MP structure; K_eff from this work (DFT),U1Ge3,221,0.0,0.2047,,0,1,structures/mp-2607.cif
mp-2625,MP structure; K_eff from this work (DFT),U16C24,220,0.0,0.1271,,0,1,structures/mp-2625.cif
mp-27740,MP structure; K_eff from this work (DFT),Na4Np8F36,62,0.304081807,0.1074,,0,1,structures/mp-27740.cif
mp-27981,MP structure; K_eff from this work (DFT),Pu2Cl2O2,129,-151.5958937,0.539,0,1,0,structures/mp-27981.cif
mp-27986,MP structure; K_eff from this work (DFT),Np3O6F6,166,307.7384792,0.1453,1,1,1,structures/mp-27986.cif
mp-28449,MP structure; K_eff from this work (DFT),Cs8Tb8F40,64,0.23122775,0.0234,,0,1,structures/mp-28449.cif
mp-30211,MP structure; K_eff from this work (DFT),La10Sn6I2,193,-0.029707147,0.0392,0,1,0,structures/mp-30211.cif
mp-30279,MP structure; K_eff from this work (DFT),Np4I4O20,33,16.49467557,0.0506,,0,1,structures/mp-30279.cif
mp-30630,MP structure; K_eff from this work (DFT),Eu2Tl4,194,-0.32525561,0.4556,0,1,0,structures/mp-30630.cif
mp-30848,MP structure; K_eff from this work (DFT),U4Sn4Pt4,216,0.0,0.3171,,0,1,structures/mp-30848.cif
mp-31100,MP structure; K_eff from this work (DFT),Ce9Ir27,166,0.885053638,0.0047,1,1,1,structures/mp-31100.cif
mp-3289,MP structure; K_eff from this work (DFT),La4Mg4Ni16,216,0.0,0.0941,,0,1,structures/mp-3289.cif
mp-337,MP structure; K_eff from this work (DFT),Pu8Be104,226,0.0,0.2402,,0,1,structures/mp-337.cif
mp-394,MP structure; K_eff from this work (DFT),Ce1Zn5,191,2.976595052,0.1144,1,1,1,structures/mp-394.cif
mp-504520,MP structure; K_eff from this work (DFT),Rb8Eu24F80,225,0.0,0.4831,,0,1,structures/mp-504520.cif
mp-504781,MP structure; K_eff from this work (DFT),Np4I12,63,56.48365392,0.1453,,0,1,structures/mp-504781.cif
mp-505025,MP structure; K_eff from this work (DFT),Ba4Pu4O12,62,10.0941638,0.1378,,0,1,structures/mp-505025.cif
mp-505143,MP structure; K_eff from this work (DFT),Pu2Si4Ir4,129,-96.7472693,0.3503,0,1,0,structures/mp-505143.cif
mp-510374,MP structure; K_eff from this work (DFT),Gd4As4,225,0.0,1.5986,,0,1,structures/mp-510374.cif
mp-510400,MP structure; K_eff from this work (DFT),Gd1Ir3,221,0.0,1.2134,,0,1,structures/mp-510400.cif
mp-510574,MP structure; K_eff from this work (DFT),U2Sb4Au2,129,1.320349505,0.1578,1,1,1,structures/mp-510574.cif
mp-519,MP structure; K_eff from this work (DFT),U4Sb4,225,0.0,0.5288,,0,1,structures/mp-519.cif
mp-528,MP structure; K_eff from this work (DFT),U6Zn51,166,5.419841896,0.2167,1,1,1,structures/mp-528.cif
mp-5302,MP structure; K_eff from this work (DFT),Gd16Ti16O56,227,0.0,0.6176,,0,1,structures/mp-5302.cif
mp-540884,MP structure; K_eff from this work (DFT),Y6Cl6,166,0.036849762,0.0875,1,1,1,structures/mp-540884.cif
mp-542779,MP structure; K_eff from this work (DFT),Gd1Ag1,221,0.0,1.721,,0,1,structures/mp-542779.cif
mp-554519,MP structure; K_eff from this work (DFT),Gd8Ti2Se8O8,12,0.009210352,1.2509,,0,1,structures/mp-554519.cif
mp-566,MP structure; K_eff from this work (DFT),Ce2P10,11,0.002062764,0.0452,,0,1,structures/mp-566.cif
mp-567543,MP structure; K_eff from this work (DFT),U2Hg6Te4Cl12,14,0.312377313,0.0292,,0,1,structures/mp-567543.cif
mp-568497,MP structure; K_eff from this work (DFT),Eu4Cu36Sn16,140,0.070013769,0.174,1,1,1,structures/mp-568497.cif
mp-569350,MP structure; K_eff from this work (DFT),La10Sn6Br2,193,0.006979149,0.0404,1,1,1,structures/mp-569350.cif
mp-569606,MP structure; K_eff from this work (DFT),Nd6Mn2Bi10,193,-1.366176872,0.082,0,1,0,structures/mp-569606.cif
mp-569689,MP structure; K_eff from this work (DFT),Eu6P3I3,166,0.438918599,1.2687,1,1,1,structures/mp-569689.cif
mp-569895,MP structure; K_eff from this work (DFT),Eu2Cl6,176,6.98416861,0.342,1,1,1,structures/mp-569895.cif
mp-569898,MP structure; K_eff from this work (DFT),Ce3Ga1Br3,221,0.0,0.1875,,0,1,structures/mp-569898.cif
mp-570181,MP structure; K_eff from this work (DFT),Np12Se16,220,0.0,0.5107,,0,1,structures/mp-570181.cif
mp-571283,MP structure; K_eff from this work (DFT),Gd1Rh5,191,0.59835741,0.7771,1,1,1,structures/mp-571283.cif
mp-573810,MP structure; K_eff from this work (DFT),U8Te20,12,1.760539658,0.1097,,0,1,structures/mp-573810.cif
mp-574339,MP structure; K_eff from this work (DFT),Y12Ni42,166,0.008394176,0.0602,1,1,1,structures/mp-574339.cif
mp-574651,MP structure; K_eff from this work (DFT),Cs4Sm4Mn4Se12,63,6.362849354,0.1483,,0,1,structures/mp-574651.cif
mp-580,MP structure; K_eff from this work (DFT),Pu1B2,191,32.60725892,1.3583,1,1,1,structures/mp-580.cif
mp-583684,MP structure; K_eff from this work (DFT),Eu4Cd44,141,-0.027313496,0.1505,0,1,0,structures/mp-583684.cif
mp-614481,MP structure; K_eff from this work (DFT),Gd4Bi4,225,0.0,1.2527,,0,1,structures/mp-614481.cif
mp-614489,MP structure; K_eff from this work (DFT),Gd4In4Cu8,225,0.0,1.107,,0,1,structures/mp-614489.cif
mp-627,MP structure; K_eff from this work (DFT),Np4Se4,225,0.0,1.0009,,0,1,structures/mp-627.cif
mp-637204,MP structure; K_eff from this work (DFT),Ce4Cu20Sn4,62,0.312283394,0.0262,,0,1,structures/mp-637204.cif
mp-638558,MP structure; K_eff from this work (DFT),Na20Eu2Sn24,217,0.0,0.1154,,0,1,structures/mp-638558.cif
mp-639675,MP structure; K_eff from this work (DFT),Eu1Cu1,221,0.0,1.7787,,0,1,structures/mp-639675.cif
mp-64,MP structure; K_eff from this work (DFT),Ce4,63,0.0,0.038,,0,1,structures/mp-64.cif
mp-640089,MP structure; K_eff from this work (DFT),Ce3Cd33,221,0.0,0.0151,,0,1,structures/mp-640089.cif
mp-640118,MP structure; K_eff from this work (DFT),Ce4Zn12,63,10.05708417,0.0406,,0,1,structures/mp-640118.cif
mp-644303,MP structure; K_eff from this work (DFT),U2W6O22,51,0.342731619,0.0549,,0,1,structures/mp-644303.cif
mp-651772,MP structure; K_eff from this work (DFT),U4Te20,33,1.020568085,0.0273,,0,1,structures/mp-651772.cif
mp-667318,MP structure; K_eff from this work (DFT),K12Ce8N36O108,213,0.0,0.0092,,0,1,structures/mp-667318.cif
mp-672195,MP structure; K_eff from this work (DFT),Ce8Ag8As16,57,0.219236537,0.0094,,0,1,structures/mp-672195.cif
mp-672286,MP structure; K_eff from this work (DFT),Eu12Ga8,15,0.041456729,0.8861,,0,1,structures/mp-672286.cif
mp-680564,MP structure; K_eff from this work (DFT),Ce4Mg34,194,-9.897869453,0.0273,0,1,0,structures/mp-680564.cif
mp-695771,MP structure; K_eff from this work (DFT),Eu3Ni18S24,148,-0.556290526,0.3204,0,1,0,structures/mp-695771.cif
mp-711,MP structure; K_eff from this work (DFT),Ce2Ga12,125,0.185485801,0.041,1,1,1,structures/mp-711.cif
mp-727776,MP structure; K_eff from this work (DFT),Th12O2F48,87,-0.010822305,0.045,0,1,0,structures/mp-727776.cif
mp-727793,MP structure; K_eff from this work (DFT),Gd8S24O96,61,0.055839708,0.0405,,0,1,structures/mp-727793.cif
mp-753721,MP structure; K_eff from this work (DFT),Gd6O6F6,166,-0.14488178,0.9846,0,1,0,structures/mp-753721.cif
mp-8033,MP structure; K_eff from this work (DFT),Pu2F6,194,49.78198064,0.5605,1,1,1,structures/mp-8033.cif
mp-8357,MP structure; K_eff from this work (DFT),U2Te6,11,0.667175773,0.0835,,0,1,structures/mp-8357.cif
mp-8412,MP structure; K_eff from this work (DFT),Li4Ce4O8,14,0.0,0.0578,,0,1,structures/mp-8412.cif
mp-8558,MP structure; K_eff from this work (DFT),Ba1Np1O3,221,0.0,0.4084,,0,1,structures/mp-8558.cif
mp-8591,MP structure; K_eff from this work (DFT),U3Se6,189,-41.96846695,0.1091,0,1,0,structures/mp-8591.cif
mp-881,MP structure; K_eff from this work (DFT),Np1Sn3,221,0.0,0.4174,,0,1,structures/mp-881.cif
mp-9267,MP structure; K_eff from this work (DFT),Er8Mn4C16,72,9.009705358,0.0606,,0,1,structures/mp-9267.cif
mp-951,MP structure; K_eff from this work (DFT),Ce8Rh16,227,0.0,0.0796,,0,1,structures/mp-951.cif
mp-985704,MP structure; K_eff from this work (DFT),Ce8Re4C8,62,0.781288272,0.0491,,0,1,structures/mp-985704.cif
mp-1104698,MP structure; K_eff from this work (DFT),Eu27Pt18,148,0.689511556,0.5821,1,1,1,structures/mp-1104698.cif
mp-637609,MP structure; K_eff from this work (DFT),Ce48In4Pt28,140,-6.89550394,0.0709,0,1,0,structures/mp-637609.cif
mp-614455,MP structure; K_eff from this work (DFT),Gd1Cu1,221,0.0,1.9681,,0,1,structures/mp-614455.cif
mp-580236,MP structure; K_eff from this work (DFT),Eu1Cd1,221,0.0,1.3939,,0,1,structures/mp-580236.cif
mp-1261,MP structure; K_eff from this work (DFT),Eu1Zn1,221,0.0,1.6039,,0,1,structures/mp-1261.cif
mp-155,MP structure; K_eff from this work (DFT),Gd2,194,0.102966723,1.3668,1,1,1,structures/mp-155.cif
mp-7131,MP structure; K_eff from this work (DFT),Pr1Te1,221,0.0,0.1014,,0,1,structures/mp-7131.cif
mp-1514,MP structure; K_eff from this work (DFT),U1B2,191,-0.0,0.4116,1,1,1,structures/mp-1514.cif
mp-21200,MP structure; K_eff from this work (DFT),Pu1Ga2,191,-223.3767255,1.0904,0,1,0,structures/mp-21200.cif
mp-1044,MP structure; K_eff from this work (DFT),U1Ir3,221,0.0,0.0807,,0,1,structures/mp-1044.cif
mp-1723,MP structure; K_eff from this work (DFT),U1Al3,221,0.0,0.396,,0,1,structures/mp-1723.cif
mp-20365,MP structure; K_eff from this work (DFT),Np1Ge3,221,0.0,0.5251,,0,1,structures/mp-20365.cif
mp-19919,MP structure; K_eff from this work (DFT),Gd1Sn3,221,0.0,0.7861,,0,1,structures/mp-19919.cif
mp-2375,MP structure; K_eff from this work (DFT),Np1Pd3,221,0.0,0.5934,,0,1,structures/mp-2375.cif
mp-20369,MP structure; K_eff from this work (DFT),Ce1In3,221,0.001533613,0.1153,,0,1,structures/mp-20369.cif
mp-20503,MP structure; K_eff from this work (DFT),Gd1Tl3,221,0.0,0.7829,,0,1,structures/mp-20503.cif
mp-21172,MP structure; K_eff from this work (DFT),Pu1Pb3,221,0.0,0.6158,,0,1,structures/mp-21172.cif
mp-21482,MP structure; K_eff from this work (DFT),Np1In3,221,0.079083372,0.4786,,0,1,structures/mp-21482.cif
mp-570018,MP structure; K_eff from this work (DFT),Ce3Pb1,221,0.002811464,0.5248,,0,1,structures/mp-570018.cif
mp-20182,MP structure; K_eff from this work (DFT),Gd1Rh3C1,221,0.0,1.1257,,0,1,structures/mp-20182.cif
mp-8301,MP structure; K_eff from this work (DFT),Gd2C1F2,164,0.188069652,2.1149,1,1,1,structures/mp-8301.cif
mp-10881,MP structure; K_eff from this work (DFT),Ce3Al1N1,221,0.0,0.2507,,0,1,structures/mp-10881.cif
mp-19774,MP structure; K_eff from this work (DFT),Eu1Cd2Sb2,164,-0.110814989,0.5418,0,1,0,structures/mp-19774.cif
mp-21478,MP structure; K_eff from this work (DFT),U1Cu2P2,164,1.840429509,0.2775,1,1,1,structures/mp-21478.cif
mp-12765,MP structure; K_eff from this work (DFT),Gd2C4,139,-0.232081109,1.8849,0,1,0,structures/mp-12765.cif
mp-542568,MP structure; K_eff from this work (DFT),Eu1Ag5,191,0.304624406,0.6794,1,1,1,structures/mp-542568.cif
mp-1077071,MP structure; K_eff from this work (DFT),Gd1Co5,191,3.636027062,2.1119,1,1,1,structures/mp-1077071.cif
mp-20803,MP structure; K_eff from this work (DFT),U2Sb2As2,129,0.942514166,0.1592,1,1,1,structures/mp-20803.cif
mp-21234,MP structure; K_eff from this work (DFT),Eu2Zn2Si2,194,-0.001200315,0.6141,0,1,0,structures/mp-21234.cif
mp-21335,MP structure; K_eff from this work (DFT),U2Te4,129,-0.996415714,0.1857,0,1,0,structures/mp-21335.cif
mp-22108,MP structure; K_eff from this work (DFT),Ho2Ti2Ge2,129,-1.122188306,0.1205,0,1,0,structures/mp-22108.cif
mp-1018829,MP structure; K_eff from this work (DFT),Np2Te4,129,-2.376964312,0.2572,0,1,0,structures/mp-1018829.cif
mp-19783,MP structure; K_eff from this work (DFT),Gd2Ag4,139,-0.019276684,1.3033,0,1,0,structures/mp-19783.cif
mp-2066,MP structure; K_eff from this work (DFT),Eu1Cu5,191,1.10739434,0.9375,1,1,1,structures/mp-2066.cif
mp-2707,MP structure; K_eff from this work (DFT),U2Sb4,129,0.241376425,0.1406,1,1,1,structures/mp-2707.cif
mp-622508,MP structure; K_eff from this work (DFT),Gd1Si2Rh3,191,0.112504321,0.8601,1,1,1,structures/mp-622508.cif
mp-1072199,MP structure; K_eff from this work (DFT),Pu1B2Ir3,191,243.2528778,0.7095,1,1,1,structures/mp-1072199.cif
mp-1567,MP structure; K_eff from this work (DFT),Th1Ni5,191,-0.169583503,0.1959,0,1,0,structures/mp-1567.cif
mp-19854,MP structure; K_eff from this work (DFT),Pr4In2,194,32.92876281,0.0585,1,1,1,structures/mp-19854.cif
mp-22117,MP structure; K_eff from this work (DFT),Gd1B2Rh3,191,-0.092967786,1.0358,0,1,0,structures/mp-22117.cif
mp-2486,MP structure; K_eff from this work (DFT),U2C4,139,-0.106109343,0.4161,0,1,0,structures/mp-2486.cif
mp-27762,MP structure; K_eff from this work (DFT),U2Br2N2,129,-0.705458628,0.1782,0,1,0,structures/mp-27762.cif
mp-20874,MP structure; K_eff from this work (DFT),Eu1B6,221,0.0,1.117,,0,1,structures/mp-20874.cif
mp-1078702,MP structure; K_eff from this work (DFT),Eu2As6,2,0.145102813,0.4173,,0,1,structures/mp-1078702.cif
mp-1080683,MP structure; K_eff from this work (DFT),Cs2Eu2S4,194,1.982872088,0.2769,1,1,1,structures/mp-1080683.cif
mp-1095184,MP structure; K_eff from this work (DFT),Np2Se6,11,38.58529792,0.1558,,0,1,structures/mp-1095184.cif
mp-19902,MP structure; K_eff from this work (DFT),U2Cu2As4,129,1.581006604,0.1725,1,1,1,structures/mp-19902.cif
mp-20713,MP structure; K_eff from this work (DFT),Pu4Si4,62,13.18246337,0.3877,,0,1,structures/mp-20713.cif
mp-2596,MP structure; K_eff from this work (DFT),Np4N4,225,0.026341593,1.3735,,0,1,structures/mp-2596.cif
mp-926,MP structure; K_eff from this work (DFT),Pu4P4,225,0.0,1.2526,,0,1,structures/mp-926.cif
mp-1065793,MP structure; K_eff from this work (DFT),Pu4Pt4,63,26.30172668,0.7216,,0,1,structures/mp-1065793.cif
mp-1078610,MP structure; K_eff from this work (DFT),Eu2Ge6,194,0.478464205,0.4602,1,1,1,structures/mp-1078610.cif
mp-2186,MP structure; K_eff from this work (DFT),Np4As4,225,0.101439237,0.8953,,0,1,structures/mp-2186.cif
mp-22918,MP structure; K_eff from this work (DFT),Pu2Cl6,176,99.02463838,0.2897,1,1,1,structures/mp-22918.cif
mp-2563,MP structure; K_eff from this work (DFT),Ce4Se4,225,0.00076881,0.2454,,0,1,structures/mp-2563.cif
mp-2748,MP structure; K_eff from this work (DFT),Ce4As4,225,0.0,0.2002,,0,1,structures/mp-2748.cif
mp-510403,MP structure; K_eff from this work (DFT),Gd4Sb4,225,0.0,1.3232,,0,1,structures/mp-510403.cif
mp-510404,MP structure; K_eff from this work (DFT),Gd4Se4,225,0.0,1.6783,,0,1,structures/mp-510404.cif
mp-574283,MP structure; K_eff from this work (DFT),Gd4Te4,225,0.0,1.3759,,0,1,structures/mp-574283.cif
mp-807,MP structure; K_eff from this work (DFT),Np4Te4,225,0.0,0.8646,,0,1,structures/mp-807.cif
mp-22912,MP structure; K_eff from this work (DFT),Np4Bi4,225,0.111422832,0.722,,0,1,structures/mp-22912.cif
mp-23285,MP structure; K_eff from this work (DFT),Ce4Bi4,225,0.0,0.1642,,0,1,structures/mp-23285.cif
mp-2011,MP structure; K_eff from this work (DFT),U4P4,225,0.0,0.6392,,0,1,structures/mp-2011.cif
mp-20969,MP structure; K_eff from this work (DFT),Np4Sb4,225,0.124371012,0.7484,,0,1,structures/mp-20969.cif
mp-1079017,MP structure; K_eff from this work (DFT),Ce3Cd3Cu3,189,-5.871605621,0.0272,0,1,0,structures/mp-1079017.cif
mp-11202,MP structure; K_eff from this work (DFT),Y6Fe1Sb2,189,-0.000656522,0.0221,0,1,0,structures/mp-11202.cif
mp-1080547,MP structure; K_eff from this work (DFT),Ce3Mg3Ag3,189,6.320056696,0.051,1,1,1,structures/mp-1080547.cif
mp-1080146,MP structure; K_eff from this work (DFT),Pu6Si4,127,-88.48256001,0.8909,0,1,0,structures/mp-1080146.cif
mp-13122,MP structure; K_eff from this work (DFT),Ce2Ge6Ir2,107,51.79380927,0.1164,1,1,1,structures/mp-13122.cif
mp-21240,MP structure; K_eff from this work (DFT),Gd2Si4Rh4,139,-0.034479341,1.0271,0,1,0,structures/mp-21240.cif
mp-4873,MP structure; K_eff from this work (DFT),Ce4Te2O4,139,-0.069384128,0.2187,0,1,0,structures/mp-4873.cif
mp-505142,MP structure; K_eff from this work (DFT),Np2Si4Pt4,129,80.7211183,0.2489,1,1,1,structures/mp-505142.cif
mp-1068906,MP structure; K_eff from this work (DFT),Ce2Si6Ir2,107,-0.0,0.1165,1,1,1,structures/mp-1068906.cif
mp-1080533,MP structure; K_eff from this work (DFT),U2Si4Au4,129,170.9520937,0.161,1,1,1,structures/mp-1080533.cif
mp-20357,MP structure; K_eff from this work (DFT),Ce4In2Pt4,127,0.028244586,0.0786,1,1,1,structures/mp-20357.cif
mp-21426,MP structure; K_eff from this work (DFT),Dy2Fe4Ge4,139,-83.25280978,0.7454,0,1,0,structures/mp-21426.cif
mp-569302,MP structure; K_eff from this work (DFT),Gd2Si4Ru4,139,-0.082899717,1.0138,0,1,0,structures/mp-569302.cif
mp-1068685,MP structure; K_eff from this work (DFT),U4Pt2C4,139,27.57025103,0.4717,1,1,1,structures/mp-1068685.cif
mp-1078722,MP structure; K_eff from this work (DFT),Eu2As4Pt4,129,-0.041012194,0.3905,0,1,0,structures/mp-1078722.cif
mp-19897,MP structure; K_eff from this work (DFT),Eu4Te2O4,139,-1.610013926,1.342,0,1,0,structures/mp-19897.cif
mp-20166,MP structure; K_eff from this work (DFT),Np2Si4Au4,139,-2.727147537,0.5077,0,1,0,structures/mp-20166.cif
mp-5510,MP structure; K_eff from this work (DFT),U2Si4Au4,139,-0.681825469,0.3245,0,1,0,structures/mp-5510.cif
mp-581736,MP structure; K_eff from this work (DFT),Eu2Si4Ru4,139,-0.595483639,0.9399,0,1,0,structures/mp-581736.cif
mp-672215,MP structure; K_eff from this work (DFT),Gd2P4Ru4,139,-0.137921853,1.0519,0,1,0,structures/mp-672215.cif
mp-974769,MP structure; K_eff from this work (DFT),Eu2Ni2Ge6,107,0.276328638,0.8626,1,1,1,structures/mp-974769.cif
mp-16035,MP structure; K_eff from this work (DFT),Gd4Te2O4,139,-0.143140518,1.6456,0,1,0,structures/mp-16035.cif
mp-22133,MP structure; K_eff from this work (DFT),Eu2Zn4Si4,139,0.259074141,0.883,1,1,1,structures/mp-22133.cif
mp-20277,MP structure; K_eff from this work (DFT),Rb3Eu3O6,166,4.10145677,0.9678,1,1,1,structures/mp-20277.cif
mp-1103258,MP structure; K_eff from this work (DFT),Eu4Si4Pt4,198,0.0,0.3067,,0,1,structures/mp-1103258.cif
mp-24092,MP structure; K_eff from this work (DFT),Gd4H8,225,0.0,2.3105,,0,1,structures/mp-24092.cif
mp-17023,MP structure; K_eff from this work (DFT),U4Ni8,194,36.93531328,0.1299,1,1,1,structures/mp-17023.cif
mp-600663,MP structure; K_eff from this work (DFT),Ce4Ga4Ni4,62,3.119788588,0.0194,,0,1,structures/mp-600663.cif
mp-1025140,MP structure; K_eff from this work (DFT),U4Si4Se4,139,-31.57081293,0.1815,0,1,0,structures/mp-1025140.cif
mp-1072580,MP structure; K_eff from this work (DFT),Ce4Si4Pt4,109,5.143169478,0.0782,1,1,1,structures/mp-1072580.cif
mp-24285,MP structure; K_eff from this work (DFT),Np4H8,225,0.0,1.1721,,0,1,structures/mp-24285.cif
mp-984703,MP structure; K_eff from this work (DFT),Ce2Ge10,71,0.038743361,0.0405,,0,1,structures/mp-984703.cif
mp-1105253,MP structure; K_eff from this work (DFT),Gd2Re8Si4,136,-0.321545695,0.367,0,1,0,structures/mp-1105253.cif
mp-1104806,MP structure; K_eff from this work (DFT),Gd2Al6C6,194,65.86326289,0.4607,1,1,1,structures/mp-1104806.cif
mp-1077381,MP structure; K_eff from this work (DFT),Eu6B3Br3N6,166,9.447730374,1.2825,1,1,1,structures/mp-1077381.cif
mp-1079198,MP structure; K_eff from this work (DFT),Sm2Cr4B12,71,0.872475469,0.1128,,0,1,structures/mp-1079198.cif
mp-1190481,MP structure; K_eff from this work (DFT),Ce2B8Ir8,86,-9.417386498,0.0372,0,1,0,structures/mp-1190481.cif
mp-11892,MP structure; K_eff from this work (DFT),Na2Nd4Ru2O12,14,0.132173266,0.0059,,0,1,structures/mp-11892.cif
mp-1188425,MP structure; K_eff from this work (DFT),Np4B16,127,-356.4992561,0.1941,0,1,0,structures/mp-1188425.cif
mp-11913,MP structure; K_eff from this work (DFT),Na2Pr4Ir2O12,14,15.5094516,0.0864,,0,1,structures/mp-11913.cif
mp-5690,MP structure; K_eff from this work (DFT),Gd4Sc4O12,62,0.037459727,0.3242,,0,1,structures/mp-5690.cif
mp-777413,MP structure; K_eff from this work (DFT),Ce4Sc4O12,62,0.072333794,0.0443,,0,1,structures/mp-777413.cif
Y12Ni6Pb1_#1_459.json,Novamag database (Nieves et al. 2019),Y12Ni6Pb1(1),1,-0.00722811,,,0,0,structures/Y12Ni6Pb1_#1_459.cif
Y2Mg2Ni8_#31_412.json,Novamag database (Nieves et al. 2019),Y2Mg2Ni8(31),31,0.00326249,,,0,1,structures/Y2Mg2Ni8_#31_412.cif
Y4Ni4Bi4_#119_593.json,Novamag database (Nieves et al. 2019),Y4Ni4Bi4(119),119,9.92929e-05,,1,1,1,structures/Y4Ni4Bi4_#119_593.cif
Y4Ni4P4_#119_558.json,Novamag database (Nieves et al. 2019),Y4Ni4P4(119),119,5.26785e-05,,1,1,1,structures/Y4Ni4P4_#119_558.cif
Y4Ni4Sb4_#119_598.json,Novamag database (Nieves et al. 2019),Y4Ni4Sb4(119),119,-4.35223e-05,,0,1,0,structures/Y4Ni4Sb4_#119_598.cif
Y8Co16_#141_257.json,Novamag database (Nieves et al. 2019),Y8Co16(141),141,0.120287,,1,1,1,structures/Y8Co16_#141_257.cif
Y8Fe16_#141_169.json,Novamag database (Nieves et al. 2019),Y8Fe16(141),141,-0.101745,,0,1,0,structures/Y8Fe16_#141_169.cif
Y8Fe4B4_#119_355.json,Novamag database (Nieves et al. 2019),Y8Fe4B4(119),119,0.276208,,1,1,1,structures/Y8Fe4B4_#119_355.cif
Y8Ni16_#141_564.json,Novamag database (Nieves et al. 2019),Y8Ni16(141),141,-6.06181e-05,,0,1,0,structures/Y8Ni16_#141_564.cif
Y8Ni4Ir4_#139_574.json,Novamag database (Nieves et al. 2019),Y8Ni4Ir4(139),139,-0.00127066,,0,1,0,structures/Y8Ni4Ir4_#139_574.cif
Y8Ni4Ru4_#139_485.json,Novamag database (Nieves et al. 2019),Y8Ni4Ru4(139),139,0.00284772,,1,1,1,structures/Y8Ni4Ru4_#139_485.cif
Sm1Fe10V2_#71_17.json,Novamag database (Nieves et al. 2019),Sm1Fe10V2(71),71,1.31,,,0,1,structures/Sm1Fe10V2_#71_17.cif
Sm1Fe11V1_#44_16.json,Novamag database (Nieves et al. 2019),Sm1Fe11V1(44),44,1.66,,,0,1,structures/Sm1Fe11V1_#44_16.cif
mp-1008376,MP structure; K_eff from this work (DFT),Ce1H3,225,0.0,0.2904,,0,1,structures/mp-1008376.cif
mp-10109,MP structure; K_eff from this work (DFT),Np1S1,225,0.0,1.1029,,0,1,structures/mp-10109.cif
mp-10123,MP structure; K_eff from this work (DFT),Ni21B6Sb2,225,0.0,0.057,,0,1,structures/mp-10123.cif
mp-1018162,MP structure; K_eff from this work (DFT),Ce1Bi1Pt1,216,0.0,0.1434,,0,1,structures/mp-1018162.cif
mp-10198,MP structure; K_eff from this work (DFT),Mn3Pd1N1,221,0.0,1.8147,,0,1,structures/mp-10198.cif
mp-1025001,MP structure; K_eff from this work (DFT),Er1Ni4Au1,216,0.0,0.0305,,0,1,structures/mp-1025001.cif
mp-1025156,MP structure; K_eff from this work (DFT),Np1B6,221,0.0,0.7078,,0,1,structures/mp-1025156.cif
mp-10266,MP structure; K_eff from this work (DFT),Zn1Fe3C1,221,0.0,0.8709,,0,1,structures/mp-10266.cif
mp-10271,MP structure; K_eff from this work (DFT),Zn1Co3C1,221,0.0,0.6647,,0,1,structures/mp-10271.cif
mp-1031,MP structure; K_eff from this work (DFT),Gd1Cd1,221,0.0,1.7467,,0,1,structures/mp-1031.cif
mp-1043073,MP structure; K_eff from this work (DFT),Ca2Co8Cu6O24,204,0.0,0.2115,,0,1,structures/mp-1043073.cif
mp-10584,MP structure; K_eff from this work (DFT),Ba2Li1Os1O6,225,0.0,0.0599,,0,1,structures/mp-10584.cif
mp-1059,MP structure; K_eff from this work (DFT),Nd1Cd1,221,0.0,0.0892,,0,1,structures/mp-1059.cif
mp-1064843,MP structure; K_eff from this work (DFT),Eu1Tl3,221,0.0,0.7443,,0,1,structures/mp-1064843.cif
mp-1065288,MP structure; K_eff from this work (DFT),Gd1In1Au2,225,0.0,0.9837,,0,1,structures/mp-1065288.cif
mp-1068377,MP structure; K_eff from this work (DFT),Cs1Eu1Cl3,221,0.0,0.4565,,0,1,structures/mp-1068377.cif
mp-1069296,MP structure; K_eff from this work (DFT),Eu3In1O1,221,0.0,1.9313,,0,1,structures/mp-1069296.cif
mp-1069774,MP structure; K_eff from this work (DFT),U1B1Rh3,221,0.0,0.3149,,0,1,structures/mp-1069774.cif
mp-1071478,MP structure; K_eff from this work (DFT),Ce1In1Pt4,216,0.0,0.0178,,0,1,structures/mp-1071478.cif
mp-1071839,MP structure; K_eff from this work (DFT),U1Cu4Au1,216,0.0,0.1933,,0,1,structures/mp-1071839.cif
mp-1072041,MP structure; K_eff from this work (DFT),Gd1Cu4Au1,216,0.0,0.9864,,0,1,structures/mp-1072041.cif
mp-1072097,MP structure; K_eff from this work (DFT),Gd1In1Pt4,216,0.0,0.7488,,0,1,structures/mp-1072097.cif
mp-1072255,MP structure; K_eff from this work (DFT),Sc1Ni4Au1,216,0.0,0.1975,,0,1,structures/mp-1072255.cif
mp-1072653,MP structure; K_eff from this work (DFT),U1Cu4Ag1,216,0.0,0.2097,,0,1,structures/mp-1072653.cif
mp-1076916,MP structure; K_eff from this work (DFT),Gd1Bi1Pd1,216,0.0,1.0682,,0,1,structures/mp-1076916.cif
mp-1076927,MP structure; K_eff from this work (DFT),Gd1Pb3,221,0.0,0.7209,,0,1,structures/mp-1076927.cif
mp-1077279,MP structure; K_eff from this work (DFT),Dy1Ni4Au1,216,0.0,0.0288,,0,1,structures/mp-1077279.cif
mp-1077334,MP structure; K_eff from this work (DFT),Er1Mn1Ni4,216,0.0,0.7749,,0,1,structures/mp-1077334.cif
mp-1077340,MP structure; K_eff from this work (DFT),Ho1Ni4Au1,216,0.0,0.0307,,0,1,structures/mp-1077340.cif
mp-1077347,MP structure; K_eff from this work (DFT),U1Pt4Au1,216,0.0,0.2162,,0,1,structures/mp-1077347.cif
mp-1077362,MP structure; K_eff from this work (DFT),Y1Mn1Ni4,216,0.0,0.7561,,0,1,structures/mp-1077362.cif
mp-1077397,MP structure; K_eff from this work (DFT),Sc1Cd1Ni4,216,0.0,0.0997,,0,1,structures/mp-1077397.cif
mp-1077596,MP structure; K_eff from this work (DFT),Eu1In1Pt4,216,0.0,0.6989,,0,1,structures/mp-1077596.cif
mp-1078303,MP structure; K_eff from this work (DFT),Ba2Y1Os1O6,225,0.0,0.2303,,0,1,structures/mp-1078303.cif
mp-1078913,MP structure; K_eff from this work (DFT),Rb3Ce1F6,225,0.0,0.0467,,0,1,structures/mp-1078913.cif
mp-1079126,MP structure; K_eff from this work (DFT),Eu2Fe1H6,225,0.0,1.6992,,0,1,structures/mp-1079126.cif
mp-1079169,MP structure; K_eff from this work (DFT),Ba2Nd1Ir1O6,225,0.0,0.147,,0,1,structures/mp-1079169.cif
mp-1079458,MP structure; K_eff from this work (DFT),Cs2Na1Ce1Cl6,225,0.0,0.034,,0,1,structures/mp-1079458.cif
mp-1079654,MP structure; K_eff from this work (DFT),Sm2Mn1Ga6,225,0.0,0.1826,,0,1,structures/mp-1079654.cif
mp-1080123,MP structure; K_eff from this work (DFT),Ba2La1Ir1O6,225,0.0,0.1439,,0,1,structures/mp-1080123.cif
mp-1080470,MP structure; K_eff from this work (DFT),Ba2Sm1Os1O6,225,0.0,0.2233,,0,1,structures/mp-1080470.cif
mp-1080537,MP structure; K_eff from this work (DFT),K2Na1V1F6,225,0.0,0.1532,,0,1,structures/mp-1080537.cif
mp-1080749,MP structure; K_eff from this work (DFT),Cs2Fe2O4,227,0.0,0.3664,,0,1,structures/mp-1080749.cif
mp-1087513,MP structure; K_eff from this work (DFT),Tb2Mn1Ga6,225,0.0,0.1812,,0,1,structures/mp-1087513.cif
mp-10883,MP structure; K_eff from this work (DFT),Al1Cr1Co2,225,0.0,0.7516,,0,1,structures/mp-10883.cif
mp-10884,MP structure; K_eff from this work (DFT),Al1Fe1Co2,225,0.0,1.2886,,0,1,structures/mp-10884.cif
mp-10891,MP structure; K_eff from this work (DFT),Mn1Al1Pd2,225,0.0,0.7943,,0,1,structures/mp-10891.cif
mp-10893,MP structure; K_eff from this work (DFT),Mn1Al1Pt2,225,0.0,0.8026,,0,1,structures/mp-10893.cif
mp-10907,MP structure; K_eff from this work (DFT),Pu1Al3,221,0.0,0.7941,,0,1,structures/mp-10907.cif
mp-1094118,MP structure; K_eff from this work (DFT),Mn3In1C1,221,0.0,1.1432,,0,1,structures/mp-1094118.cif
mp-1095109,MP structure; K_eff from this work (DFT),Ba2Bi1Ir1O6,225,0.0,0.1468,,0,1,structures/mp-1095109.cif
mp-1095238,MP structure; K_eff from this work (DFT),Eu3Ge4Ir4,217,0.0,1.0379,,0,1,structures/mp-1095238.cif
mp-1097959,MP structure; K_eff from this work (DFT),Li1Eu4B3N6,229,0.0,1.6362,,0,1,structures/mp-1097959.cif
mp-1102440,MP structure; K_eff from this work (DFT),Eu4Si4Pd4,198,0.0,0.3049,,0,1,structures/mp-1102440.cif
mp-1103359,MP structure; K_eff from this work (DFT),Co4Te8,205,0.0,0.044,,0,1,structures/mp-1103359.cif
mp-1103546,MP structure; K_eff from this work (DFT),Mn4Zn2Se8,227,0.0,0.3077,,0,1,structures/mp-1103546.cif
mp-1103718,MP structure; K_eff from this work (DFT),Al1V4S8,216,0.0,0.2545,,0,1,structures/mp-1103718.cif
mp-1103738,MP structure; K_eff from this work (DFT),Eu6S8,220,0.0,0.6964,,0,1,structures/mp-1103738.cif
mp-1103809,MP structure; K_eff from this work (DFT),Np1B12,225,0.0,0.3962,,0,1,structures/mp-1103809.cif
mp-1103893,MP structure; K_eff from this work (DFT),Lu4Mn2Se8,227,0.0,0.158,,0,1,structures/mp-1103893.cif
mp-1104014,MP structure; K_eff from this work (DFT),Mn4Zn2Te8,227,0.0,0.2433,,0,1,structures/mp-1104014.cif
mp-1104162,MP structure; K_eff from this work (DFT),Mn4Zn2S8,227,0.0,0.3517,,0,1,structures/mp-1104162.cif
mp-1104320,MP structure; K_eff from this work (DFT),Ti4Ga1S8,216,0.0,0.1211,,0,1,structures/mp-1104320.cif
mp-1104892,MP structure; K_eff from this work (DFT),Pu1B12,225,0.0,0.4994,,0,1,structures/mp-1104892.cif
mp-1105241,MP structure; K_eff from this work (DFT),Mn7Cd1O12,204,0.0,1.4878,,0,1,structures/mp-1105241.cif
mp-1105305,MP structure; K_eff from this work (DFT),Nd1Mn3V4O12,204,0.0,1.0733,,0,1,structures/mp-1105305.cif
mp-1105343,MP structure; K_eff from this work (DFT),Sr2Mn14O24,204,0.0,0.7771,,0,1,structures/mp-1105343.cif
mp-1105431,MP structure; K_eff from this work (DFT),Mn7Pb1O12,204,0.0,1.4514,,0,1,structures/mp-1105431.cif
mp-1105542,MP structure; K_eff from this work (DFT),Na1Fe1H8N2F6,225,0.0,0.3662,,0,1,structures/mp-1105542.cif
mp-1105587,MP structure; K_eff from this work (DFT),Ce6Bi8Au6,220,0.0,0.0625,,0,1,structures/mp-1105587.cif
mp-1105642,MP structure; K_eff from this work (DFT),Tb1Fe4Cu3O12,204,0.0,1.1163,,0,1,structures/mp-1105642.cif
mp-1105690,MP structure; K_eff from this work (DFT),Pr1Fe4Cu3O12,204,0.0,1.0993,,0,1,structures/mp-1105690.cif
mp-1105732,MP structure; K_eff from this work (DFT),Cs2Fe4F12,227,0.0,0.3701,,0,1,structures/mp-1105732.cif
mp-1105777,MP structure; K_eff from this work (DFT),U6Sb8Ir6,220,0.0,0.0787,,0,1,structures/mp-1105777.cif
mp-1105833,MP structure; K_eff from this work (DFT),Hf4Co7Ge6,229,0.0,0.0353,,0,1,structures/mp-1105833.cif
mp-1106004,MP structure; K_eff from this work (DFT),Ho1Fe4Cu3O12,204,0.0,1.115,,0,1,structures/mp-1106004.cif
mp-1106008,MP structure; K_eff from this work (DFT),Sm1Fe4Cu3O12,204,0.0,1.1092,,0,1,structures/mp-1106008.cif
mp-1106026,MP structure; K_eff from this work (DFT),Y4Ga12Fe1,229,0.0,0.0809,,0,1,structures/mp-1106026.cif
mp-1106031,MP structure; K_eff from this work (DFT),Na1Mn3V4O12,204,0.0,1.0006,,0,1,structures/mp-1106031.cif
mp-1106297,MP structure; K_eff from this work (DFT),Ho4Ga12Fe1,229,0.0,0.0805,,0,1,structures/mp-1106297.cif
mp-1106307,MP structure; K_eff from this work (DFT),Ca1Mn3V4O12,204,0.0,1.036,,0,1,structures/mp-1106307.cif
mp-1106325,MP structure; K_eff from this work (DFT),Ca1Cu3Pt4O12,204,0.0,0.1597,,0,1,structures/mp-1106325.cif
mp-1121,MP structure; K_eff from this work (DFT),Ga1Co1,221,0.0,0.1517,,0,1,structures/mp-1121.cif
mp-11226,MP structure; K_eff from this work (DFT),Tb3Al1,221,0.0,0.0672,,0,1,structures/mp-11226.cif
mp-11318,MP structure; K_eff from this work (DFT),Ce1Pt3,221,0.0,0.0143,,0,1,structures/mp-11318.cif
mp-11375,MP structure; K_eff from this work (DFT),Eu1Hg1,221,0.0,1.4407,,0,1,structures/mp-11375.cif
mp-11422,MP structure; K_eff from this work (DFT),Gd1Hg1,221,0.0,1.78,,0,1,structures/mp-11422.cif
mp-11467,MP structure; K_eff from this work (DFT),Nd1Hg1,221,0.0,0.0849,,0,1,structures/mp-11467.cif
mp-11469,MP structure; K_eff from this work (DFT),Pr1Hg1,221,0.0,0.084,,0,1,structures/mp-11469.cif
mp-11500,MP structure; K_eff from this work (DFT),Mn1Ni1,221,0.0,2.222,,0,1,structures/mp-11500.cif
mp-11504,MP structure; K_eff from this work (DFT),Mn1Zn3,221,0.0,0.6758,,0,1,structures/mp-11504.cif
mp-11519,MP structure; K_eff from this work (DFT),Ni1Sn1Rh2,225,0.0,0.1972,,0,1,structures/mp-11519.cif
mp-1163,MP structure; K_eff from this work (DFT),U2Be26,226,0.0,0.1151,,0,1,structures/mp-1163.cif
mp-1163934,MP structure; K_eff from this work (DFT),Ca12V8Si12O48,230,0.0,0.051,,0,1,structures/mp-1163934.cif
mp-11734,MP structure; K_eff from this work (DFT),Sr2Mg1Re1O6,225,0.0,0.0917,,0,1,structures/mp-11734.cif
mp-11775,MP structure; K_eff from this work (DFT),Rb1U1O3,221,0.0,0.1438,,0,1,structures/mp-11775.cif
mp-1180,MP structure; K_eff from this work (DFT),Mn1Pt3,221,0.0,0.8666,,0,1,structures/mp-1180.cif
mp-1180537,MP structure; K_eff from this work (DFT),Ni4H48Cl8O48,205,0.0,0.0207,,0,1,structures/mp-1180537.cif
mp-1181730,MP structure; K_eff from this work (DFT),Gd1Mn4Cu3O12,204,0.0,1.3084,,0,1,structures/mp-1181730.cif
mp-11839,MP structure; K_eff from this work (DFT),Gd1Sb1Pt1,216,0.0,1.1208,,0,1,structures/mp-11839.cif
mp-1184807,MP structure; K_eff from this work (DFT),Eu1Ge12Pt4,204,0.0,0.2354,,0,1,structures/mp-1184807.cif
mp-1188524,MP structure; K_eff from this work (DFT),Eu1P12Ru4,204,0.0,0.3009,,0,1,structures/mp-1188524.cif
mp-1188542,MP structure; K_eff from this work (DFT),Sr1Fe4Sb12,204,0.0,0.06,,0,1,structures/mp-1188542.cif
mp-1188599,MP structure; K_eff from this work (DFT),Gd6Sb8Au6,220,0.0,0.4889,,0,1,structures/mp-1188599.cif
mp-1188604,MP structure; K_eff from this work (DFT),U6Sb8Pt6,220,0.0,0.1505,,0,1,structures/mp-1188604.cif
mp-1188611,MP structure; K_eff from this work (DFT),Er1Fe4Cu3O12,204,0.0,1.1148,,0,1,structures/mp-1188611.cif
mp-1188625,MP structure; K_eff from this work (DFT),Lu1Fe4Cu3O12,204,0.0,1.1296,,0,1,structures/mp-1188625.cif
mp-1188789,MP structure; K_eff from this work (DFT),Tb4Ga12Fe1,229,0.0,0.0809,,0,1,structures/mp-1188789.cif
mp-1188792,MP structure; K_eff from this work (DFT),Ti4Co7Ge6,229,0.0,0.0253,,0,1,structures/mp-1188792.cif
mp-1188811,MP structure; K_eff from this work (DFT),Lu4Ge6Os7,229,0.0,0.0728,,0,1,structures/mp-1188811.cif
mp-1188951,MP structure; K_eff from this work (DFT),U6Cu6Sb8,220,0.0,0.2225,,0,1,structures/mp-1188951.cif
mp-1189165,MP structure; K_eff from this work (DFT),Ce6Cu6Sb8,220,0.0,0.075,,0,1,structures/mp-1189165.cif
mp-1189224,MP structure; K_eff from this work (DFT),Dy1Fe4Cu3O12,204,0.0,1.117,,0,1,structures/mp-1189224.cif
mp-1189284,MP structure; K_eff from this work (DFT),Ca1V4Co3O12,204,0.0,0.7318,,0,1,structures/mp-1189284.cif
mp-1189358,MP structure; K_eff from this work (DFT),U1Ge12Pt4,204,0.0,0.0081,,0,1,structures/mp-1189358.cif
mp-1189480,MP structure; K_eff from this work (DFT),U6Sn8Pt6,220,0.0,0.1354,,0,1,structures/mp-1189480.cif
mp-1189617,MP structure; K_eff from this work (DFT),Gd6Cu6Sb8,220,0.0,0.5417,,0,1,structures/mp-1189617.cif
mp-1189647,MP structure; K_eff from this work (DFT),Ba1Fe4Sb12,204,0.0,0.0564,,0,1,structures/mp-1189647.cif
mp-1189666,MP structure; K_eff from this work (DFT),U6Cu6Sn8,220,0.0,0.1632,,0,1,structures/mp-1189666.cif
mp-1189790,MP structure; K_eff from this work (DFT),Nd1Fe4Cu3O12,204,0.0,1.1101,,0,1,structures/mp-1189790.cif
mp-1189828,MP structure; K_eff from this work (DFT),Y1Cu6Cl1O8,225,0.0,0.1102,,0,1,structures/mp-1189828.cif
mp-1189973,MP structure; K_eff from this work (DFT),Tm1Fe4Cu3O12,204,0.0,1.1196,,0,1,structures/mp-1189973.cif
mp-1189987,MP structure; K_eff from this work (DFT),Dy4Ga12Fe1,229,0.0,0.0812,,0,1,structures/mp-1189987.cif
mp-1189990,MP structure; K_eff from this work (DFT),U6Sb8Pd6,220,0.0,0.1516,,0,1,structures/mp-1189990.cif
mp-1189998,MP structure; K_eff from this work (DFT),Gd8C12,220,0.0,0.568,,0,1,structures/mp-1189998.cif
mp-1190040,MP structure; K_eff from this work (DFT),Ce1Ge12Pt4,204,0.0,0.0316,,0,1,structures/mp-1190040.cif
mp-1190091,MP structure; K_eff from this work (DFT),Eu1Fe4Cu3O12,204,0.0,1.438,,0,1,structures/mp-1190091.cif
mp-1190285,MP structure; K_eff from this work (DFT),Ce6Cd4Pd13,229,0.0,0.1332,,0,1,structures/mp-1190285.cif
mp-1190299,MP structure; K_eff from this work (DFT),Nd4Ir4O14,227,0.0,0.0832,,0,1,structures/mp-1190299.cif
mp-1190395,MP structure; K_eff from this work (DFT),Fe1P1H12C4Br4,216,0.0,0.141,,0,1,structures/mp-1190395.cif
mp-1190424,MP structure; K_eff from this work (DFT),Dy4Mo4O14,227,0.0,0.1727,,0,1,structures/mp-1190424.cif
mp-1191000,MP structure; K_eff from this work (DFT),Eu6Si4Ni12,229,0.0,0.704,,0,1,structures/mp-1191000.cif
mp-1191061,MP structure; K_eff from this work (DFT),Th6Br15,229,0.0,0.0253,,0,1,structures/mp-1191061.cif
mp-1191096,MP structure; K_eff from this work (DFT),Mg6V1H16,225,0.0,0.1029,,0,1,structures/mp-1191096.cif
mp-1191116,MP structure; K_eff from this work (DFT),Gd6Ga4Ni12,229,0.0,0.7121,,0,1,structures/mp-1191116.cif
mp-1191195,MP structure; K_eff from this work (DFT),Eu4Hf4O14,227,0.0,0.4753,,0,1,structures/mp-1191195.cif
mp-1191719,MP structure; K_eff from this work (DFT),Pr6Ga4Ni12,229,0.0,0.0266,,0,1,structures/mp-1191719.cif
mp-1191749,MP structure; K_eff from this work (DFT),Y4Ir4O14,227,0.0,0.09,,0,1,structures/mp-1191749.cif
mp-1191821,MP structure; K_eff from this work (DFT),Nd4Tc4O14,227,0.0,0.245,,0,1,structures/mp-1191821.cif
mp-1191889,MP structure; K_eff from this work (DFT),Eu4Pt4O14,227,0.0,0.5052,,0,1,structures/mp-1191889.cif
mp-1192130,MP structure; K_eff from this work (DFT),Cd4Tc4O14,227,0.0,0.1763,,0,1,structures/mp-1192130.cif
mp-1192140,MP structure; K_eff from this work (DFT),Gd6Si4Ni12,229,0.0,0.7131,,0,1,structures/mp-1192140.cif
mp-1192264,MP structure; K_eff from this work (DFT),Ti16Cu8,227,0.0,0.0283,,0,1,structures/mp-1192264.cif
mp-1192551,MP structure; K_eff from this work (DFT),Ce6Mg23Si1,225,0.0,0.1055,,0,1,structures/mp-1192551.cif
mp-1192592,MP structure; K_eff from this work (DFT),Ce6Mg23Sb1,225,0.0,0.0976,,0,1,structures/mp-1192592.cif
mp-1192636,MP structure; K_eff from this work (DFT),Co12W12C4,227,0.0,0.0079,,0,1,structures/mp-1192636.cif
mp-1192643,MP structure; K_eff from this work (DFT),Gd6Mg23C1,225,0.0,0.7076,,0,1,structures/mp-1192643.cif
mp-1192664,MP structure; K_eff from this work (DFT),Ce6Mg23As1,225,0.0,0.1246,,0,1,structures/mp-1192664.cif
mp-1192742,MP structure; K_eff from this work (DFT),Ce6Mg23C1,225,0.0,0.118,,0,1,structures/mp-1192742.cif
mp-1192762,MP structure; K_eff from this work (DFT),Ce12Ir4I12,214,0.0,0.0364,,0,1,structures/mp-1192762.cif
mp-1192799,MP structure; K_eff from this work (DFT),V3Ni20B6,225,0.0,0.0546,,0,1,structures/mp-1192799.cif
mp-1192814,MP structure; K_eff from this work (DFT),Ce3Si6Pd20,225,0.0,0.0553,,0,1,structures/mp-1192814.cif
mp-1192818,MP structure; K_eff from this work (DFT),Ce6Mg23Sn1,225,0.0,0.0011,,0,1,structures/mp-1192818.cif
mp-1192839,MP structure; K_eff from this work (DFT),Ce6Mg23Ge1,225,0.0,0.1074,,0,1,structures/mp-1192839.cif
mp-1192877,MP structure; K_eff from this work (DFT),Ti6Al16Co7,225,0.0,0.0836,,0,1,structures/mp-1192877.cif
mp-1192939,MP structure; K_eff from this work (DFT),Sc6Co16Si7,225,0.0,0.1764,,0,1,structures/mp-1192939.cif
mp-1192963,MP structure; K_eff from this work (DFT),Ce6Mg23P1,225,0.0,0.1038,,0,1,structures/mp-1192963.cif
mp-1192997,MP structure; K_eff from this work (DFT),Cs1Fe1P1H12O10,216,0.0,0.1777,,0,1,structures/mp-1192997.cif
mp-1193073,MP structure; K_eff from this work (DFT),Ta16Fe8N4,227,0.0,0.0437,,0,1,structures/mp-1193073.cif
mp-1193118,MP structure; K_eff from this work (DFT),Ti6Al16Ru7,225,0.0,0.0443,,0,1,structures/mp-1193118.cif
mp-1193188,MP structure; K_eff from this work (DFT),Hf6Ga16Co7,225,0.0,0.0703,,0,1,structures/mp-1193188.cif
mp-1193221,MP structure; K_eff from this work (DFT),Ca2Ni21B6,225,0.0,0.0074,,0,1,structures/mp-1193221.cif
mp-1193255,MP structure; K_eff from this work (DFT),Ga2Ni21B6,225,0.0,0.0326,,0,1,structures/mp-1193255.cif
mp-1193259,MP structure; K_eff from this work (DFT),Al16Fe10,217,0.0,0.2844,,0,1,structures/mp-1193259.cif
mp-1193305,MP structure; K_eff from this work (DFT),Ta16Co8N4,227,0.0,0.0633,,0,1,structures/mp-1193305.cif
mp-1193450,MP structure; K_eff from this work (DFT),Mn3Co20B6,225,0.0,1.1177,,0,1,structures/mp-1193450.cif
mp-1193515,MP structure; K_eff from this work (DFT),Co21Ge2B6,225,0.0,1.0199,,0,1,structures/mp-1193515.cif
mp-1193589,MP structure; K_eff from this work (DFT),Fe3Ni20B6,225,0.0,0.3634,,0,1,structures/mp-1193589.cif
mp-1193683,MP structure; K_eff from this work (DFT),Nb16Co8C4,227,0.0,0.0269,,0,1,structures/mp-1193683.cif
mp-1193687,MP structure; K_eff from this work (DFT),Ce6Ni6P17,217,0.0,0.1095,,0,1,structures/mp-1193687.cif
mp-1193751,MP structure; K_eff from this work (DFT),Ce2Si6Pd21,225,0.0,0.0274,,0,1,structures/mp-1193751.cif
mp-1193830,MP structure; K_eff from this work (DFT),Er2Ni21B6,225,0.0,0.0063,,0,1,structures/mp-1193830.cif
mp-1193884,MP structure; K_eff from this work (DFT),Zr6Ga16Ru7,225,0.0,0.0241,,0,1,structures/mp-1193884.cif
mp-1193971,MP structure; K_eff from this work (DFT),In3Co20B6,225,0.0,0.7268,,0,1,structures/mp-1193971.cif
mp-1194044,MP structure; K_eff from this work (DFT),V16Co8N4,227,0.0,0.0674,,0,1,structures/mp-1194044.cif
mp-1194051,MP structure; K_eff from this work (DFT),Ta16Co8C4,227,0.0,0.0467,,0,1,structures/mp-1194051.cif
mp-1194097,MP structure; K_eff from this work (DFT),In1Co22B6,225,0.0,1.1114,,0,1,structures/mp-1194097.cif
mp-1194109,MP structure; K_eff from this work (DFT),Eu2Be26,226,0.0,0.2921,,0,1,structures/mp-1194109.cif
mp-1194136,MP structure; K_eff from this work (DFT),Ti6Ga16Co7,225,0.0,0.0366,,0,1,structures/mp-1194136.cif
mp-1194164,MP structure; K_eff from this work (DFT),In2Co21B6,225,0.0,0.8514,,0,1,structures/mp-1194164.cif
mp-1194187,MP structure; K_eff from this work (DFT),Mn2Co21B6,225,0.0,1.0891,,0,1,structures/mp-1194187.cif
mp-1194237,MP structure; K_eff from this work (DFT),Mn3Ni20B6,225,0.0,0.0127,,0,1,structures/mp-1194237.cif
mp-1194289,MP structure; K_eff from this work (DFT),Ga2Co21B6,225,0.0,0.8603,,0,1,structures/mp-1194289.cif
mp-1194291,MP structure; K_eff from this work (DFT),Gd2Be26,226,0.0,0.318,,0,1,structures/mp-1194291.cif
mp-1194407,MP structure; K_eff from this work (DFT),Co22B6Sb1,225,0.0,1.0249,,0,1,structures/mp-1194407.cif
mp-1194423,MP structure; K_eff from this work (DFT),Zr6Al16Co7,225,0.0,0.0802,,0,1,structures/mp-1194423.cif
mp-1194843,MP structure; K_eff from this work (DFT),Ba4Mn36V24H8O104,205,0.0,0.2373,,0,1,structures/mp-1194843.cif
mp-1195148,MP structure; K_eff from this work (DFT),Na4Mn4H12C12O24,198,0.0,0.0696,,0,1,structures/mp-1195148.cif
mp-1195261,MP structure; K_eff from this work (DFT),Ag6Sb8F48,220,0.0,0.0114,,0,1,structures/mp-1195261.cif
mp-1195443,MP structure; K_eff from this work (DFT),Li4Mn16O32,198,0.0,0.2606,,0,1,structures/mp-1195443.cif
mp-1195833,MP structure; K_eff from this work (DFT),Y2Cd40Ni4,227,0.0,0.0041,,0,1,structures/mp-1195833.cif
mp-1196033,MP structure; K_eff from this work (DFT),Ba4Mn36V24O104,205,0.0,0.2307,,0,1,structures/mp-1196033.cif
mp-1196233,MP structure; K_eff from this work (DFT),Eu4Al12Pb8O32,224,0.0,0.0817,,0,1,structures/mp-1196233.cif
mp-1196262,MP structure; K_eff from this work (DFT),Eu7Cu44As23,225,0.0,0.4655,,0,1,structures/mp-1196262.cif
mp-1196434,MP structure; K_eff from this work (DFT),K60Fe24Te60,205,0.0,0.0159,,0,1,structures/mp-1196434.cif
mp-1196837,MP structure; K_eff from this work (DFT),Ca2Al40Cr4,227,0.0,0.0187,,0,1,structures/mp-1196837.cif
mp-1197004,MP structure; K_eff from this work (DFT),Tb10Mn13C18,217,0.0,0.1389,,0,1,structures/mp-1197004.cif
mp-1197139,MP structure; K_eff from this work (DFT),Pu3Cd33,221,0.0,0.0774,,0,1,structures/mp-1197139.cif
mp-1197229,MP structure; K_eff from this work (DFT),Er11Ni60C6,229,0.0,0.0202,,0,1,structures/mp-1197229.cif
mp-1197438,MP structure; K_eff from this work (DFT),Pr12Fe20O48,230,0.0,0.277,,0,1,structures/mp-1197438.cif
mp-1197565,MP structure; K_eff from this work (DFT),Ce2Cd40Pd4,227,0.0,0.0075,,0,1,structures/mp-1197565.cif
mp-1197605,MP structure; K_eff from this work (DFT),Y10Mn13C18,217,0.0,0.1377,,0,1,structures/mp-1197605.cif
mp-1197897,MP structure; K_eff from this work (DFT),Gd6Ge26Ir8,223,0.0,0.3267,,0,1,structures/mp-1197897.cif
mp-1198260,MP structure; K_eff from this work (DFT),Ce6Ge26Ir8,223,0.0,0.008,,0,1,structures/mp-1198260.cif
mp-1198503,MP structure; K_eff from this work (DFT),U2Zn40Rh4,227,0.0,0.0377,,0,1,structures/mp-1198503.cif
mp-1198549,MP structure; K_eff from this work (DFT),Mn32Bi32O90,220,0.0,0.3897,,0,1,structures/mp-1198549.cif
mp-1198582,MP structure; K_eff from this work (DFT),Ce6Sn26Ru8,223,0.0,0.0027,,0,1,structures/mp-1198582.cif
mp-1198824,MP structure; K_eff from this work (DFT),Er10Mn13C18,217,0.0,0.1415,,0,1,structures/mp-1198824.cif
mp-1199103,MP structure; K_eff from this work (DFT),U2Al40Cr4,227,0.0,0.0154,,0,1,structures/mp-1199103.cif
mp-1199147,MP structure; K_eff from this work (DFT),K36Fe8O28,198,0.0,0.0759,,0,1,structures/mp-1199147.cif
mp-1199325,MP structure; K_eff from this work (DFT),Eu6Sn26Rh8,223,0.0,0.2498,,0,1,structures/mp-1199325.cif
mp-1199661,MP structure; K_eff from this work (DFT),K24Fe8C48O96,213,0.0,0.0214,,0,1,structures/mp-1199661.cif
mp-1199972,MP structure; K_eff from this work (DFT),Ho10Mn13C18,217,0.0,0.1394,,0,1,structures/mp-1199972.cif
mp-1200037,MP structure; K_eff from this work (DFT),K20Na4Fe8C48O96,212,0.0,0.0089,,0,1,structures/mp-1200037.cif
mp-1200116,MP structure; K_eff from this work (DFT),Pr2Al40Cr4,227,0.0,0.037,,0,1,structures/mp-1200116.cif
mp-1200449,MP structure; K_eff from this work (DFT),Ce6Sn26Ir8,223,0.0,0.0223,,0,1,structures/mp-1200449.cif
mp-1200867,MP structure; K_eff from this work (DFT),La2Al40Cr4,227,0.0,0.0475,,0,1,structures/mp-1200867.cif
mp-1200887,MP structure; K_eff from this work (DFT),Li4Eu8C4I12N8,227,0.0,0.1832,,0,1,structures/mp-1200887.cif
mp-1200955,MP structure; K_eff from this work (DFT),La21Mn8Bi7C12,225,0.0,0.0125,,0,1,structures/mp-1200955.cif
mp-1201016,MP structure; K_eff from this work (DFT),Cs36Fe8Se28,198,0.0,0.0355,,0,1,structures/mp-1201016.cif
mp-1201611,MP structure; K_eff from this work (DFT),Np3Cd33,221,0.0,0.0591,,0,1,structures/mp-1201611.cif
mp-1201730,MP structure; K_eff from this work (DFT),Er6Al4Ni12H14,229,0.0,0.0184,,0,1,structures/mp-1201730.cif
mp-1201735,MP structure; K_eff from this work (DFT),La21Mn8Sn7C12,225,0.0,0.0801,,0,1,structures/mp-1201735.cif
mp-1201849,MP structure; K_eff from this work (DFT),Nd12Fe20O48,230,0.0,0.2792,,0,1,structures/mp-1201849.cif
mp-1201980,MP structure; K_eff from this work (DFT),Mn12Fe8Ge12O48,230,0.0,0.3174,,0,1,structures/mp-1201980.cif
mp-1202112,MP structure; K_eff from this work (DFT),Gd6Co8Sn26,223,0.0,0.2613,,0,1,structures/mp-1202112.cif
mp-1202355,MP structure; K_eff from this work (DFT),Cs4Cr4H96Se8O80,205,0.0,0.017,,0,1,structures/mp-1202355.cif
mp-1202847,MP structure; K_eff from this work (DFT),Ce4Sn25Pd12,204,0.0,0.0308,,0,1,structures/mp-1202847.cif
mp-1202854,MP structure; K_eff from this work (DFT),Pr20Mo12O64,222,0.0,0.0083,,0,1,structures/mp-1202854.cif
mp-1202982,MP structure; K_eff from this work (DFT),Gd6Co8Ge26,223,0.0,0.3621,,0,1,structures/mp-1202982.cif
mp-1203025,MP structure; K_eff from this work (DFT),Np16N24,206,0.0,0.0955,,0,1,structures/mp-1203025.cif
mp-1203077,MP structure; K_eff from this work (DFT),Na12Co4C8Cl4O24,203,0.0,0.0495,,0,1,structures/mp-1203077.cif
mp-1203320,MP structure; K_eff from this work (DFT),Co4W24Cl56,201,0.0,0.0168,,0,1,structures/mp-1203320.cif
mp-1203385,MP structure; K_eff from this work (DFT),Lu10Mn13C18,217,0.0,0.1422,,0,1,structures/mp-1203385.cif
mp-1203416,MP structure; K_eff from this work (DFT),Sm2Al40Cr4,227,0.0,0.0347,,0,1,structures/mp-1203416.cif
mp-1203677,MP structure; K_eff from this work (DFT),Ce2Cd40Ni4,227,0.0,0.0018,,0,1,structures/mp-1203677.cif
mp-1203980,MP structure; K_eff from this work (DFT),Lu11Ni60C6,229,0.0,0.0427,,0,1,structures/mp-1203980.cif
mp-1204084,MP structure; K_eff from this work (DFT),Ce6Ge26Ru8,223,0.0,0.0166,,0,1,structures/mp-1204084.cif
mp-1204650,MP structure; K_eff from this work (DFT),Y2Al40Cr4,227,0.0,0.034,,0,1,structures/mp-1204650.cif
mp-1204704,MP structure; K_eff from this work (DFT),Na12V4P12N4O36,198,0.0,0.0266,,0,1,structures/mp-1204704.cif
mp-1204867,MP structure; K_eff from this work (DFT),Ho11Ni60C6,229,0.0,0.0154,,0,1,structures/mp-1204867.cif
mp-1205068,MP structure; K_eff from this work (DFT),Rb8P6Pd6S24,223,0.0,0.0064,,0,1,structures/mp-1205068.cif
mp-1205385,MP structure; K_eff from this work (DFT),Dy4Cr1Ga12,229,0.0,0.0722,,0,1,structures/mp-1205385.cif
mp-12067,MP structure; K_eff from this work (DFT),Mn1Al1,221,0.0,0.8743,,0,1,structures/mp-12067.cif
mp-1221,MP structure; K_eff from this work (DFT),V6Ge2,223,0.0,0.0682,,0,1,structures/mp-1221.cif
mp-12410,MP structure; K_eff from this work (DFT),Ba2Tb1Ir1O6,225,0.0,0.1538,,0,1,structures/mp-12410.cif
mp-12436,MP structure; K_eff from this work (DFT),Rb8Mn8S12O48,198,0.0,0.1102,,0,1,structures/mp-12436.cif
mp-12631,MP structure; K_eff from this work (DFT),Sr1Tc1O3,221,0.0,0.4068,,0,1,structures/mp-12631.cif
mp-12674,MP structure; K_eff from this work (DFT),Mn1Au1,221,0.0,1.5233,,0,1,structures/mp-12674.cif
mp-12717,MP structure; K_eff from this work (DFT),U6Sn26Rh8,223,0.0,0.0113,,0,1,structures/mp-12717.cif
mp-12729,MP structure; K_eff from this work (DFT),Ba2Tm1Ru1O6,225,0.0,0.2371,,0,1,structures/mp-12729.cif
mp-12753,MP structure; K_eff from this work (DFT),Gd1Al1,221,0.0,1.7365,,0,1,structures/mp-12753.cif
mp-12912,MP structure; K_eff from this work (DFT),Ba2Pr1Ru1O6,225,0.0,0.2176,,0,1,structures/mp-12912.cif
mp-1302,MP structure; K_eff from this work (DFT),Pr1O2,225,0.0,0.2482,,0,1,structures/mp-1302.cif
mp-13254,MP structure; K_eff from this work (DFT),Ce1Mg1Zn2,225,0.0,0.1233,,0,1,structures/mp-13254.cif
mp-13434,MP structure; K_eff from this work (DFT),Ca1Mg1Ni4,216,0.0,0.1872,,0,1,structures/mp-13434.cif
mp-13464,MP structure; K_eff from this work (DFT),Ca1Fe4Sb12,204,0.0,0.0607,,0,1,structures/mp-13464.cif
mp-13486,MP structure; K_eff from this work (DFT),La2Co2Cu24,226,0.0,0.001,,0,1,structures/mp-13486.cif
mp-13687,MP structure; K_eff from this work (DFT),Cs2K1Ag1F6,225,0.0,0.112,,0,1,structures/mp-13687.cif
mp-13797,MP structure; K_eff from this work (DFT),K2Na1Cu1F6,225,0.0,0.159,,0,1,structures/mp-13797.cif
mp-1382,MP structure; K_eff from this work (DFT),Ce6S8,220,0.0,0.1487,,0,1,structures/mp-1382.cif
mp-1387,MP structure; K_eff from this work (DFT),Al2V6,223,0.0,0.204,,0,1,structures/mp-1387.cif
mp-13933,MP structure; K_eff from this work (DFT),Ba2Ho1Re1O6,225,0.0,0.1548,,0,1,structures/mp-13933.cif
mp-13934,MP structure; K_eff from this work (DFT),Ba2Tm1Re1O6,225,0.0,0.157,,0,1,structures/mp-13934.cif
mp-13937,MP structure; K_eff from this work (DFT),Sr2Tb1Re1O6,225,0.0,0.1588,,0,1,structures/mp-13937.cif
mp-13939,MP structure; K_eff from this work (DFT),Sr2Er1Re1O6,225,0.0,0.161,,0,1,structures/mp-13939.cif
mp-13940,MP structure; K_eff from this work (DFT),Sr2Tm1Re1O6,225,0.0,0.1641,,0,1,structures/mp-13940.cif
mp-1401,MP structure; K_eff from this work (DFT),Zr2Zn4,227,0.0,0.1292,,0,1,structures/mp-1401.cif
mp-14043,MP structure; K_eff from this work (DFT),Mg12V8Si12O48,230,0.0,0.0563,,0,1,structures/mp-14043.cif
mp-14046,MP structure; K_eff from this work (DFT),Mn12V8Si12O48,230,0.0,0.257,,0,1,structures/mp-14046.cif
mp-14051,MP structure; K_eff from this work (DFT),Ca12Mn8Si12O48,230,0.0,0.1018,,0,1,structures/mp-14051.cif
mp-1412,MP structure; K_eff from this work (DFT),Ti6Sb2,223,0.0,0.2006,,0,1,structures/mp-1412.cif
mp-14133,MP structure; K_eff from this work (DFT),Gd12Al20O48,230,0.0,0.2689,,0,1,structures/mp-14133.cif
mp-14139,MP structure; K_eff from this work (DFT),Sm12Fe20O48,230,0.0,0.2851,,0,1,structures/mp-14139.cif
mp-1418,MP structure; K_eff from this work (DFT),Fe1Ni3,221,0.0,1.4217,,0,1,structures/mp-1418.cif
mp-1422,MP structure; K_eff from this work (DFT),Gd2Pt4,227,0.0,0.7345,,0,1,structures/mp-1422.cif
mp-14326,MP structure; K_eff from this work (DFT),Tm11Ni60C6,229,0.0,0.0264,,0,1,structures/mp-14326.cif
mp-14391,MP structure; K_eff from this work (DFT),Na12V4P32O92,213,0.0,0.0129,,0,1,structures/mp-14391.cif
mp-14432,MP structure; K_eff from this work (DFT),Ga1Te4Mo4Se4,216,0.0,0.0373,,0,1,structures/mp-14432.cif
mp-14457,MP structure; K_eff from this work (DFT),Na12Li12Ti8F48,230,0.0,0.023,,0,1,structures/mp-14457.cif
mp-14458,MP structure; K_eff from this work (DFT),Na12Li12Cr8F48,230,0.0,0.0706,,0,1,structures/mp-14458.cif
mp-14889,MP structure; K_eff from this work (DFT),K36Fe8S28,198,0.0,0.0518,,0,1,structures/mp-14889.cif
mp-14968,MP structure; K_eff from this work (DFT),Dy4Ru4O14,227,0.0,0.1783,,0,1,structures/mp-14968.cif
mp-15161,MP structure; K_eff from this work (DFT),Tb4Ru4O14,227,0.0,0.1768,,0,1,structures/mp-15161.cif
mp-1525,MP structure; K_eff from this work (DFT),Ce1Te1,225,0.0,0.2422,,0,1,structures/mp-1525.cif
mp-1532,MP structure; K_eff from this work (DFT),Np2Ni4,227,0.0,0.509,,0,1,structures/mp-1532.cif
mp-1533,MP structure; K_eff from this work (DFT),Nd3Tl1,221,0.0,0.1355,,0,1,structures/mp-1533.cif
mp-15598,MP structure; K_eff from this work (DFT),K8Ni8S12O48,198,0.0,0.0472,,0,1,structures/mp-15598.cif
mp-15626,MP structure; K_eff from this work (DFT),Rb2Na1Ti1F6,225,0.0,0.0717,,0,1,structures/mp-15626.cif
mp-15805,MP structure; K_eff from this work (DFT),Mn3Zn1N1,221,0.0,1.9289,,0,1,structures/mp-15805.cif
mp-15888,MP structure; K_eff from this work (DFT),Ba2Y1Ir1O6,225,0.0,0.1545,,0,1,structures/mp-15888.cif
mp-15973,MP structure; K_eff from this work (DFT),Cr4Hg2S8,227,0.0,0.2559,,0,1,structures/mp-15973.cif
mp-15974,MP structure; K_eff from this work (DFT),Mn2Cr4S8,227,0.0,0.494,,0,1,structures/mp-15974.cif
mp-16307,MP structure; K_eff from this work (DFT),Sr2Mg1Ir1O6,225,0.0,0.2302,,0,1,structures/mp-16307.cif
mp-16383,MP structure; K_eff from this work (DFT),Na12Cr8As12O48,230,0.0,0.0744,,0,1,structures/mp-16383.cif
mp-1654,MP structure; K_eff from this work (DFT),Ce2Ni4,227,0.0,0.0361,,0,1,structures/mp-1654.cif
mp-1655,MP structure; K_eff from this work (DFT),U2Ir4,227,0.0,0.2206,,0,1,structures/mp-1655.cif
mp-1678,MP structure; K_eff from this work (DFT),Pu1Rh3,221,0.0,0.6498,,0,1,structures/mp-1678.cif
mp-16783,MP structure; K_eff from this work (DFT),Cd4Re4O14,227,0.0,0.0489,,0,1,structures/mp-16783.cif
mp-16966,MP structure; K_eff from this work (DFT),Ce2Al40Co4,227,0.0,0.0405,,0,1,structures/mp-16966.cif
mp-17064,MP structure; K_eff from this work (DFT),Gd4Sn4O14,227,0.0,0.5657,,0,1,structures/mp-17064.cif
mp-17119,MP structure; K_eff from this work (DFT),Sr1Cu3Sn4O12,204,0.0,0.1487,,0,1,structures/mp-17119.cif
mp-1720,MP structure; K_eff from this work (DFT),Sm2Ru4,227,0.0,0.0406,,0,1,structures/mp-1720.cif
mp-17599,MP structure; K_eff from this work (DFT),Ca1Cu3Ge4O12,204,0.0,0.1781,,0,1,structures/mp-17599.cif
mp-17619,MP structure; K_eff from this work (DFT),Sc4Mn4O14,227,0.0,0.3172,,0,1,structures/mp-17619.cif
mp-17745,MP structure; K_eff from this work (DFT),Mn4Hg4S2F12,227,0.0,0.3342,,0,1,structures/mp-17745.cif
mp-1798,MP structure; K_eff from this work (DFT),Ce1Mg3,225,0.0,0.1362,,0,1,structures/mp-1798.cif
mp-1799,MP structure; K_eff from this work (DFT),Ta2Co4,227,0.0,0.1711,,0,1,structures/mp-1799.cif
mp-18190,MP structure; K_eff from this work (DFT),Ca1Cu3Sn4O12,204,0.0,0.1495,,0,1,structures/mp-18190.cif
mp-183,MP structure; K_eff from this work (DFT),Ce1Cd1,221,0.0,0.2554,,0,1,structures/mp-183.cif
mp-18320,MP structure; K_eff from this work (DFT),Mn8Be6Si6Te2O24,218,0.0,0.3762,,0,1,structures/mp-18320.cif
mp-18554,MP structure; K_eff from this work (DFT),Mn8Be6Si6Se2O24,218,0.0,0.4028,,0,1,structures/mp-18554.cif
mp-18626,MP structure; K_eff from this work (DFT),Ni4Hg4S2F12,227,0.0,0.1452,,0,1,structures/mp-18626.cif
mp-1865,MP structure; K_eff from this work (DFT),U1N1,225,0.0,0.5973,,0,1,structures/mp-1865.cif
mp-18717,MP structure; K_eff from this work (DFT),Sr1V1O3,221,0.0,0.1963,,0,1,structures/mp-18717.cif
mp-18747,MP structure; K_eff from this work (DFT),Sr1Mo1O3,221,0.0,0.3432,,0,1,structures/mp-18747.cif
mp-18748,MP structure; K_eff from this work (DFT),Co6O8,227,0.0,0.2686,,0,1,structures/mp-18748.cif
mp-18750,MP structure; K_eff from this work (DFT),Mn2Fe4O8,227,0.0,0.5854,,0,1,structures/mp-18750.cif
mp-18758,MP structure; K_eff from this work (DFT),Co4Ge2O8,227,0.0,0.4885,,0,1,structures/mp-18758.cif
mp-18766,MP structure; K_eff from this work (DFT),Si2Ni4O8,227,0.0,0.36,,0,1,structures/mp-18766.cif
mp-18831,MP structure; K_eff from this work (DFT),Y4Mn4O14,227,0.0,0.2882,,0,1,structures/mp-18831.cif
mp-18841,MP structure; K_eff from this work (DFT),La1Cr1O3,221,0.0,0.5774,,0,1,structures/mp-18841.cif
mp-18847,MP structure; K_eff from this work (DFT),V4Cd2O8,227,0.0,0.268,,0,1,structures/mp-18847.cif
mp-18879,MP structure; K_eff from this work (DFT),V4Zn2O8,227,0.0,0.2965,,0,1,structures/mp-18879.cif
mp-18900,MP structure; K_eff from this work (DFT),Mg2V4O8,227,0.0,0.2958,,0,1,structures/mp-18900.cif
mp-18904,MP structure; K_eff from this work (DFT),Ba2Nd1Mo1O6,225,0.0,0.0718,,0,1,structures/mp-18904.cif
mp-18999,MP structure; K_eff from this work (DFT),Na1Mn7O12,204,0.0,1.4683,,0,1,structures/mp-18999.cif
mp-19006,MP structure; K_eff from this work (DFT),Mn2O2,225,0.0,1.3249,,0,1,structures/mp-19006.cif
mp-1902,MP structure; K_eff from this work (DFT),Mn1Pd1,221,0.0,1.7617,,0,1,structures/mp-1902.cif
mp-19035,MP structure; K_eff from this work (DFT),Ba1Fe1O3,221,0.0,0.7533,,0,1,structures/mp-19035.cif
mp-19036,MP structure; K_eff from this work (DFT),Tm4V4O14,227,0.0,0.0958,,0,1,structures/mp-19036.cif
mp-19071,MP structure; K_eff from this work (DFT),Co4Si2O8,227,0.0,0.5054,,0,1,structures/mp-19071.cif
mp-19079,MP structure; K_eff from this work (DFT),Co2O2,225,0.0,0.9128,,0,1,structures/mp-19079.cif
mp-19093,MP structure; K_eff from this work (DFT),Ba2U1Ni1O6,225,0.0,0.1543,,0,1,structures/mp-19093.cif
mp-1911,MP structure; K_eff from this work (DFT),Ce1Sn3,221,0.0,0.0985,,0,1,structures/mp-1911.cif
mp-19153,MP structure; K_eff from this work (DFT),Lu4Mn4O14,227,0.0,0.3018,,0,1,structures/mp-19153.cif
mp-19200,MP structure; K_eff from this work (DFT),Tb4Mo4O14,227,0.0,0.1713,,0,1,structures/mp-19200.cif
mp-19202,MP structure; K_eff from this work (DFT),Mg2Cr4O8,227,0.0,0.4788,,0,1,structures/mp-19202.cif
mp-19256,MP structure; K_eff from this work (DFT),Er4Mn4O14,227,0.0,0.2944,,0,1,structures/mp-19256.cif
mp-19258,MP structure; K_eff from this work (DFT),Ba2Sm1Mo1O6,225,0.0,0.0731,,0,1,structures/mp-19258.cif
mp-19262,MP structure; K_eff from this work (DFT),Cr4Cd2O8,227,0.0,0.4349,,0,1,structures/mp-19262.cif
mp-19303,MP structure; K_eff from this work (DFT),Cr4Ni2O8,227,0.0,0.6105,,0,1,structures/mp-19303.cif
mp-19306,MP structure; K_eff from this work (DFT),Fe6O8,227,0.0,1.0843,,0,1,structures/mp-19306.cif
mp-19313,MP structure; K_eff from this work (DFT),Zn2Fe4O8,227,0.0,0.7768,,0,1,structures/mp-19313.cif
mp-19314,MP structure; K_eff from this work (DFT),Mn8Be6Si6S2O24,218,0.0,0.3952,,0,1,structures/mp-19314.cif
mp-19328,MP structure; K_eff from this work (DFT),Na1W1O3,221,0.0,0.1862,,0,1,structures/mp-19328.cif
mp-19394,MP structure; K_eff from this work (DFT),Li2V4O8,227,0.0,0.2521,,0,1,structures/mp-19394.cif
mp-19410,MP structure; K_eff from this work (DFT),Zn2Cr4O8,227,0.0,0.4816,,0,1,structures/mp-19410.cif
mp-19442,MP structure; K_eff from this work (DFT),Mn1Ni6O8,225,0.0,1.2087,,0,1,structures/mp-19442.cif
mp-19456,MP structure; K_eff from this work (DFT),Al2V4O8,227,0.0,0.4088,,0,1,structures/mp-19456.cif
mp-1959,MP structure; K_eff from this work (DFT),Pu1O2,225,0.0,1.2054,,0,1,structures/mp-1959.cif
mp-19710,MP structure; K_eff from this work (DFT),Tb12Fe20O48,230,0.0,0.2933,,0,1,structures/mp-19710.cif
mp-19764,MP structure; K_eff from this work (DFT),Pr3In1,221,0.0,0.1236,,0,1,structures/mp-19764.cif
mp-19798,MP structure; K_eff from this work (DFT),Eu4Ge4Pt4,198,0.0,0.2906,,0,1,structures/mp-19798.cif
mp-19800,MP structure; K_eff from this work (DFT),Fe11Si5,221,0.0,1.0881,,0,1,structures/mp-19800.cif
mp-19834,MP structure; K_eff from this work (DFT),Ce1In1Cu2,225,0.0,0.0192,,0,1,structures/mp-19834.cif
mp-19844,MP structure; K_eff from this work (DFT),Na1Fe4Sb12,204,0.0,0.0902,,0,1,structures/mp-19844.cif
mp-19852,MP structure; K_eff from this work (DFT),Ba2U1Mn1O6,225,0.0,0.3705,,0,1,structures/mp-19852.cif
mp-19920,MP structure; K_eff from this work (DFT),Ce3Ga1,221,0.0,0.4281,,0,1,structures/mp-19920.cif
mp-19923,MP structure; K_eff from this work (DFT),Gd2Al4,227,0.0,0.7203,,0,1,structures/mp-19923.cif
mp-19966,MP structure; K_eff from this work (DFT),Gd1Tl1,221,0.0,1.599,,0,1,structures/mp-19966.cif
mp-19971,MP structure; K_eff from this work (DFT),Zn1Co2Ge1,225,0.0,0.2762,,0,1,structures/mp-19971.cif
mp-19987,MP structure; K_eff from this work (DFT),Pa6Sb8,220,0.0,0.0881,,0,1,structures/mp-19987.cif
mp-19996,MP structure; K_eff from this work (DFT),Ba2Gd1Nb1O6,225,0.0,0.5123,,0,1,structures/mp-19996.cif
mp-20029,MP structure; K_eff from this work (DFT),Sr1Cr1O3,221,0.0,0.3981,,0,1,structures/mp-20029.cif
mp-20036,MP structure; K_eff from this work (DFT),Gd6S8,220,0.0,0.8424,,0,1,structures/mp-20036.cif
mp-20040,MP structure; K_eff from this work (DFT),Eu1B1Pd3,221,0.0,0.9808,,0,1,structures/mp-20040.cif
mp-20084,MP structure; K_eff from this work (DFT),Gd2Rh4,227,0.0,0.7618,,0,1,structures/mp-20084.cif
mp-20139,MP structure; K_eff from this work (DFT),Mn3Ge1,221,0.0,1.2746,,0,1,structures/mp-20139.cif
mp-20168,MP structure; K_eff from this work (DFT),Cr4Fe2O8,227,0.0,0.7903,,0,1,structures/mp-20168.cif
mp-2018,MP structure; K_eff from this work (DFT),Al1Fe3,225,0.0,1.7734,,0,1,structures/mp-2018.cif
mp-20180,MP structure; K_eff from this work (DFT),Mn3Ge1C1,221,0.0,0.5907,,0,1,structures/mp-20180.cif
mp-20225,MP structure; K_eff from this work (DFT),Ce1Pb3,221,0.0,0.1199,,0,1,structures/mp-20225.cif
mp-20228,MP structure; K_eff from this work (DFT),Mn1Ga1Ni2,225,0.0,1.1616,,0,1,structures/mp-20228.cif
mp-20246,MP structure; K_eff from this work (DFT),Mn4Ge6Ir7,229,0.0,0.7608,,0,1,structures/mp-20246.cif
mp-20258,MP structure; K_eff from this work (DFT),Gd1In3,221,0.0,0.8325,,0,1,structures/mp-20258.cif
mp-20272,MP structure; K_eff from this work (DFT),Gd1Pt3,221,0.0,1.1448,,0,1,structures/mp-20272.cif
mp-20286,MP structure; K_eff from this work (DFT),Ba2Re1Ni1O6,225,0.0,0.2597,,0,1,structures/mp-20286.cif
mp-20309,MP structure; K_eff from this work (DFT),Eu1Pb3,221,0.0,0.6755,,0,1,structures/mp-20309.cif
mp-20328,MP structure; K_eff from this work (DFT),U6Se8,220,0.0,0.3349,,0,1,structures/mp-20328.cif
mp-20358,MP structure; K_eff from this work (DFT),U1In1Au2,225,0.0,0.365,,0,1,structures/mp-20358.cif
mp-20362,MP structure; K_eff from this work (DFT),Mn3Ni1N1,221,0.0,1.7997,,0,1,structures/mp-20362.cif
mp-20406,MP structure; K_eff from this work (DFT),Lu4V4O14,227,0.0,0.0972,,0,1,structures/mp-20406.cif
mp-20415,MP structure; K_eff from this work (DFT),Gd1Pb1Au1,216,0.0,1.0213,,0,1,structures/mp-20415.cif
mp-20438,MP structure; K_eff from this work (DFT),Pu1Te1,221,0.0,1.2703,,0,1,structures/mp-20438.cif
mp-20440,MP structure; K_eff from this work (DFT),Mn1Ni2Sn1,225,0.0,0.949,,0,1,structures/mp-20440.cif
mp-20481,MP structure; K_eff from this work (DFT),Mn1Sn1Pd2,225,0.0,0.7687,,0,1,structures/mp-20481.cif
mp-20520,MP structure; K_eff from this work (DFT),U6Te8,220,0.0,0.2728,,0,1,structures/mp-20520.cif
mp-20534,MP structure; K_eff from this work (DFT),Gd1Mg3,225,0.0,0.8892,,0,1,structures/mp-20534.cif
mp-20572,MP structure; K_eff from this work (DFT),Na1V1F3,221,0.0,0.4831,,0,1,structures/mp-20572.cif
mp-20586,MP structure; K_eff from this work (DFT),V1Co2Si1,225,0.0,0.7694,,0,1,structures/mp-20586.cif
mp-20587,MP structure; K_eff from this work (DFT),Eu1S1,225,0.0,1.6036,,0,1,structures/mp-20587.cif
mp-20603,MP structure; K_eff from this work (DFT),Ce1Tl3,221,0.0,0.134,,0,1,structures/mp-20603.cif
mp-20643,MP structure; K_eff from this work (DFT),Y4Ru4O14,227,0.0,0.046,,0,1,structures/mp-20643.cif
mp-20660,MP structure; K_eff from this work (DFT),Np2Al4,227,0.0,0.4112,,0,1,structures/mp-20660.cif
mp-20680,MP structure; K_eff from this work (DFT),Ce8Sb6,220,0.0,0.1251,,0,1,structures/mp-20680.cif
mp-2070,MP structure; K_eff from this work (DFT),Co4S8,205,0.0,0.0692,,0,1,structures/mp-2070.cif
mp-20711,MP structure; K_eff from this work (DFT),Fe3Ge1,225,0.0,1.7711,,0,1,structures/mp-20711.cif
mp-20735,MP structure; K_eff from this work (DFT),Ce3Sn1,221,0.0,0.5049,,0,1,structures/mp-20735.cif
mp-20758,MP structure; K_eff from this work (DFT),Cr4Co2O8,227,0.0,0.7216,,0,1,structures/mp-20758.cif
mp-20821,MP structure; K_eff from this work (DFT),Np1Ga3,221,0.0,0.5302,,0,1,structures/mp-20821.cif
mp-20831,MP structure; K_eff from this work (DFT),Gd8Sb6,220,0.0,0.8939,,0,1,structures/mp-20831.cif
mp-20840,MP structure; K_eff from this work (DFT),Mn1Co2Sn1,225,0.0,1.142,,0,1,structures/mp-20840.cif
mp-20841,MP structure; K_eff from this work (DFT),Ba2Ca1Ir1O6,225,0.0,0.2289,,0,1,structures/mp-20841.cif
mp-2086,MP structure; K_eff from this work (DFT),Pu1S1,225,0.0,1.5106,,0,1,structures/mp-2086.cif
mp-20860,MP structure; K_eff from this work (DFT),Mn3Sn1C1,221,0.0,0.5973,,0,1,structures/mp-20860.cif
mp-20861,MP structure; K_eff from this work (DFT),Cr4Ge4,198,0.0,0.1033,,0,1,structures/mp-20861.cif
mp-2088,MP structure; K_eff from this work (DFT),Ce2Al4,227,0.0,0.1196,,0,1,structures/mp-2088.cif
mp-20909,MP structure; K_eff from this work (DFT),La3In1,221,0.0,0.1274,,0,1,structures/mp-20909.cif
mp-2092,MP structure; K_eff from this work (DFT),Ce1Pd3,221,0.0,0.0561,,0,1,structures/mp-2092.cif
mp-20958,MP structure; K_eff from this work (DFT),Ba2La1Re1O6,225,0.0,0.1425,,0,1,structures/mp-20958.cif
mp-20966,MP structure; K_eff from this work (DFT),Ba2U1Co1O6,225,0.0,0.232,,0,1,structures/mp-20966.cif
mp-20984,MP structure; K_eff from this work (DFT),Ce3In1,221,0.0,0.4756,,0,1,structures/mp-20984.cif
mp-20992,MP structure; K_eff from this work (DFT),Ce3In1C1,221,0.0,0.2349,,0,1,structures/mp-20992.cif
mp-20995,MP structure; K_eff from this work (DFT),Eu8As6,220,0.0,0.8143,,0,1,structures/mp-20995.cif
mp-21005,MP structure; K_eff from this work (DFT),Gd1In1,221,0.0,1.6072,,0,1,structures/mp-21005.cif
mp-21009,MP structure; K_eff from this work (DFT),Eu1Se1,225,0.0,1.418,,0,1,structures/mp-21009.cif
mp-21011,MP structure; K_eff from this work (DFT),Ce8As6,220,0.0,0.2108,,0,1,structures/mp-21011.cif
mp-21019,MP structure; K_eff from this work (DFT),Cr4Fe2S8,227,0.0,0.4649,,0,1,structures/mp-21019.cif
mp-21049,MP structure; K_eff from this work (DFT),Gd2Mg4,227,0.0,0.6214,,0,1,structures/mp-21049.cif
mp-21053,MP structure; K_eff from this work (DFT),U1Fe4P12,204,0.0,0.1008,,0,1,structures/mp-21053.cif
mp-21074,MP structure; K_eff from this work (DFT),Cr4Hg2O8,227,0.0,0.4241,,0,1,structures/mp-21074.cif
mp-21076,MP structure; K_eff from this work (DFT),Eu1Rh3C1,221,0.0,0.9678,,0,1,structures/mp-21076.cif
mp-21085,MP structure; K_eff from this work (DFT),Pu1Pd3,221,0.0,0.7753,,0,1,structures/mp-21085.cif
mp-2109,MP structure; K_eff from this work (DFT),Ce2Pt4,227,0.0,0.1039,,0,1,structures/mp-2109.cif
mp-21112,MP structure; K_eff from this work (DFT),In4Fe2S8,227,0.0,0.1532,,0,1,structures/mp-21112.cif
mp-21171,MP structure; K_eff from this work (DFT),Mn1Ga1Co2,225,0.0,1.1255,,0,1,structures/mp-21171.cif
mp-21202,MP structure; K_eff from this work (DFT),Sm3In1,221,0.0,0.1387,,0,1,structures/mp-21202.cif
mp-21263,MP structure; K_eff from this work (DFT),Pu1Sb1,221,0.0,1.2207,,0,1,structures/mp-21263.cif
mp-21299,MP structure; K_eff from this work (DFT),Cr4Co2S8,227,0.0,0.3699,,0,1,structures/mp-21299.cif
mp-2132,MP structure; K_eff from this work (DFT),Cr1N1,225,0.0,1.8647,,0,1,structures/mp-2132.cif
mp-21333,MP structure; K_eff from this work (DFT),Cd2Fe4O8,227,0.0,0.6994,,0,1,structures/mp-21333.cif
mp-21343,MP structure; K_eff from this work (DFT),Ce1B6,221,0.0,0.1667,,0,1,structures/mp-21343.cif
mp-21370,MP structure; K_eff from this work (DFT),Ba2Eu1Sb1O6,225,0.0,0.4367,,0,1,structures/mp-21370.cif
mp-21394,MP structure; K_eff from this work (DFT),Eu1O1,225,0.0,2.4841,,0,1,structures/mp-21394.cif
mp-21412,MP structure; K_eff from this work (DFT),Ce3Tl1,221,0.0,0.4817,,0,1,structures/mp-21412.cif
mp-21418,MP structure; K_eff from this work (DFT),Mn1Sn1Pt1,216,0.0,0.6904,,0,1,structures/mp-21418.cif
mp-21419,MP structure; K_eff from this work (DFT),Ce2Mg4,227,0.0,0.0781,,0,1,structures/mp-21419.cif
mp-21441,MP structure; K_eff from this work (DFT),Ce4Si4Ir4,198,0.0,0.0452,,0,1,structures/mp-21441.cif
mp-21457,MP structure; K_eff from this work (DFT),Ti12Cu12O4,227,0.0,0.0462,,0,1,structures/mp-21457.cif
mp-21483,MP structure; K_eff from this work (DFT),Nd3In1,221,0.0,0.1282,,0,1,structures/mp-21483.cif
mp-2149,MP structure; K_eff from this work (DFT),Np2Ir4,227,0.0,0.3943,,0,1,structures/mp-2149.cif
mp-21504,MP structure; K_eff from this work (DFT),V4Ga1Se8,216,0.0,0.2194,,0,1,structures/mp-21504.cif
mp-21535,MP structure; K_eff from this work (DFT),Mn8Be6Ge6Se2O24,218,0.0,0.3645,,0,1,structures/mp-21535.cif
mp-2154,MP structure; K_eff from this work (DFT),Ce1P1,225,0.0,0.2025,,0,1,structures/mp-2154.cif
mp-21551,MP structure; K_eff from this work (DFT),In2Ni21B6,225,0.0,0.0735,,0,1,structures/mp-21551.cif
mp-21573,MP structure; K_eff from this work (DFT),Ni21Sn2B6,225,0.0,0.0545,,0,1,structures/mp-21573.cif
mp-21579,MP structure; K_eff from this work (DFT),V16O24,206,0.0,0.1063,,0,1,structures/mp-21579.cif
mp-21590,MP structure; K_eff from this work (DFT),Na12Fe4C8S2O32,203,0.0,0.1326,,0,1,structures/mp-21590.cif
mp-21616,MP structure; K_eff from this work (DFT),Mn8Be6Ge6S2O24,218,0.0,0.3721,,0,1,structures/mp-21616.cif
mp-21628,MP structure; K_eff from this work (DFT),Mn6Ni16As7,225,0.0,0.7953,,0,1,structures/mp-21628.cif
mp-21650,MP structure; K_eff from this work (DFT),Li8Ni4Ge12O32,212,0.0,0.0424,,0,1,structures/mp-21650.cif
mp-21703,MP structure; K_eff from this work (DFT),Na12Ti4P12N4O36,198,0.0,0.0131,,0,1,structures/mp-21703.cif
mp-21706,MP structure; K_eff from this work (DFT),Gd4Al12Pb8O32,224,0.0,0.0929,,0,1,structures/mp-21706.cif
mp-21735,MP structure; K_eff from this work (DFT),Li4Fe20O32,212,0.0,0.4762,,0,1,structures/mp-21735.cif
mp-21757,MP structure; K_eff from this work (DFT),Eu12Al20O48,230,0.0,0.2345,,0,1,structures/mp-21757.cif
mp-21791,MP structure; K_eff from this work (DFT),V8Fe12Si12O48,230,0.0,0.2217,,0,1,structures/mp-21791.cif
mp-21807,MP structure; K_eff from this work (DFT),K8Co8S12O48,198,0.0,0.0685,,0,1,structures/mp-21807.cif
mp-21857,MP structure; K_eff from this work (DFT),Cs2W4O12,227,0.0,0.0417,,0,1,structures/mp-21857.cif
mp-21861,MP structure; K_eff from this work (DFT),Cu12Te4O24,206,0.0,0.0804,,0,1,structures/mp-21861.cif
mp-21940,MP structure; K_eff from this work (DFT),Na8Ti4Cr4P12O48,198,0.0,0.0363,,0,1,structures/mp-21940.cif
mp-21960,MP structure; K_eff from this work (DFT),K36Fe8Se28,198,0.0,0.025,,0,1,structures/mp-21960.cif
mp-21971,MP structure; K_eff from this work (DFT),Ca12Fe8Ge12O48,230,0.0,0.1202,,0,1,structures/mp-21971.cif
mp-21974,MP structure; K_eff from this work (DFT),Dy12Fe20O48,230,0.0,0.2958,,0,1,structures/mp-21974.cif
mp-2199,MP structure; K_eff from this work (DFT),Fe3Si1,225,0.0,1.7504,,0,1,structures/mp-2199.cif
mp-22027,MP structure; K_eff from this work (DFT),Mn1Sn1Au1,216,0.0,0.7264,,0,1,structures/mp-22027.cif
mp-22029,MP structure; K_eff from this work (DFT),Mn1Ni2Ge1,225,0.0,0.9264,,0,1,structures/mp-22029.cif
mp-22094,MP structure; K_eff from this work (DFT),Tl4Ru4O14,227,0.0,0.1736,,0,1,structures/mp-22094.cif
mp-22112,MP structure; K_eff from this work (DFT),Ba4Co2W2O12,225,0.0,0.1252,,0,1,structures/mp-22112.cif
mp-22168,MP structure; K_eff from this work (DFT),Mn2In4S8,227,0.0,0.1879,,0,1,structures/mp-22168.cif
mp-22221,MP structure; K_eff from this work (DFT),Mn1Cu2Sn1,225,0.0,0.748,,0,1,structures/mp-22221.cif
mp-22246,MP structure; K_eff from this work (DFT),Eu1Ti1O3,221,0.0,1.3661,,0,1,structures/mp-22246.cif
mp-22266,MP structure; K_eff from this work (DFT),Gd1B6,221,0.0,1.1556,,0,1,structures/mp-22266.cif
mp-22279,MP structure; K_eff from this work (DFT),Ba2Eu1Nb1O6,225,0.0,0.4341,,0,1,structures/mp-22279.cif
mp-22290,MP structure; K_eff from this work (DFT),Mn6Si7Ni16,225,0.0,0.8935,,0,1,structures/mp-22290.cif
mp-22300,MP structure; K_eff from this work (DFT),Fe1Co2Ge1,225,0.0,1.5073,,0,1,structures/mp-22300.cif
mp-22309,MP structure; K_eff from this work (DFT),Co4Se8,205,0.0,0.0572,,0,1,structures/mp-22309.cif
mp-22354,MP structure; K_eff from this work (DFT),Mn4Tl4O14,227,0.0,0.2873,,0,1,structures/mp-22354.cif
mp-22372,MP structure; K_eff from this work (DFT),Mn6Ni16P7,225,0.0,0.8452,,0,1,structures/mp-22372.cif
mp-22387,MP structure; K_eff from this work (DFT),U16N24,206,0.0,0.0569,,0,1,structures/mp-22387.cif
mp-22421,MP structure; K_eff from this work (DFT),Fe4Ge2O8,227,0.0,0.6337,,0,1,structures/mp-22421.cif
mp-22422,MP structure; K_eff from this work (DFT),Ce6Te8,220,0.0,0.1028,,0,1,structures/mp-22422.cif
mp-22441,MP structure; K_eff from this work (DFT),Ba2Mg1Re1O6,225,0.0,0.0851,,0,1,structures/mp-22441.cif
mp-22442,MP structure; K_eff from this work (DFT),Ba2Na1Os1O6,225,0.0,0.075,,0,1,structures/mp-22442.cif
mp-22470,MP structure; K_eff from this work (DFT),La1Fe4As12,204,0.0,0.0402,,0,1,structures/mp-22470.cif
mp-22502,MP structure; K_eff from this work (DFT),Mn3Ir1N1,221,0.0,1.7137,,0,1,structures/mp-22502.cif
mp-22568,MP structure; K_eff from this work (DFT),V6Ga2,223,0.0,0.2055,,0,1,structures/mp-22568.cif
mp-22584,MP structure; K_eff from this work (DFT),Li6Mn12O24,227,0.0,0.148,,0,1,structures/mp-22584.cif
mp-22592,MP structure; K_eff from this work (DFT),Ca1Ti4Cu3O12,204,0.0,0.1685,,0,1,structures/mp-22592.cif
mp-22605,MP structure; K_eff from this work (DFT),Cr4Cd2Se8,227,0.0,0.2207,,0,1,structures/mp-22605.cif
mp-22638,MP structure; K_eff from this work (DFT),Ni4Ge2O8,227,0.0,0.3357,,0,1,structures/mp-22638.cif
mp-22673,MP structure; K_eff from this work (DFT),Mn1In1Cu2,225,0.0,0.7595,,0,1,structures/mp-22673.cif
mp-22790,MP structure; K_eff from this work (DFT),V1Ga1Co2,225,0.0,0.4981,,0,1,structures/mp-22790.cif
mp-22793,MP structure; K_eff from this work (DFT),Al1Fe3C1,221,0.0,1.2608,,0,1,structures/mp-22793.cif
mp-22797,MP structure; K_eff from this work (DFT),Eu2Pt4,227,0.0,0.6972,,0,1,structures/mp-22797.cif
mp-22947,MP structure; K_eff from this work (DFT),K2Re1Cl6,225,0.0,0.146,,0,1,structures/mp-22947.cif
mp-2295,MP structure; K_eff from this work (DFT),Ca2Ni4,227,0.0,0.0558,,0,1,structures/mp-2295.cif
mp-23021,MP structure; K_eff from this work (DFT),K2Re1Br6,225,0.0,0.123,,0,1,structures/mp-23021.cif
mp-23051,MP structure; K_eff from this work (DFT),Nb4Se4I4,216,0.0,0.0178,,0,1,structures/mp-23051.cif
mp-23108,MP structure; K_eff from this work (DFT),Cs2Na1U1Cl6,225,0.0,0.1028,,0,1,structures/mp-23108.cif
mp-23175,MP structure; K_eff from this work (DFT),Nd8Bi6,220,0.0,0.0127,,0,1,structures/mp-23175.cif
mp-23187,MP structure; K_eff from this work (DFT),La8Bi6,220,0.0,0.0678,,0,1,structures/mp-23187.cif
mp-23196,MP structure; K_eff from this work (DFT),U6Bi8,220,0.0,0.198,,0,1,structures/mp-23196.cif
mp-23252,MP structure; K_eff from this work (DFT),Ce8Bi6,220,0.0,0.1734,,0,1,structures/mp-23252.cif
mp-23471,MP structure; K_eff from this work (DFT),K2Ru1Cl6,225,0.0,0.1008,,0,1,structures/mp-23471.cif
mp-23512,MP structure; K_eff from this work (DFT),Mn16Cl6O20,225,0.0,0.662,,0,1,structures/mp-23512.cif
mp-23533,MP structure; K_eff from this work (DFT),K2Os1Cl6,225,0.0,0.1002,,0,1,structures/mp-23533.cif
mp-23581,MP structure; K_eff from this work (DFT),Cr6B14Br2O26,219,0.0,0.3011,,0,1,structures/mp-23581.cif
mp-23628,MP structure; K_eff from this work (DFT),Co6B14I2O26,219,0.0,0.2281,,0,1,structures/mp-23628.cif
mp-24020,MP structure; K_eff from this work (DFT),K4V4H96S8O80,205,0.0,0.0123,,0,1,structures/mp-24020.cif
mp-24108,MP structure; K_eff from this work (DFT),Rb4Cr4H96S8O80,205,0.0,0.0183,,0,1,structures/mp-24108.cif
mp-24135,MP structure; K_eff from this work (DFT),Al4H72Ru4N24F24,205,0.0,0.0121,,0,1,structures/mp-24135.cif
mp-2423,MP structure; K_eff from this work (DFT),U1S1,225,0.0,0.7429,,0,1,structures/mp-2423.cif
mp-2439,MP structure; K_eff from this work (DFT),Zr1Ni5,216,0.0,0.2333,,0,1,structures/mp-2439.cif
mp-24447,MP structure; K_eff from this work (DFT),Fe4Co4H72N24Cl24,205,0.0,0.0406,,0,1,structures/mp-24447.cif
mp-24659,MP structure; K_eff from this work (DFT),U2H6,223,0.0,0.4673,,0,1,structures/mp-24659.cif
mp-2493,MP structure; K_eff from this work (DFT),Ce1N1,225,0.0,0.2688,,0,1,structures/mp-2493.cif
mp-2497,MP structure; K_eff from this work (DFT),Gd1Zn1,221,0.0,1.9768,,0,1,structures/mp-2497.cif
mp-25053,MP structure; K_eff from this work (DFT),Sr2Ni1Mo1O6,225,0.0,0.1858,,0,1,structures/mp-25053.cif
mp-2548,MP structure; K_eff from this work (DFT),Pu1As1,225,0.0,1.147,,0,1,structures/mp-2548.cif
mp-2573,MP structure; K_eff from this work (DFT),Np1Al3,221,0.0,0.5469,,0,1,structures/mp-2573.cif
mp-2593,MP structure; K_eff from this work (DFT),Al1Ni3,221,0.0,0.2446,,0,1,structures/mp-2593.cif
mp-2616,MP structure; K_eff from this work (DFT),Np1O2,225,0.0,0.8772,,0,1,structures/mp-2616.cif
mp-2622,MP structure; K_eff from this work (DFT),Pa6As8,220,0.0,0.1065,,0,1,structures/mp-2622.cif
mp-2636,MP structure; K_eff from this work (DFT),Gd1Mg1,221,0.0,1.6628,,0,1,structures/mp-2636.cif
mp-2658,MP structure; K_eff from this work (DFT),Al1Fe1,221,0.0,0.363,,0,1,structures/mp-2658.cif
mp-2665,MP structure; K_eff from this work (DFT),Pr2Ru4,227,0.0,0.0395,,0,1,structures/mp-2665.cif
mp-27125,MP structure; K_eff from this work (DFT),Na6Mn1Cl8,225,0.0,0.1693,,0,1,structures/mp-27125.cif
mp-27304,MP structure; K_eff from this work (DFT),K2Mn1Cl6,225,0.0,0.1547,,0,1,structures/mp-27304.cif
mp-2756,MP structure; K_eff from this work (DFT),Ce1Ag1,221,0.0,0.2211,,0,1,structures/mp-2756.cif
mp-27632,MP structure; K_eff from this work (DFT),K2Tc1Cl6,225,0.0,0.1475,,0,1,structures/mp-27632.cif
mp-27719,MP structure; K_eff from this work (DFT),Al4Cu2O8,227,0.0,0.089,,0,1,structures/mp-27719.cif
mp-27826,MP structure; K_eff from this work (DFT),K2Mo1Cl6,225,0.0,0.0981,,0,1,structures/mp-27826.cif
mp-27835,MP structure; K_eff from this work (DFT),K2Os1Br6,225,0.0,0.0845,,0,1,structures/mp-27835.cif
mp-27872,MP structure; K_eff from this work (DFT),Mg2Ti4O8,227,0.0,0.1467,,0,1,structures/mp-27872.cif
mp-27901,MP structure; K_eff from this work (DFT),K4Mn1Cl6,229,0.0,0.1605,,0,1,structures/mp-27901.cif
mp-28226,MP structure; K_eff from this work (DFT),Mn2Cr4O8,227,0.0,0.8488,,0,1,structures/mp-28226.cif
mp-28452,MP structure; K_eff from this work (DFT),Fe12W12N4,227,0.0,0.0576,,0,1,structures/mp-28452.cif
mp-28525,MP structure; K_eff from this work (DFT),Mn15Br6O20,225,0.0,1.2336,,0,1,structures/mp-28525.cif
mp-2863,MP structure; K_eff from this work (DFT),Ce1Cd3,225,0.0,0.1247,,0,1,structures/mp-2863.cif
mp-28651,MP structure; K_eff from this work (DFT),Cs2Ir1Cl6,225,0.0,0.0427,,0,1,structures/mp-28651.cif
mp-28692,MP structure; K_eff from this work (DFT),Cs2Cu1F6,225,0.0,0.0675,,0,1,structures/mp-28692.cif
mp-28828,MP structure; K_eff from this work (DFT),Li6Fe1Cl8,225,0.0,0.1696,,0,1,structures/mp-28828.cif
mp-2885,MP structure; K_eff from this work (DFT),Ga1Mo4S8,216,0.0,0.0491,,0,1,structures/mp-2885.cif
mp-29101,MP structure; K_eff from this work (DFT),Ce8Sb1Pd24,221,0.0,0.0664,,0,1,structures/mp-29101.cif
mp-2921,MP structure; K_eff from this work (DFT),Gd12Ga20O48,230,0.0,0.2476,,0,1,structures/mp-2921.cif
mp-29283,MP structure; K_eff from this work (DFT),Ca1Mn7O12,204,0.0,1.5783,,0,1,structures/mp-29283.cif
mp-29481,MP structure; K_eff from this work (DFT),Rb2W1Br6,225,0.0,0.0788,,0,1,structures/mp-29481.cif
mp-29556,MP structure; K_eff from this work (DFT),Tl2W1Cl6,225,0.0,0.097,,0,1,structures/mp-29556.cif
mp-29562,MP structure; K_eff from this work (DFT),Tl2Mo1Cl6,225,0.0,0.0974,,0,1,structures/mp-29562.cif
mp-3000,MP structure; K_eff from this work (DFT),Cr3Ga1N1,221,0.0,0.0772,,0,1,structures/mp-3000.cif
mp-30073,MP structure; K_eff from this work (DFT),La1Fe4Sb12,204,0.0,0.0304,,0,1,structures/mp-30073.cif
mp-30084,MP structure; K_eff from this work (DFT),Al4Fe2O8,227,0.0,0.3475,,0,1,structures/mp-30084.cif
mp-30227,MP structure; K_eff from this work (DFT),Rb2W1Cl6,225,0.0,0.0917,,0,1,structures/mp-30227.cif
mp-30234,MP structure; K_eff from this work (DFT),Cs2W1Cl6,225,0.0,0.0834,,0,1,structures/mp-30234.cif
mp-30338,MP structure; K_eff from this work (DFT),Y3Al1,221,0.0,0.1259,,0,1,structures/mp-30338.cif
mp-30419,MP structure; K_eff from this work (DFT),U1Sn1Au2,225,0.0,0.3639,,0,1,structures/mp-30419.cif
mp-30442,MP structure; K_eff from this work (DFT),Np2Be26,226,0.0,0.1784,,0,1,structures/mp-30442.cif
mp-30545,MP structure; K_eff from this work (DFT),Mg4V2O8,227,0.0,0.077,,0,1,structures/mp-30545.cif
mp-30555,MP structure; K_eff from this work (DFT),Ta1Ga1Co2,225,0.0,0.4511,,0,1,structures/mp-30555.cif
mp-30756,MP structure; K_eff from this work (DFT),La8Sn24Ru8,223,0.0,0.0019,,0,1,structures/mp-30756.cif
mp-30861,MP structure; K_eff from this work (DFT),Pu2Zn4,227,0.0,0.568,,0,1,structures/mp-30861.cif
mp-3088,MP structure; K_eff from this work (DFT),La1B1Rh3,221,0.0,0.0994,,0,1,structures/mp-3088.cif
mp-30889,MP structure; K_eff from this work (DFT),Ho4Ru4O14,227,0.0,0.0469,,0,1,structures/mp-30889.cif
mp-30902,MP structure; K_eff from this work (DFT),Er4Ru4O14,227,0.0,0.1778,,0,1,structures/mp-30902.cif
mp-31173,MP structure; K_eff from this work (DFT),Ce1Cd2Ag1,225,0.0,0.1198,,0,1,structures/mp-31173.cif
mp-31363,MP structure; K_eff from this work (DFT),K2Ta1Cl6,225,0.0,0.0484,,0,1,structures/mp-31363.cif
mp-31453,MP structure; K_eff from this work (DFT),Nb1Sb1Rh1,216,0.0,0.1777,,0,1,structures/mp-31453.cif
mp-3340,MP structure; K_eff from this work (DFT),Ta1Al1Co2,225,0.0,0.4492,,0,1,structures/mp-3340.cif
mp-33803,MP structure; K_eff from this work (DFT),Nd4Mo4O14,227,0.0,0.1618,,0,1,structures/mp-33803.cif
mp-3430,MP structure; K_eff from this work (DFT),Pr4Ru4O14,227,0.0,0.0421,,0,1,structures/mp-3430.cif
mp-3433,MP structure; K_eff from this work (DFT),Y1Mg1Ni4,216,0.0,0.0978,,0,1,structures/mp-3433.cif
mp-3464,MP structure; K_eff from this work (DFT),Fe1Si1Ru2,225,0.0,0.9395,,0,1,structures/mp-3464.cif
mp-3499,MP structure; K_eff from this work (DFT),Mn1Sb1Pd2,225,0.0,0.7317,,0,1,structures/mp-3499.cif
mp-35475,MP structure; K_eff from this work (DFT),Mn2V4O8,227,0.0,0.637,,0,1,structures/mp-35475.cif
mp-3574,MP structure; K_eff from this work (DFT),Mn1Al1Cu2,225,0.0,0.7863,,0,1,structures/mp-3574.cif
mp-3591,MP structure; K_eff from this work (DFT),Nd1B1Rh3,221,0.0,0.1118,,0,1,structures/mp-3591.cif
mp-3623,MP structure; K_eff from this work (DFT),Mn1Al1Co2,225,0.0,1.0617,,0,1,structures/mp-3623.cif
mp-36447,MP structure; K_eff from this work (DFT),Al4Co2O8,227,0.0,0.2651,,0,1,structures/mp-36447.cif
mp-3657,MP structure; K_eff from this work (DFT),Ti1Co2Si1,225,0.0,0.4993,,0,1,structures/mp-3657.cif
mp-371,MP structure; K_eff from this work (DFT),La3Tl1,221,0.0,0.1448,,0,1,structures/mp-371.cif
mp-3778,MP structure; K_eff from this work (DFT),Mg6Al36Cr4,227,0.0,0.0441,,0,1,structures/mp-3778.cif
mp-3861,MP structure; K_eff from this work (DFT),Al1Mo4S8,216,0.0,0.0493,,0,1,structures/mp-3861.cif
mp-387,MP structure; K_eff from this work (DFT),Ce1Sb1,225,0.0,0.1684,,0,1,structures/mp-387.cif
mp-392,MP structure; K_eff from this work (DFT),U6Sb8,220,0.0,0.1947,,0,1,structures/mp-392.cif
mp-4126,MP structure; K_eff from this work (DFT),K1U1O3,221,0.0,0.1467,,0,1,structures/mp-4126.cif
mp-4194,MP structure; K_eff from this work (DFT),Zn2Cr4S8,227,0.0,0.2795,,0,1,structures/mp-4194.cif
mp-4338,MP structure; K_eff from this work (DFT),Cr4Cd2S8,227,0.0,0.2569,,0,1,structures/mp-4338.cif
mp-4346,MP structure; K_eff from this work (DFT),Sr1Ru1O3,221,0.0,0.3681,,0,1,structures/mp-4346.cif
mp-4364,MP structure; K_eff from this work (DFT),Nb1Ga1Co2,225,0.0,0.4452,,0,1,structures/mp-4364.cif
mp-4409,MP structure; K_eff from this work (DFT),Cu2Rh4O8,227,0.0,0.0724,,0,1,structures/mp-4409.cif
mp-4474,MP structure; K_eff from this work (DFT),V4Ga1S8,216,0.0,0.2548,,0,1,structures/mp-4474.cif
mp-4492,MP structure; K_eff from this work (DFT),Mn1Co2Si1,225,0.0,1.3384,,0,1,structures/mp-4492.cif
mp-457,MP structure; K_eff from this work (DFT),Ce2Be26,226,0.0,0.0348,,0,1,structures/mp-457.cif
mp-4652,MP structure; K_eff from this work (DFT),Mn1Rh2Pb1,225,0.0,0.8489,,0,1,structures/mp-4652.cif
mp-4664,MP structure; K_eff from this work (DFT),Mn1Ge1Rh2,225,0.0,1.0586,,0,1,structures/mp-4664.cif
mp-4697,MP structure; K_eff from this work (DFT),Zn2Cr4Se8,227,0.0,0.2388,,0,1,structures/mp-4697.cif
mp-4704,MP structure; K_eff from this work (DFT),Y12Fe20O48,230,0.0,0.2942,,0,1,structures/mp-4704.cif
mp-472,MP structure; K_eff from this work (DFT),U2Al4,227,0.0,0.2778,,0,1,structures/mp-472.cif
mp-4922,MP structure; K_eff from this work (DFT),Mn1Al1Ni2,225,0.0,1.1798,,0,1,structures/mp-4922.cif
mp-4955,MP structure; K_eff from this work (DFT),Al1V1Co2,225,0.0,0.4985,,0,1,structures/mp-4955.cif
mp-4990,MP structure; K_eff from this work (DFT),Mn1Sn1Rh2,225,0.0,0.9544,,0,1,structures/mp-4990.cif
mp-5032,MP structure; K_eff from this work (DFT),La12Ru12O44,201,0.0,0.0224,,0,1,structures/mp-5032.cif
mp-504442,MP structure; K_eff from this work (DFT),U4Re7Si6,229,0.0,0.0986,,0,1,structures/mp-504442.cif
mp-504468,MP structure; K_eff from this work (DFT),Bi12Ru12O44,201,0.0,0.0119,,0,1,structures/mp-504468.cif
mp-504540,MP structure; K_eff from this work (DFT),Na22U10O32,208,0.0,0.1155,,0,1,structures/mp-504540.cif
mp-504603,MP structure; K_eff from this work (DFT),Cs2Tl1Fe1F6,225,0.0,0.282,,0,1,structures/mp-504603.cif
mp-504614,MP structure; K_eff from this work (DFT),Sm6Ga4Ni12,229,0.0,0.0272,,0,1,structures/mp-504614.cif
mp-504674,MP structure; K_eff from this work (DFT),Ba2Eu1Re1O6,225,0.0,0.5815,,0,1,structures/mp-504674.cif
mp-504699,MP structure; K_eff from this work (DFT),Ba2U1Fe1O6,225,0.0,0.4636,,0,1,structures/mp-504699.cif
mp-504714,MP structure; K_eff from this work (DFT),Ni6B14I2O26,219,0.0,0.1557,,0,1,structures/mp-504714.cif
mp-504731,MP structure; K_eff from this work (DFT),Eu1F2,225,0.0,1.6721,,0,1,structures/mp-504731.cif
mp-504753,MP structure; K_eff from this work (DFT),Cu12As4S13,217,0.0,0.0412,,0,1,structures/mp-504753.cif
mp-504776,MP structure; K_eff from this work (DFT),Ce6P17Pd6,217,0.0,0.1314,,0,1,structures/mp-504776.cif
mp-504778,MP structure; K_eff from this work (DFT),Na1Mo1F6,225,0.0,0.0825,,0,1,structures/mp-504778.cif
mp-504862,MP structure; K_eff from this work (DFT),Ti4Cd1Cu3O12,204,0.0,0.1686,,0,1,structures/mp-504862.cif
mp-504886,MP structure; K_eff from this work (DFT),Gd16O24,206,0.0,0.2587,,0,1,structures/mp-504886.cif
mp-504970,MP structure; K_eff from this work (DFT),U8H24,223,0.0,0.1151,,0,1,structures/mp-504970.cif
mp-505043,MP structure; K_eff from this work (DFT),Eu6Sb10O24,217,0.0,0.3108,,0,1,structures/mp-505043.cif
mp-505046,MP structure; K_eff from this work (DFT),Gd6Sb10O24,217,0.0,0.3823,,0,1,structures/mp-505046.cif
mp-505201,MP structure; K_eff from this work (DFT),Mn1Bi12O20,197,0.0,0.0639,,0,1,structures/mp-505201.cif
mp-505306,MP structure; K_eff from this work (DFT),Eu4Sn4O14,227,0.0,0.4792,,0,1,structures/mp-505306.cif
mp-505391,MP structure; K_eff from this work (DFT),Li6Co1Cl8,225,0.0,0.1283,,0,1,structures/mp-505391.cif
mp-505406,MP structure; K_eff from this work (DFT),Mo4P8O28,205,0.0,0.0394,,0,1,structures/mp-505406.cif
mp-505534,MP structure; K_eff from this work (DFT),Pu1B6,221,0.0,0.9167,,0,1,structures/mp-505534.cif
mp-505537,MP structure; K_eff from this work (DFT),Al3Co20B6,225,0.0,0.719,,0,1,structures/mp-505537.cif
mp-505544,MP structure; K_eff from this work (DFT),Co21B6Sb2,225,0.0,0.7237,,0,1,structures/mp-505544.cif
mp-505569,MP structure; K_eff from this work (DFT),Ce1H2,225,0.0,0.3028,,0,1,structures/mp-505569.cif
mp-505570,MP structure; K_eff from this work (DFT),Pa8H24,223,0.0,0.064,,0,1,structures/mp-505570.cif
mp-505571,MP structure; K_eff from this work (DFT),Mn3Sn1N1,221,0.0,0.5892,,0,1,structures/mp-505571.cif
mp-505572,MP structure; K_eff from this work (DFT),Al13Cr4Si4,216,0.0,0.0679,,0,1,structures/mp-505572.cif
mp-505623,MP structure; K_eff from this work (DFT),Al2Fe4O8,227,0.0,0.7147,,0,1,structures/mp-505623.cif
mp-505687,MP structure; K_eff from this work (DFT),P8W4O28,205,0.0,0.0412,,0,1,structures/mp-505687.cif
mp-505751,MP structure; K_eff from this work (DFT),Mn4In4O14,227,0.0,0.303,,0,1,structures/mp-505751.cif
mp-505781,MP structure; K_eff from this work (DFT),Mn1Ge1Pd2,225,0.0,0.792,,0,1,structures/mp-505781.cif
mp-505791,MP structure; K_eff from this work (DFT),Re1H8Br6N2,225,0.0,0.1224,,0,1,structures/mp-505791.cif
mp-510324,MP structure; K_eff from this work (DFT),Ce6Si4Ni12,229,0.0,0.1042,,0,1,structures/mp-510324.cif
mp-510376,MP structure; K_eff from this work (DFT),Ce1B1Rh3,221,0.0,0.0306,,0,1,structures/mp-510376.cif
mp-510380,MP structure; K_eff from this work (DFT),Mn3Cu1N1,221,0.0,1.4987,,0,1,structures/mp-510380.cif
mp-510401,MP structure; K_eff from this work (DFT),Gd1P1,225,0.0,1.7259,,0,1,structures/mp-510401.cif
mp-510402,MP structure; K_eff from this work (DFT),Gd1S1,225,0.0,1.8904,,0,1,structures/mp-510402.cif
mp-510486,MP structure; K_eff from this work (DFT),Ta12Al8Co4C4,227,0.0,0.0024,,0,1,structures/mp-510486.cif
mp-510570,MP structure; K_eff from this work (DFT),Ca1Mn4Cu3O12,204,0.0,0.8626,,0,1,structures/mp-510570.cif
mp-510604,MP structure; K_eff from this work (DFT),Mn32O48,206,0.0,0.1116,,0,1,structures/mp-510604.cif
mp-510624,MP structure; K_eff from this work (DFT),Sr1Fe1O3,221,0.0,0.8066,,0,1,structures/mp-510624.cif
mp-5124,MP structure; K_eff from this work (DFT),Mn1Ni2Sb1,225,0.0,0.8318,,0,1,structures/mp-5124.cif
mp-514,MP structure; K_eff from this work (DFT),Hf2Zn4,227,0.0,0.1246,,0,1,structures/mp-514.cif
mp-5149,MP structure; K_eff from this work (DFT),Nb1Al1Co2,225,0.0,0.4432,,0,1,structures/mp-5149.cif
mp-5323,MP structure; K_eff from this work (DFT),Ce1Al1O3,221,0.0,0.2189,,0,1,structures/mp-5323.cif
mp-532767,MP structure; K_eff from this work (DFT),K6Li1Fe24S26Cl1,221,0.0,0.0173,,0,1,structures/mp-532767.cif
mp-5396,MP structure; K_eff from this work (DFT),Mn1Co2Sb1,225,0.0,1.312,,0,1,structures/mp-5396.cif
mp-540735,MP structure; K_eff from this work (DFT),Cs2U1Br6,225,0.0,0.0663,,0,1,structures/mp-540735.cif
mp-541365,MP structure; K_eff from this work (DFT),Li1Eu1H3,221,0.0,1.5894,,0,1,structures/mp-541365.cif
mp-541595,MP structure; K_eff from this work (DFT),Co12W12N4,227,0.0,0.042,,0,1,structures/mp-541595.cif
mp-541753,MP structure; K_eff from this work (DFT),Cs2W1Br6,225,0.0,0.073,,0,1,structures/mp-541753.cif
mp-541851,MP structure; K_eff from this work (DFT),Ce2Ni21B6,225,0.0,0.0533,,0,1,structures/mp-541851.cif
mp-541852,MP structure; K_eff from this work (DFT),Co21Re2B6,225,0.0,0.9649,,0,1,structures/mp-541852.cif
mp-541940,MP structure; K_eff from this work (DFT),Cr6Si7Ni16,225,0.0,0.6111,,0,1,structures/mp-541940.cif
mp-542070,MP structure; K_eff from this work (DFT),Mn4N8O24,205,0.0,0.1304,,0,1,structures/mp-542070.cif
mp-542313,MP structure; K_eff from this work (DFT),Ce16O24,206,0.0,0.0333,,0,1,structures/mp-542313.cif
mp-542583,MP structure; K_eff from this work (DFT),Eu1Te1,225,0.0,1.1511,,0,1,structures/mp-542583.cif
mp-542727,MP structure; K_eff from this work (DFT),Cr2Co21B6,225,0.0,0.8252,,0,1,structures/mp-542727.cif
mp-542739,MP structure; K_eff from this work (DFT),Co21Sn2B6,225,0.0,0.7907,,0,1,structures/mp-542739.cif
mp-5436,MP structure; K_eff from this work (DFT),Fe1Co2Si1,225,0.0,1.5883,,0,1,structures/mp-5436.cif
mp-545735,MP structure; K_eff from this work (DFT),Ba2Nd1Ru1O6,225,0.0,0.2189,,0,1,structures/mp-545735.cif
mp-546936,MP structure; K_eff from this work (DFT),Co2Rh4O8,227,0.0,0.2275,,0,1,structures/mp-546936.cif
mp-5491,MP structure; K_eff from this work (DFT),Mn1Al1Au2,225,0.0,0.751,,0,1,structures/mp-5491.cif
mp-549970,MP structure; K_eff from this work (DFT),Ba2Zn1Re1O6,225,0.0,0.0842,,0,1,structures/mp-549970.cif
mp-550274,MP structure; K_eff from this work (DFT),Sr2Co1W1O6,225,0.0,0.2686,,0,1,structures/mp-550274.cif
mp-5515,MP structure; K_eff from this work (DFT),Li56Mn8N32,218,0.0,0.0275,,0,1,structures/mp-5515.cif
mp-551702,MP structure; K_eff from this work (DFT),Ba2Cd1Re1O6,225,0.0,0.0771,,0,1,structures/mp-551702.cif
mp-5529,MP structure; K_eff from this work (DFT),Mn1Fe2Si1,225,0.0,0.8197,,0,1,structures/mp-5529.cif
mp-553896,MP structure; K_eff from this work (DFT),K3Mo1F6,225,0.0,0.1923,,0,1,structures/mp-553896.cif
mp-554168,MP structure; K_eff from this work (DFT),K1Rb2Mo1F6,225,0.0,0.1752,,0,1,structures/mp-554168.cif
mp-554222,MP structure; K_eff from this work (DFT),Zr1Co1F6,225,0.0,0.2568,,0,1,structures/mp-554222.cif
mp-554252,MP structure; K_eff from this work (DFT),K2Na1Cr1F6,225,0.0,0.2334,,0,1,structures/mp-554252.cif
mp-554302,MP structure; K_eff from this work (DFT),Cs2Na1Mn1F6,225,0.0,0.265,,0,1,structures/mp-554302.cif
mp-554354,MP structure; K_eff from this work (DFT),Mn2Rh4O8,227,0.0,0.3643,,0,1,structures/mp-554354.cif
mp-554391,MP structure; K_eff from this work (DFT),Fe6B14I2O26,219,0.0,0.2977,,0,1,structures/mp-554391.cif
mp-554590,MP structure; K_eff from this work (DFT),Cu6B14Br2O26,219,0.0,0.0793,,0,1,structures/mp-554590.cif
mp-554638,MP structure; K_eff from this work (DFT),Ca4Ru4O14,227,0.0,0.2628,,0,1,structures/mp-554638.cif
mp-554770,MP structure; K_eff from this work (DFT),Sm4Mo4O14,227,0.0,0.1657,,0,1,structures/mp-554770.cif
mp-555123,MP structure; K_eff from this work (DFT),K1Mn1F3,221,0.0,0.7965,,0,1,structures/mp-555123.cif
mp-555403,MP structure; K_eff from this work (DFT),K3W1F6,225,0.0,0.19,,0,1,structures/mp-555403.cif
mp-555464,MP structure; K_eff from this work (DFT),K1Rb2Ni1F6,225,0.0,0.0661,,0,1,structures/mp-555464.cif
mp-555506,MP structure; K_eff from this work (DFT),Zr1Cr1F6,225,0.0,0.3241,,0,1,structures/mp-555506.cif
mp-555716,MP structure; K_eff from this work (DFT),Tm4Ru4O14,227,0.0,0.0476,,0,1,structures/mp-555716.cif
mp-555755,MP structure; K_eff from this work (DFT),Fe20Si12O48,230,0.0,0.3063,,0,1,structures/mp-555755.cif
mp-555775,MP structure; K_eff from this work (DFT),Mn6B14Br2O26,219,0.0,0.3669,,0,1,structures/mp-555775.cif
mp-555970,MP structure; K_eff from this work (DFT),Na1Tl2Mo1F6,225,0.0,0.2035,,0,1,structures/mp-555970.cif
mp-556264,MP structure; K_eff from this work (DFT),K1Rb2Cr1F6,225,0.0,0.2074,,0,1,structures/mp-556264.cif
mp-556320,MP structure; K_eff from this work (DFT),Cs2Na1Fe1F6,225,0.0,0.3584,,0,1,structures/mp-556320.cif
mp-556353,MP structure; K_eff from this work (DFT),Rb2Na1Ni1F6,225,0.0,0.0754,,0,1,structures/mp-556353.cif
mp-556424,MP structure; K_eff from this work (DFT),Rb1V1F3,221,0.0,0.4783,,0,1,structures/mp-556424.cif
mp-556487,MP structure; K_eff from this work (DFT),K2Na1Mo1F6,225,0.0,0.2122,,0,1,structures/mp-556487.cif
mp-556723,MP structure; K_eff from this work (DFT),Na12Fe8As12O48,230,0.0,0.1215,,0,1,structures/mp-556723.cif
mp-556757,MP structure; K_eff from this work (DFT),K2Na1Ni1F6,225,0.0,0.0803,,0,1,structures/mp-556757.cif
mp-556938,MP structure; K_eff from this work (DFT),Pr30Ti24Se58I8O25,225,0.0,0.0385,,0,1,structures/mp-556938.cif
mp-557133,MP structure; K_eff from this work (DFT),Cs2K1Mo1F6,225,0.0,0.1676,,0,1,structures/mp-557133.cif
mp-557257,MP structure; K_eff from this work (DFT),K1V1F3,221,0.0,0.4967,,0,1,structures/mp-557257.cif
mp-557324,MP structure; K_eff from this work (DFT),Cs2Cr1F6,225,0.0,0.1213,,0,1,structures/mp-557324.cif
mp-557397,MP structure; K_eff from this work (DFT),K2Mn1F6,225,0.0,0.2663,,0,1,structures/mp-557397.cif
mp-557411,MP structure; K_eff from this work (DFT),K1Rb2V1F6,225,0.0,0.1344,,0,1,structures/mp-557411.cif
mp-557533,MP structure; K_eff from this work (DFT),Cs2Tl1V1F6,225,0.0,0.1119,,0,1,structures/mp-557533.cif
mp-557684,MP structure; K_eff from this work (DFT),Er4V4O14,227,0.0,0.095,,0,1,structures/mp-557684.cif
mp-557686,MP structure; K_eff from this work (DFT),Zr1V1F6,225,0.0,0.2593,,0,1,structures/mp-557686.cif
mp-557903,MP structure; K_eff from this work (DFT),Lu4Ru4O14,227,0.0,0.1815,,0,1,structures/mp-557903.cif
mp-557912,MP structure; K_eff from this work (DFT),Cs2Mn1F6,225,0.0,0.1979,,0,1,structures/mp-557912.cif
mp-557958,MP structure; K_eff from this work (DFT),Cs2K1Ni1F6,225,0.0,0.062,,0,1,structures/mp-557958.cif
mp-558078,MP structure; K_eff from this work (DFT),Rb2Na1Fe1F6,225,0.0,0.3646,,0,1,structures/mp-558078.cif
mp-558111,MP structure; K_eff from this work (DFT),Rb2Mn1F6,225,0.0,0.2346,,0,1,structures/mp-558111.cif
mp-558131,MP structure; K_eff from this work (DFT),Sm4Tc4O14,227,0.0,0.2512,,0,1,structures/mp-558131.cif
mp-5584,MP structure; K_eff from this work (DFT),Ga1Mo4Se8,216,0.0,0.0427,,0,1,structures/mp-5584.cif
mp-558442,MP structure; K_eff from this work (DFT),Cr6B14I2O26,219,0.0,0.2977,,0,1,structures/mp-558442.cif
mp-558448,MP structure; K_eff from this work (DFT),Pr4Ir4O14,227,0.0,0.0813,,0,1,structures/mp-558448.cif
mp-558671,MP structure; K_eff from this work (DFT),Nd20Mo12O64,222,0.0,0.0084,,0,1,structures/mp-558671.cif
mp-558674,MP structure; K_eff from this work (DFT),K2Na1Fe1F6,225,0.0,0.3854,,0,1,structures/mp-558674.cif
mp-558749,MP structure; K_eff from this work (DFT),Rb1Mn1F3,221,0.0,0.7688,,0,1,structures/mp-558749.cif
mp-558895,MP structure; K_eff from this work (DFT),Cs2K1V1F6,225,0.0,0.1186,,0,1,structures/mp-558895.cif
mp-558960,MP structure; K_eff from this work (DFT),Dy4Tc4O14,,0.0,0.2547,,0,1,
mp-559450,MP structure; K_eff from this work (DFT),Fe4F12,227,0.0,0.2106,,0,1,structures/mp-559450.cif
mp-559454,MP structure; K_eff from this work (DFT),Cs2K1Fe1F6,225,0.0,0.2986,,0,1,structures/mp-559454.cif
mp-559750,MP structure; K_eff from this work (DFT),Lu12Fe20O48,230,0.0,0.3058,,0,1,structures/mp-559750.cif
mp-559926,MP structure; K_eff from this work (DFT),Pr1Mn4Cu3O12,204,0.0,0.897,,0,1,structures/mp-559926.cif
mp-560038,MP structure; K_eff from this work (DFT),Mn6B14I2O26,219,0.0,0.3629,,0,1,structures/mp-560038.cif
mp-560103,MP structure; K_eff from this work (DFT),Er12Fe20O48,230,0.0,0.3,,0,1,structures/mp-560103.cif
mp-5602,MP structure; K_eff from this work (DFT),Cr4Hg2Se8,227,0.0,0.2195,,0,1,structures/mp-5602.cif
mp-560329,MP structure; K_eff from this work (DFT),Ce4Zr4O14,227,0.0,0.0752,,0,1,structures/mp-560329.cif
mp-560671,MP structure; K_eff from this work (DFT),Rb2Na1V1F6,225,0.0,0.156,,0,1,structures/mp-560671.cif
mp-560710,MP structure; K_eff from this work (DFT),Cs2Tl1Mo1F6,225,0.0,0.1572,,0,1,structures/mp-560710.cif
mp-560878,MP structure; K_eff from this work (DFT),Rb2Co1F6,225,0.0,0.0788,,0,1,structures/mp-560878.cif
mp-560936,MP structure; K_eff from this work (DFT),Rb2Na1Cr1F6,225,0.0,0.2206,,0,1,structures/mp-560936.cif
mp-560956,MP structure; K_eff from this work (DFT),Cs2K1Cr1F6,225,0.0,0.1806,,0,1,structures/mp-560956.cif
mp-560963,MP structure; K_eff from this work (DFT),Rb2Na1Mo1F6,225,0.0,0.2035,,0,1,structures/mp-560963.cif
mp-560976,MP structure; K_eff from this work (DFT),K1Ni1F3,221,0.0,0.3621,,0,1,structures/mp-560976.cif
mp-561067,MP structure; K_eff from this work (DFT),K1Rb2Fe1F6,225,0.0,0.3166,,0,1,structures/mp-561067.cif
mp-561099,MP structure; K_eff from this work (DFT),Ba4Os6Cl1O18,197,0.0,0.0518,,0,1,structures/mp-561099.cif
mp-561461,MP structure; K_eff from this work (DFT),Cs2K1Mn1F6,225,0.0,0.2381,,0,1,structures/mp-561461.cif
mp-561515,MP structure; K_eff from this work (DFT),Sm1Mn4Cu3O12,204,0.0,0.9067,,0,1,structures/mp-561515.cif
mp-561520,MP structure; K_eff from this work (DFT),Cr6B14Cl2O26,219,0.0,0.3029,,0,1,structures/mp-561520.cif
mp-565814,MP structure; K_eff from this work (DFT),Fe16O24,206,0.0,0.2672,,0,1,structures/mp-565814.cif
mp-5670,MP structure; K_eff from this work (DFT),Li2Ti4O8,227,0.0,0.0449,,0,1,structures/mp-5670.cif
mp-567329,MP structure; K_eff from this work (DFT),Cr4Hg24As16Br28,205,0.0,0.0174,,0,1,structures/mp-567329.cif
mp-567370,MP structure; K_eff from this work (DFT),Ce6Se8,220,0.0,0.1257,,0,1,structures/mp-567370.cif
mp-567573,MP structure; K_eff from this work (DFT),Rb2U1Br6,225,0.0,0.0698,,0,1,structures/mp-567573.cif
mp-5676,MP structure; K_eff from this work (DFT),Mn1Sb1Pt1,216,0.0,0.7991,,0,1,structures/mp-5676.cif
mp-567942,MP structure; K_eff from this work (DFT),Cs2Re1Cl6,225,0.0,0.1263,,0,1,structures/mp-567942.cif
mp-567978,MP structure; K_eff from this work (DFT),Pa6P8,220,0.0,0.0413,,0,1,structures/mp-567978.cif
mp-567981,MP structure; K_eff from this work (DFT),Cr1Ga1Co2,225,0.0,0.7473,,0,1,structures/mp-567981.cif
mp-568285,MP structure; K_eff from this work (DFT),Np6As8,220,0.0,0.3313,,0,1,structures/mp-568285.cif
mp-568452,MP structure; K_eff from this work (DFT),Ce6Si22Pt46,225,0.0,0.0233,,0,1,structures/mp-568452.cif
mp-568757,MP structure; K_eff from this work (DFT),Hg24Mo4As16Cl28,205,0.0,0.0181,,0,1,structures/mp-568757.cif
mp-568841,MP structure; K_eff from this work (DFT),Np6Te8,220,0.0,0.353,,0,1,structures/mp-568841.cif
mp-568863,MP structure; K_eff from this work (DFT),Li4Eu8C4Br12N8,227,0.0,0.209,,0,1,structures/mp-568863.cif
mp-568914,MP structure; K_eff from this work (DFT),K2W1Cl6,225,0.0,0.098,,0,1,structures/mp-568914.cif
mp-569516,MP structure; K_eff from this work (DFT),Hf1Ni5,216,0.0,0.0479,,0,1,structures/mp-569516.cif
mp-569673,MP structure; K_eff from this work (DFT),Pr4I8,216,0.0,0.0105,,0,1,structures/mp-569673.cif
mp-569703,MP structure; K_eff from this work (DFT),Ce20Mg19Zn81,216,0.0,0.0493,,0,1,structures/mp-569703.cif
mp-569885,MP structure; K_eff from this work (DFT),Cs2Ta1Cl6,225,0.0,0.0416,,0,1,structures/mp-569885.cif
mp-570203,MP structure; K_eff from this work (DFT),Mn8Co8Sb8,225,0.0,0.1315,,0,1,structures/mp-570203.cif
mp-570290,MP structure; K_eff from this work (DFT),Mn1Tl1Cl3,221,0.0,0.4474,,0,1,structures/mp-570290.cif
mp-570928,MP structure; K_eff from this work (DFT),U4Ga12Rh1,229,0.0,0.3832,,0,1,structures/mp-570928.cif
mp-570990,MP structure; K_eff from this work (DFT),Cs2Mo1Cl6,225,0.0,0.0841,,0,1,structures/mp-570990.cif
mp-571084,MP structure; K_eff from this work (DFT),Mn4Br8,227,0.0,0.177,,0,1,structures/mp-571084.cif
mp-571513,MP structure; K_eff from this work (DFT),Rb2Nb1Cl6,225,0.0,0.0454,,0,1,structures/mp-571513.cif
mp-571648,MP structure; K_eff from this work (DFT),Rb2Mn1Cl6,225,0.0,0.1447,,0,1,structures/mp-571648.cif
mp-572,MP structure; K_eff from this work (DFT),Sm1Cd1,221,0.0,0.0919,,0,1,structures/mp-572.cif
mp-579496,MP structure; K_eff from this work (DFT),Fe3Pt1N1,221,0.0,1.7976,,0,1,structures/mp-579496.cif
mp-580140,MP structure; K_eff from this work (DFT),Nb6Co16Ge7,225,0.0,0.266,,0,1,structures/mp-580140.cif
mp-5802,MP structure; K_eff from this work (DFT),Mn20Si12O48,230,0.0,0.3111,,0,1,structures/mp-5802.cif
mp-580234,MP structure; K_eff from this work (DFT),Fe3Rh1N1,221,0.0,1.9689,,0,1,structures/mp-580234.cif
mp-580539,MP structure; K_eff from this work (DFT),Gd3Al1C1,221,0.0,2.0603,,0,1,structures/mp-580539.cif
mp-581301,MP structure; K_eff from this work (DFT),Li8Mg4Mn12O32,212,0.0,0.1815,,0,1,structures/mp-581301.cif
mp-582,MP structure; K_eff from this work (DFT),Ce2Ir4,227,0.0,0.0576,,0,1,structures/mp-582.cif
mp-582023,MP structure; K_eff from this work (DFT),La21Fe8Sb7C12,225,0.0,0.0453,,0,1,structures/mp-582023.cif
mp-582028,MP structure; K_eff from this work (DFT),Mn3Rh1N1,221,0.0,1.732,,0,1,structures/mp-582028.cif
mp-582883,MP structure; K_eff from this work (DFT),Pr21Fe8Bi7C12,225,0.0,0.0294,,0,1,structures/mp-582883.cif
mp-585476,MP structure; K_eff from this work (DFT),Cs14Np6Cl24O12,220,0.0,0.0256,,0,1,structures/mp-585476.cif
mp-5950,MP structure; K_eff from this work (DFT),Cd4Os4O14,227,0.0,0.0103,,0,1,structures/mp-5950.cif
mp-5979,MP structure; K_eff from this work (DFT),Mn3P6Pd20,225,0.0,0.3779,,0,1,structures/mp-5979.cif
mp-600124,MP structure; K_eff from this work (DFT),Mn1Ni1Sb1,216,0.0,0.9247,,0,1,structures/mp-600124.cif
mp-600480,MP structure; K_eff from this work (DFT),Y12Ni6Pb1,204,0.0,0.0562,,0,1,structures/mp-600480.cif
mp-601833,MP structure; K_eff from this work (DFT),Fe13Ge3,221,0.0,2.0299,,0,1,structures/mp-601833.cif
mp-604453,MP structure; K_eff from this work (DFT),Ce1Bi1Pd1,216,0.0,0.1448,,0,1,structures/mp-604453.cif
mp-606,MP structure; K_eff from this work (DFT),U6As8,220,0.0,0.2201,,0,1,structures/mp-606.cif
mp-6074,MP structure; K_eff from this work (DFT),K1Rb2Ti1F6,225,0.0,0.0617,,0,1,structures/mp-6074.cif
mp-607917,MP structure; K_eff from this work (DFT),La21Fe8Sn7C12,225,0.0,0.0295,,0,1,structures/mp-607917.cif
mp-610190,MP structure; K_eff from this work (DFT),Zr9In14Co7,225,0.0,0.0567,,0,1,structures/mp-610190.cif
mp-610706,MP structure; K_eff from this work (DFT),Cs2Co1F6,225,0.0,0.0672,,0,1,structures/mp-610706.cif
mp-6135,MP structure; K_eff from this work (DFT),Ba2Pr1Ir1O6,225,0.0,0.1479,,0,1,structures/mp-6135.cif
mp-6145,MP structure; K_eff from this work (DFT),Ba2Lu1Ru1O6,225,0.0,0.2398,,0,1,structures/mp-6145.cif
mp-614502,MP structure; K_eff from this work (DFT),Gd1,225,0.0,2.718,,0,1,structures/mp-614502.cif
mp-6153,MP structure; K_eff from this work (DFT),Na12Li12V8F48,230,0.0,0.0463,,0,1,structures/mp-6153.cif
mp-6172,MP structure; K_eff from this work (DFT),Al8Fe12Si12O48,230,0.0,0.1762,,0,1,structures/mp-6172.cif
mp-6178,MP structure; K_eff from this work (DFT),Cs2K1Ti1F6,225,0.0,0.0589,,0,1,structures/mp-6178.cif
mp-6186,MP structure; K_eff from this work (DFT),Al8Co12Si12O48,230,0.0,0.1355,,0,1,structures/mp-6186.cif
mp-620271,MP structure; K_eff from this work (DFT),Gd1Bi1Pt1,216,0.0,1.0628,,0,1,structures/mp-620271.cif
mp-622214,MP structure; K_eff from this work (DFT),Cs8Co8Mo12O48,198,0.0,0.0523,,0,1,structures/mp-622214.cif
mp-6239,MP structure; K_eff from this work (DFT),Mn12Fe8Si12O48,230,0.0,0.3402,,0,1,structures/mp-6239.cif
mp-624070,MP structure; K_eff from this work (DFT),Gd1In1Pd2,225,0.0,1.0376,,0,1,structures/mp-624070.cif
mp-6247,MP structure; K_eff from this work (DFT),Na12Li12Fe8F48,230,0.0,0.1168,,0,1,structures/mp-6247.cif
mp-6274,MP structure; K_eff from this work (DFT),Mn12Cr8Si12O48,230,0.0,0.2879,,0,1,structures/mp-6274.cif
mp-627439,MP structure; K_eff from this work (DFT),Mn3Ga1N1,221,0.0,1.9177,,0,1,structures/mp-627439.cif
mp-632715,MP structure; K_eff from this work (DFT),Cs3Ce1F6,225,0.0,0.0447,,0,1,structures/mp-632715.cif
mp-634945,MP structure; K_eff from this work (DFT),Eu2H6Ru1,225,0.0,1.5603,,0,1,structures/mp-634945.cif
mp-635426,MP structure; K_eff from this work (DFT),Gd1Au1,221,0.0,1.7712,,0,1,structures/mp-635426.cif
mp-636232,MP structure; K_eff from this work (DFT),Ce1In1Au2,225,0.0,0.1335,,0,1,structures/mp-636232.cif
mp-636279,MP structure; K_eff from this work (DFT),Eu1Pd3,221,0.0,1.0781,,0,1,structures/mp-636279.cif
mp-636287,MP structure; K_eff from this work (DFT),Eu3Ga4Ni4,217,0.0,1.1999,,0,1,structures/mp-636287.cif
mp-636953,MP structure; K_eff from this work (DFT),V6Si7Ni16,225,0.0,0.0826,,0,1,structures/mp-636953.cif
mp-637224,MP structure; K_eff from this work (DFT),Pu16O24,206,0.0,0.1767,,0,1,structures/mp-637224.cif
mp-637378,MP structure; K_eff from this work (DFT),Gd3In1N1,221,0.0,2.2007,,0,1,structures/mp-637378.cif
mp-639154,MP structure; K_eff from this work (DFT),Co23B6,225,0.0,1.4691,,0,1,structures/mp-639154.cif
mp-640345,MP structure; K_eff from this work (DFT),Cs2Mn1Fe1C6N6,225,0.0,0.0456,,0,1,structures/mp-640345.cif
mp-640776,MP structure; K_eff from this work (DFT),Ce4Sn25Pt12,204,0.0,0.0069,,0,1,structures/mp-640776.cif
mp-6414,MP structure; K_eff from this work (DFT),Ca12Cr8Si12O48,230,0.0,0.0807,,0,1,structures/mp-6414.cif
mp-641621,MP structure; K_eff from this work (DFT),U4Ga12Co1,229,0.0,0.3697,,0,1,structures/mp-641621.cif
mp-642273,MP structure; K_eff from this work (DFT),U6Fe16Si7C1,225,0.0,0.0103,,0,1,structures/mp-642273.cif
mp-642754,MP structure; K_eff from this work (DFT),Gd4Mo4O14,227,0.0,0.7568,,0,1,structures/mp-642754.cif
mp-642787,MP structure; K_eff from this work (DFT),Y4V4O14,227,0.0,0.0931,,0,1,structures/mp-642787.cif
mp-6428,MP structure; K_eff from this work (DFT),Ba2Y1Ru1O6,225,0.0,0.2316,,0,1,structures/mp-6428.cif
mp-642823,MP structure; K_eff from this work (DFT),Dy4V4O14,227,0.0,0.0932,,0,1,structures/mp-642823.cif
mp-6430,MP structure; K_eff from this work (DFT),Ba2Y1Re1O6,225,0.0,0.1531,,0,1,structures/mp-6430.cif
mp-644246,MP structure; K_eff from this work (DFT),Eu1H3Pd1,221,0.0,1.4851,,0,1,structures/mp-644246.cif
mp-644259,MP structure; K_eff from this work (DFT),Ti16Ni8H8,227,0.0,0.0483,,0,1,structures/mp-644259.cif
mp-645435,MP structure; K_eff from this work (DFT),Cu3Sn4Pb1O12,204,0.0,0.144,,0,1,structures/mp-645435.cif
mp-646,MP structure; K_eff from this work (DFT),Pr1Cd1,221,0.0,0.0905,,0,1,structures/mp-646.cif
mp-647152,MP structure; K_eff from this work (DFT),Cs4Er52Co8I96,205,0.0,0.0015,,0,1,structures/mp-647152.cif
mp-647164,MP structure; K_eff from this work (DFT),Cu12Sb4S13,217,0.0,0.0432,,0,1,structures/mp-647164.cif
mp-647205,MP structure; K_eff from this work (DFT),Sc2Ni21B6,225,0.0,0.0457,,0,1,structures/mp-647205.cif
mp-647363,MP structure; K_eff from this work (DFT),La21Fe8Bi7C12,225,0.0,0.014,,0,1,structures/mp-647363.cif
mp-647426,MP structure; K_eff from this work (DFT),Cs2Np1Br6,225,0.0,0.1002,,0,1,structures/mp-647426.cif
mp-647606,MP structure; K_eff from this work (DFT),Cu12Sb4S12,217,0.0,0.0059,,0,1,structures/mp-647606.cif
mp-6480,MP structure; K_eff from this work (DFT),Mn12Al8Si12O48,230,0.0,0.216,,0,1,structures/mp-6480.cif
mp-648774,MP structure; K_eff from this work (DFT),Zr48Cl120,230,0.0,0.0038,,0,1,structures/mp-648774.cif
mp-649213,MP structure; K_eff from this work (DFT),Th6Fe1Br15,229,0.0,0.0149,,0,1,structures/mp-649213.cif
mp-651682,MP structure; K_eff from this work (DFT),Cu6B14I2O26,219,0.0,0.0782,,0,1,structures/mp-651682.cif
mp-6531,MP structure; K_eff from this work (DFT),K8Mn8S12O48,198,0.0,0.1066,,0,1,structures/mp-6531.cif
mp-653429,MP structure; K_eff from this work (DFT),Mn14Fe2Cl6O20,225,0.0,0.6666,,0,1,structures/mp-653429.cif
mp-653631,MP structure; K_eff from this work (DFT),Ba8Na32Cu24F96,206,0.0,0.0163,,0,1,structures/mp-653631.cif
mp-653981,MP structure; K_eff from this work (DFT),Zr6Ni1Cl15,229,0.0,0.0228,,0,1,structures/mp-653981.cif
mp-6551,MP structure; K_eff from this work (DFT),Mg12Fe8Si12O48,230,0.0,0.1423,,0,1,structures/mp-6551.cif
mp-6609,MP structure; K_eff from this work (DFT),Ba2Ho1Ru1O6,225,0.0,0.2338,,0,1,structures/mp-6609.cif
mp-6621,MP structure; K_eff from this work (DFT),Ba2Er1Ru1O6,225,0.0,0.2353,,0,1,structures/mp-6621.cif
mp-6635,MP structure; K_eff from this work (DFT),Ba2Ca1Re1O6,225,0.0,0.0756,,0,1,structures/mp-6635.cif
mp-6670,MP structure; K_eff from this work (DFT),Cr8Fe12Si12O48,230,0.0,0.2524,,0,1,structures/mp-6670.cif
mp-6672,MP structure; K_eff from this work (DFT),Ca12Fe8Si12O48,230,0.0,0.1286,,0,1,structures/mp-6672.cif
mp-667353,MP structure; K_eff from this work (DFT),Rb12Ce8N36O108,213,0.0,0.0086,,0,1,structures/mp-667353.cif
mp-669554,MP structure; K_eff from this work (DFT),Mn12Si4Ni8,227,0.0,0.4257,,0,1,structures/mp-669554.cif
mp-6696,MP structure; K_eff from this work (DFT),K8Ti8P12O48,198,0.0,0.0113,,0,1,structures/mp-6696.cif
mp-669703,MP structure; K_eff from this work (DFT),Eu2Zn26,226,0.0,0.1764,,0,1,structures/mp-669703.cif
mp-670,MP structure; K_eff from this work (DFT),Nb2Co4,227,0.0,0.4935,,0,1,structures/mp-670.cif
mp-6700,MP structure; K_eff from this work (DFT),Mg12Cr8Si12O48,230,0.0,0.086,,0,1,structures/mp-6700.cif
mp-672191,MP structure; K_eff from this work (DFT),Ce1In1Ag2,225,0.0,0.1405,,0,1,structures/mp-672191.cif
mp-672275,MP structure; K_eff from this work (DFT),Ce3Ge6Pd20,225,0.0,0.064,,0,1,structures/mp-672275.cif
mp-672292,MP structure; K_eff from this work (DFT),Gd6Se8,220,0.0,0.742,,0,1,structures/mp-672292.cif
mp-672652,MP structure; K_eff from this work (DFT),Ta6Co16Ge7,225,0.0,0.2696,,0,1,structures/mp-672652.cif
mp-672661,MP structure; K_eff from this work (DFT),Ga1Fe3,225,0.0,1.4554,,0,1,structures/mp-672661.cif
mp-672702,MP structure; K_eff from this work (DFT),U1In1Ni4,216,0.0,0.0808,,0,1,structures/mp-672702.cif
mp-6739,MP structure; K_eff from this work (DFT),Ba2Ca1Os1O6,225,0.0,0.1545,,0,1,structures/mp-6739.cif
mp-680636,MP structure; K_eff from this work (DFT),Er2Al40Cr4,227,0.0,0.0358,,0,1,structures/mp-680636.cif
mp-6820,MP structure; K_eff from this work (DFT),Cu4Hg4S2F12,227,0.0,0.0721,,0,1,structures/mp-6820.cif
mp-684027,MP structure; K_eff from this work (DFT),Mg6Mn4Al36,227,0.0,0.0159,,0,1,structures/mp-684027.cif
mp-687205,MP structure; K_eff from this work (DFT),Tc4Pb4O12,227,0.0,0.0823,,0,1,structures/mp-687205.cif
mp-693,MP structure; K_eff from this work (DFT),Pr3Tl1,221,0.0,0.1279,,0,1,structures/mp-693.cif
mp-6933,MP structure; K_eff from this work (DFT),Mn1N1,225,0.0,1.9412,,0,1,structures/mp-6933.cif
mp-6968,MP structure; K_eff from this work (DFT),Cs2K1Cu1F6,225,0.0,0.1229,,0,1,structures/mp-6968.cif
mp-697076,MP structure; K_eff from this work (DFT),Ti12Zn12C4,227,0.0,0.0309,,0,1,structures/mp-697076.cif
mp-699489,MP structure; K_eff from this work (DFT),Cs4Ti4H96S8O80,205,0.0,0.0057,,0,1,structures/mp-699489.cif
mp-699888,MP structure; K_eff from this work (DFT),Na8Ti4Fe4P12O48,198,0.0,0.06,,0,1,structures/mp-699888.cif
mp-702,MP structure; K_eff from this work (DFT),Ce1Hg1,221,0.0,0.2825,,0,1,structures/mp-702.cif
mp-704100,MP structure; K_eff from this work (DFT),K20Na4Fe8C48O96,213,0.0,0.0442,,0,1,structures/mp-704100.cif
mp-704943,MP structure; K_eff from this work (DFT),Li8Mn12Zn4O32,198,0.0,0.1834,,0,1,structures/mp-704943.cif
mp-7070,MP structure; K_eff from this work (DFT),Mn3Pt1N1,221,0.0,2.0456,,0,1,structures/mp-7070.cif
mp-707854,MP structure; K_eff from this work (DFT),Cs4H96Ru4S8O80,205,0.0,0.006,,0,1,structures/mp-707854.cif
mp-7143,MP structure; K_eff from this work (DFT),Ba1Pu1O3,221,0.0,0.5545,,0,1,structures/mp-7143.cif
mp-721077,MP structure; K_eff from this work (DFT),Cs4Fe4H96Se8O80,205,0.0,0.0279,,0,1,structures/mp-721077.cif
mp-727512,MP structure; K_eff from this work (DFT),Cs4V4H96S8O80,205,0.0,0.0125,,0,1,structures/mp-727512.cif
mp-729050,MP structure; K_eff from this work (DFT),Rb4V4H96S8O80,205,0.0,0.0122,,0,1,structures/mp-729050.cif
mp-732003,MP structure; K_eff from this work (DFT),K12Be12B12P24O100,212,0.0,0.0123,,0,1,structures/mp-732003.cif
mp-7322,MP structure; K_eff from this work (DFT),Cs2U4O12,227,0.0,0.0339,,0,1,structures/mp-7322.cif
mp-734713,MP structure; K_eff from this work (DFT),Mo24P2O80,227,0.0,0.0102,,0,1,structures/mp-734713.cif
mp-746676,MP structure; K_eff from this work (DFT),Cs4Mn4H96S8O80,205,0.0,0.024,,0,1,structures/mp-746676.cif
mp-746702,MP structure; K_eff from this work (DFT),Cs4Fe4H96S8O80,205,0.0,0.0302,,0,1,structures/mp-746702.cif
mp-753222,MP structure; K_eff from this work (DFT),Fe4Co2O8,227,0.0,1.006,,0,1,structures/mp-753222.cif
mp-755041,MP structure; K_eff from this work (DFT),Tm4Mn4O14,227,0.0,0.2972,,0,1,structures/mp-755041.cif
mp-755572,MP structure; K_eff from this work (DFT),Eu1Nb1O3,221,0.0,1.2381,,0,1,structures/mp-755572.cif
mp-755882,MP structure; K_eff from this work (DFT),Mn2Al4O8,227,0.0,0.4249,,0,1,structures/mp-755882.cif
mp-759076,MP structure; K_eff from this work (DFT),Mn8H32S12N8O48,198,0.0,0.1062,,0,1,structures/mp-759076.cif
mp-771112,MP structure; K_eff from this work (DFT),Li8Mn12Ni4O32,212,0.0,0.2256,,0,1,structures/mp-771112.cif
mp-781625,MP structure; K_eff from this work (DFT),Ba1Os1O3,221,0.0,0.1866,,0,1,structures/mp-781625.cif
mp-787,MP structure; K_eff from this work (DFT),U6P8,220,0.0,0.2455,,0,1,structures/mp-787.cif
mp-7888,MP structure; K_eff from this work (DFT),Sr2Ho1Re1O6,225,0.0,0.1613,,0,1,structures/mp-7888.cif
mp-7889,MP structure; K_eff from this work (DFT),Sr2Y1Re1O6,225,0.0,0.1599,,0,1,structures/mp-7889.cif
mp-815,MP structure; K_eff from this work (DFT),Ga1Ni3,221,0.0,0.2545,,0,1,structures/mp-815.cif
mp-8343,MP structure; K_eff from this work (DFT),Na12Cr4P32O92,213,0.0,0.0209,,0,1,structures/mp-8343.cif
mp-8396,MP structure; K_eff from this work (DFT),Cs1Eu1F3,221,0.0,0.7517,,0,1,structures/mp-8396.cif
mp-849663,MP structure; K_eff from this work (DFT),Cs4Cr4H96S8O80,205,0.0,0.018,,0,1,structures/mp-849663.cif
mp-849751,MP structure; K_eff from this work (DFT),Cs4Co4H96S8O80,205,0.0,0.0248,,0,1,structures/mp-849751.cif
mp-8557,MP structure; K_eff from this work (DFT),Ba1Pa1O3,221,0.0,0.1285,,0,1,structures/mp-8557.cif
mp-863692,MP structure; K_eff from this work (DFT),Cs2Mn2C6N6,225,0.0,0.0451,,0,1,structures/mp-863692.cif
mp-865440,MP structure; K_eff from this work (DFT),U6Co12Ge4C1,229,0.0,0.2302,,0,1,structures/mp-865440.cif
mp-8688,MP structure; K_eff from this work (DFT),V4Ge1S8,216,0.0,0.2048,,0,1,structures/mp-8688.cif
mp-8689,MP structure; K_eff from this work (DFT),V4Ge1Se8,216,0.0,0.3121,,0,1,structures/mp-8689.cif
mp-9115,MP structure; K_eff from this work (DFT),Ba2Sr1Ir1O6,225,0.0,0.2143,,0,1,structures/mp-9115.cif
mp-9319,MP structure; K_eff from this work (DFT),Ba2Pr1Pt1O6,225,0.0,0.0724,,0,1,structures/mp-9319.cif
mp-940,MP structure; K_eff from this work (DFT),Gd1N1,225,0.0,2.6478,,0,1,structures/mp-940.cif
mp-9415,MP structure; K_eff from this work (DFT),Ba6Ni25S27,221,0.0,0.0258,,0,1,structures/mp-9415.cif
mp-943,MP structure; K_eff from this work (DFT),Co6S8,227,0.0,0.1629,,0,1,structures/mp-943.cif
mp-9612,MP structure; K_eff from this work (DFT),La12Ir12O44,201,0.0,0.0134,,0,1,structures/mp-9612.cif
mp-972,MP structure; K_eff from this work (DFT),Mn1Se1,225,0.0,1.4244,,0,1,structures/mp-972.cif
mp-976447,MP structure; K_eff from this work (DFT),Na1Cr1H8N2F6,225,0.0,0.2172,,0,1,structures/mp-976447.cif
mp-985556,MP structure; K_eff from this work (DFT),Cd12Ni12,227,0.0,0.0174,,0,1,structures/mp-985556.cif
mp-986,MP structure; K_eff from this work (DFT),Ce1Zn1,221,0.0,0.0962,,0,1,structures/mp-986.cif
mp-1070063,MP structure; K_eff from this work (DFT),Ce2Al6Au2,107,-0.1076697959974943,0.1102,0,1,0,structures/mp-1070063.cif
mp-1071536,MP structure; K_eff from this work (DFT),U2Sn2Au2,194,-34.516978988041004,0.2775,0,1,0,structures/mp-1071536.cif
mp-1078886,MP structure; K_eff from this work (DFT),Ce2Al4Au4,129,7.634285921434746,0.0599,1,1,1,structures/mp-1078886.cif
mp-1079868,MP structure; K_eff from this work (DFT),Ce3Al3Cu3,189,-18.2169226051899,0.0642,0,1,0,structures/mp-1079868.cif
mp-1080077,MP structure; K_eff from this work (DFT),U3Ga3Pt3,189,-0.0344599639324313,0.1566,0,1,0,structures/mp-1080077.cif
mp-11031,MP structure; K_eff from this work (DFT),Ce6Al42Au18,167,-0.0013063415404919,0.0186,0,1,0,structures/mp-11031.cif
mp-1190304,MP structure; K_eff from this work (DFT),V10Ga6,193,-0.3345763789136109,0.0699,0,1,0,structures/mp-1190304.cif
mp-13120,MP structure; K_eff from this work (DFT),Ce2Si6Ru2,107,15.069296194419024,0.105,1,1,1,structures/mp-13120.cif
mp-17977,MP structure; K_eff from this work (DFT),Fe36As15,155,-0.4428687927991295,1.2779,0,1,0,structures/mp-17977.cif
mp-7225,MP structure; K_eff from this work (DFT),Ce1Al2Pt3,191,0.0397318375261059,0.0935,1,1,1,structures/mp-7225.cif
mp-9600,MP structure; K_eff from this work (DFT),Cu8Ge4O16,141,0.6801405295753468,0.1338,1,1,1,structures/mp-9600.cif
mp-1069443,MP structure; K_eff from this work (DFT),Ce2Al6Cu2,107,9.004167816738333,0.1146,1,1,1,structures/mp-1069443.cif
mp-1077418,MP structure; K_eff from this work (DFT),U2Sb2Pd2,194,-25.971568578236585,0.2541,0,1,0,structures/mp-1077418.cif
mp-1078924,MP structure; K_eff from this work (DFT),Ce2Ni4Sb4,129,1.0413139977083623,0.0548,1,1,1,structures/mp-1078924.cif
mp-1079949,MP structure; K_eff from this work (DFT),U3Al3Pt3,189,-0.2986733991172373,0.1579,0,1,0,structures/mp-1079949.cif
mp-1087471,MP structure; K_eff from this work (DFT),Fe2Cu4Ge2Se8,121,-0.7865769292214116,0.2555,0,1,0,structures/mp-1087471.cif
mp-1103983,MP structure; K_eff from this work (DFT),U1Co6Ge6,191,0.2003627781774058,0.0259,1,1,1,structures/mp-1103983.cif
mp-1104243,MP structure; K_eff from this work (DFT),Th2Mn8Al16,139,0.2409830778798811,0.4647,1,1,1,structures/mp-1104243.cif
mp-11769,MP structure; K_eff from this work (DFT),Co2Cu4Si2S8,121,-0.3308490686884848,0.2468,0,1,0,structures/mp-11769.cif
mp-1201626,MP structure; K_eff from this work (DFT),Al6Co2W18C6,194,-1.4189560645457422,0.0178,0,1,0,structures/mp-1201626.cif
mp-20470,MP structure; K_eff from this work (DFT),Gd2O3,164,-0.1348871961288706,2.3,0,1,0,structures/mp-20470.cif
mp-22130,MP structure; K_eff from this work (DFT),Ti1Fe6Ge6,191,1.7187054156855084,0.7235,1,1,1,structures/mp-22130.cif
mp-27637,MP structure; K_eff from this work (DFT),Ni3Br6,166,-0.0285060782015523,0.3065,0,1,0,structures/mp-27637.cif
mp-3566,MP structure; K_eff from this work (DFT),Ce2Si4Ru4,139,0.0121159010706829,0.1176,1,1,1,structures/mp-3566.cif
mp-510280,MP structure; K_eff from this work (DFT),Ce2Ag2Sb4,129,1.16850980867385,0.0449,1,1,1,structures/mp-510280.cif
mp-556502,MP structure; K_eff from this work (DFT),K8Ni4P8W4O40,92,-0.0517919739937411,0.0249,0,1,0,structures/mp-556502.cif
mp-645301,MP structure; K_eff from this work (DFT),K8Co4P8W4O40,92,1.5292305397896857,0.0369,1,1,1,structures/mp-645301.cif
mp-7072,MP structure; K_eff from this work (DFT),Th2Co4Si4,139,0.0,0.2251,1,1,1,structures/mp-7072.cif
mp-7101,MP structure; K_eff from this work (DFT),Ce1Al2Ge2,164,0.1036022887564417,0.1094,1,1,1,structures/mp-7101.cif
mp-864931,MP structure; K_eff from this work (DFT),Mg4Co8,194,0.1016435127165662,0.2316,1,1,1,structures/mp-864931.cif
mp-1079254,MP structure; K_eff from this work (DFT),Co6As3,189,2.254357249017348,0.1147,1,1,1,structures/mp-1079254.cif
mp-1095158,MP structure; K_eff from this work (DFT),Hf3Ga3Co3,189,-0.1872260580456568,0.0399,0,1,0,structures/mp-1095158.cif
mp-1188620,MP structure; K_eff from this work (DFT),Nb6Ni2Se12,182,0.3934528141668313,0.0457,1,1,1,structures/mp-1188620.cif
mp-1189023,MP structure; K_eff from this work (DFT),Cr8Se12,163,0.0545596833252072,0.1708,1,1,1,structures/mp-1189023.cif
mp-16316,MP structure; K_eff from this work (DFT),Co30As12,185,1.270124908150735,0.1001,1,1,1,structures/mp-16316.cif
mp-16511,MP structure; K_eff from this work (DFT),Mn6Al20,194,0.0251621193728174,0.162,1,1,1,structures/mp-16511.cif
mp-20970,MP structure; K_eff from this work (DFT),Na2Mn2Sb2,129,-0.1165543745533093,0.3158,0,1,0,structures/mp-20970.cif
mp-27505,MP structure; K_eff from this work (DFT),Fe18Sn12,166,-0.3448430811820152,0.5178,0,1,0,structures/mp-27505.cif
mp-28013,MP structure; K_eff from this work (DFT),Mn1I2,164,0.0529284210240489,0.542,1,1,1,structures/mp-28013.cif
mp-571438,MP structure; K_eff from this work (DFT),Be24V2,139,-0.0444970495868358,0.0584,0,1,0,structures/mp-571438.cif
mp-6498,MP structure; K_eff from this work (DFT),Co2Cu4Ge2S8,121,0.0430559372484173,0.2376,1,1,1,structures/mp-6498.cif
